item_id,post_url,post_uri,post_cid,author_handle,author_did,post_datetime,text,post_type,parent_post_uri,root_post_uri,language,like_count,repost_count,reply_count,quote_count,collector,collection_datetime,search_term_or_method_that_surfaced_it,Has_image,detected_language,engagement_as_of_datetime,enrichment_status,Has_relevant_replies,Seems_relevant_to_collector,source_item_id,snowball_depth,snowball_edge_type
1,https://bsky.app/profile/mdruker.app/post/3moy3relwmk2q,at://did:plc:f6yekxxpke7gyas3d7qeipty/app.bsky.feed.post/3moy3relwmk2q,bafyreidmpvjamb54kzlvbfar54kkh5un2zgqk2qh5qzxand52w5nc253qi,mdruker.app,did:plc:f6yekxxpke7gyas3d7qeipty,2026-06-23T19:04:45.714Z,"Do yourself a favour and subscribe to this labeler, it’s super useful for better understanding what kind of accounts you’re interacting with: @stechlab-labels.bsky.social",post,,,en,6,0,2,0,official mention,2026-06-26T14:05:00.228985+00:00,stechlab-labels.bsky.social,False,en,2026-06-26T14:06:34.776511+00:00,ok,,,,,
2,https://bsky.app/profile/cybercod.bsky.social/post/3mouyoxp73m2p,at://did:plc:yytz6pkrybuult75bykqhxn6/app.bsky.feed.post/3mouyoxp73m2p,bafyreifhp4ts23t7at6n6ghfpjqefuiy4yto32tnifwv3ch4ju4xwyv4cq,cybercod.bsky.social,did:plc:yytz6pkrybuult75bykqhxn6,2026-06-22T13:31:44.606516+00:00,Great tip! Automated behavioral analysis is a huge help for situational awareness. I’ll definitely check out @stechlab-labels.bsky.social—it sounds like a solid way to spot anomalies at a glance. Thanks for the recommendation!,reply,at://did:plc:c6te24qg5hx54qgegqylpqkx/app.bsky.feed.post/3motishflhk2g,at://did:plc:7jhguqneakum7yhv4wt3kwfi/app.bsky.feed.post/3mot5nqvjbc2l,en,0,0,0,0,official mention,2026-06-26T14:05:00.228985+00:00,stechlab-labels.bsky.social,False,en,2026-06-26T14:06:34.776511+00:00,ok,,,,,
3,https://bsky.app/profile/y2k.bsky.social/post/3motnaliilc2s,at://did:plc:mejjela4pax4sinutor7au4u/app.bsky.feed.post/3motnaliilc2s,bafyreicvszrss6xrrsotjiybjuh4vtx3kd4rxuouinktgnfz33nito5pbe,y2k.bsky.social,did:plc:mejjela4pax4sinutor7au4u,2026-06-22T00:34:11.177Z,@stechlab-labels.bsky.social,reply,at://did:plc:fd3hafrogxfdpzqh7tc4mvvy/app.bsky.feed.post/3motm4anass27,at://did:plc:fd3hafrogxfdpzqh7tc4mvvy/app.bsky.feed.post/3motm4anass27,en,1,0,1,0,official mention,2026-06-26T14:05:00.228985+00:00,stechlab-labels.bsky.social,False,unknown,2026-06-26T14:06:34.776511+00:00,ok,,,,,
4,https://bsky.app/profile/metaflame.dev/post/3motishflhk2g,at://did:plc:c6te24qg5hx54qgegqylpqkx/app.bsky.feed.post/3motishflhk2g,bafyreiedwjuwzph4twclujkmg4vt55s55x5bdry5gczkjxvp4b5hsmjlsy,metaflame.dev,did:plc:c6te24qg5hx54qgegqylpqkx,2026-06-21T23:14:42.140Z,"I highly recommend the account activity labeler, @stechlab-labels.bsky.social
it can help quickly indicate if an account behaves in an unusual way (e.g. a significant number of replies per day)",reply,at://did:plc:cdgrfboghw7qijnegwnjxqxl/app.bsky.feed.post/3mot7uvk6gcmu,at://did:plc:7jhguqneakum7yhv4wt3kwfi/app.bsky.feed.post/3mot5nqvjbc2l,en,4,0,2,0,official mention,2026-06-26T14:05:00.228985+00:00,stechlab-labels.bsky.social,False,en,2026-06-26T14:06:34.776511+00:00,ok,,,,,
5,https://bsky.app/profile/del.winters.rodeo/post/3motdsljuy22e,at://did:plc:gq5kznnsbf7jcb3a7jb7cpgp/app.bsky.feed.post/3motdsljuy22e,bafyreicjmyvlxyv7c2s2wpwhicjgljeyg4nntxxi4xkjqofixyi23jkzf4,del.winters.rodeo,did:plc:gq5kznnsbf7jcb3a7jb7cpgp,2026-06-21T21:45:17.780Z,More people should use the @skywatch.blue and @stechlab-labels.bsky.social labelers and limit the reach of these accounts @musicologyduck.bsky.social,quote,,,en,2,0,0,0,official mention,2026-06-26T14:05:00.228985+00:00,stechlab-labels.bsky.social,False,en,2026-06-26T14:06:34.776511+00:00,ok,,,,,
6,https://bsky.app/profile/tbone.malware-virus.biz/post/3mosuiplj4224,at://did:plc:yjl44ckrkaif35o6jfl767vp/app.bsky.feed.post/3mosuiplj4224,bafyreihypegkr4plk5b7okw44woidw57ucc6hsnyz67seij4ybc4j3pxgm,tbone.malware-virus.biz,did:plc:yjl44ckrkaif35o6jfl767vp,2026-06-21T17:11:20.360Z,@stechlab-labels.bsky.social,reply,at://did:plc:qa2jk3w7bcvw7adyucor3nfb/app.bsky.feed.post/3mostgixnis2j,at://did:plc:xy6tjlsgcxht6wvubvmg6nop/app.bsky.feed.post/3mosrjn4dws2n,en,4,0,0,0,official mention,2026-06-26T14:05:00.228985+00:00,stechlab-labels.bsky.social,False,unknown,2026-06-26T14:06:34.776511+00:00,ok,,,,,
7,https://bsky.app/profile/woofymcgrrr.bsky.social/post/3mopqxyajbs2k,at://did:plc:pkqm7egeyg6rngsviiarl5ql/app.bsky.feed.post/3mopqxyajbs2k,bafyreicg3nlt6q2ocalwgycgp45q7qrgyqd6iqpsasbrrtud2on7mntkje,woofymcgrrr.bsky.social,did:plc:pkqm7egeyg6rngsviiarl5ql,2026-06-20T11:30:18.571Z,"This looks like a useful subscription to ferret out bot-like posting: frequent profile changes, always posting/replying, etc etc etc

@stechlab-labels.bsky.social",post,,,en,18,0,2,0,official mention,2026-06-26T14:05:00.228985+00:00,stechlab-labels.bsky.social,False,en,2026-06-26T14:06:34.776511+00:00,ok,,,,,
8,https://bsky.app/profile/xan.lol/post/3momxcy5g3222,at://did:plc:q7suwaz53ztc4mbiqyygbn43/app.bsky.feed.post/3momxcy5g3222,bafyreibrgt4woiw5dfejf5nprzl4a5ivxleoltbe2ofdty7wo3on2ofi6q,xan.lol,did:plc:q7suwaz53ztc4mbiqyygbn43,2026-06-19T08:45:50.805Z,u could subscribe to @stechlab-labels.bsky.social to get even more lol,reply,at://did:plc:asb3rgscdkkv636buq6blof6/app.bsky.feed.post/3momwsbtgdc2s,at://did:plc:asb3rgscdkkv636buq6blof6/app.bsky.feed.post/3momwsbtgdc2s,en,1,0,0,0,official mention,2026-06-26T14:05:00.228985+00:00,stechlab-labels.bsky.social,False,en,2026-06-26T14:06:34.776511+00:00,ok,,,,,
9,https://bsky.app/profile/aryafairywren.bsky.social/post/3momxc4tcfc2a,at://did:plc:zuehanbjit66bbnnew2ccaoi/app.bsky.feed.post/3momxc4tcfc2a,bafyreicmqzhuivguhla4z4ehqazblduduyom6qquh4rdohslcjb252zhfi,aryafairywren.bsky.social,did:plc:zuehanbjit66bbnnew2ccaoi,2026-06-19T08:45:22.162Z,@stechlab-labels.bsky.social iirc!,reply,at://did:plc:dyacnhqkudufbovpol3xx7h6/app.bsky.feed.post/3momwxurfrk2q,at://did:plc:butcwdww4sfcby62r3q6ixag/app.bsky.feed.post/3momv7zj3jk2b,en,4,0,1,0,official mention,2026-06-26T14:05:00.228985+00:00,stechlab-labels.bsky.social,False,unknown,2026-06-26T14:06:34.776511+00:00,ok,,,,,
10,https://bsky.app/profile/byarielm.fyi/post/3mom2jdnvf22j,at://did:plc:6i6n57nrkq6xavqbdo6bvkqr/app.bsky.feed.post/3mom2jdnvf22j,bafyreicbqkvaxrkp4rytmuxl3ve4bhm5ckuycyjyj7daivnexkgfald4le,byarielm.fyi,did:plc:6i6n57nrkq6xavqbdo6bvkqr,2026-06-19T00:10:25.690Z,"@stechlab-labels.bsky.social idea: label for users that post but don’t interact / don’t reply 

insert numbers etc etc",reply,at://did:plc:dy6ekftqerqu5bcz76kgy6ux/app.bsky.feed.post/3molts63uy22x,at://did:plc:i6y3jdklpvkjvynvsrnqfdoq/app.bsky.feed.post/3mollshmtek2o,en,4,0,0,0,official mention,2026-06-26T14:05:00.228985+00:00,stechlab-labels.bsky.social,False,en,2026-06-26T14:06:34.776511+00:00,ok,,,,,
11,https://bsky.app/profile/katie.bzky.team/post/3moiqixypdk2e,at://did:plc:ywbm3iywnhzep3ckt6efhoh7/app.bsky.feed.post/3moiqixypdk2e,bafyreig4ssx3ep4tjwq3wj7wkdbicoauriif426zlune6irpzz6xnbgkye,katie.bzky.team,did:plc:ywbm3iywnhzep3ckt6efhoh7,2026-06-17T16:33:16.831Z,@stechlab-labels.bsky.social y'all might have your shit busted,reply,at://did:plc:vm7gxmjt6xbvr75jz7gqbmfr/app.bsky.feed.post/3moipxh4y6s26,at://did:plc:ywbm3iywnhzep3ckt6efhoh7/app.bsky.feed.post/3mohpj56gb22p,en,1,0,1,0,official mention,2026-06-26T14:05:00.228985+00:00,stechlab-labels.bsky.social,False,en,2026-06-26T14:06:34.776511+00:00,ok,,,,,
12,https://bsky.app/profile/kissane.myatproto.social/post/3mogxtmbvfs2l,at://did:plc:qrt5rykojeg5sbsajbu4zdke/app.bsky.feed.post/3mogxtmbvfs2l,bafyreifo6h5672xtbdyzvsnrf7ovdyrivqav7jwqgksnjqdukdb2f3575y,kissane.myatproto.social,did:plc:qrt5rykojeg5sbsajbu4zdke,2026-06-16T23:39:10.361Z,"Anyway! If a stranger pops into your replies and weirdly restates your post with a gooey lil semi-insight, it might be a human but probably not. 

@stechlab-labels.bsky.social labelers are like They Live goggles for spotting dumb automation, highest recommend.",quote,,,en,55,12,2,1,official mention,2026-06-26T14:05:00.228985+00:00,stechlab-labels.bsky.social,False,en,2026-06-26T14:06:34.776511+00:00,ok,,,,,
13,https://bsky.app/profile/mrhappyonbsky.eurosky.social/post/3mo742y46j223,at://did:plc:jt7gzhduaswkv52mqq4phye6/app.bsky.feed.post/3mo742y46j223,bafyreid7iftsjr7ofymlh5mfqazqni6su6jp6c7hpmxzxajb7l4xypex3m,mrhappyonbsky.eurosky.social,did:plc:jt7gzhduaswkv52mqq4phye6,2026-06-13T20:33:34.699Z,"+1

(also managed to get labelled with ""No break greater than 4 hrs"" by @stechlab-labels.bsky.social at least once in the past 30 days 😬)",reply,at://did:plc:oio4hkxaop4ao4wz2pp3f4cr/app.bsky.feed.post/3mo72kswqck2v,at://did:plc:oio4hkxaop4ao4wz2pp3f4cr/app.bsky.feed.post/3mo72kswqck2v,en,2,0,2,0,official mention,2026-06-26T14:05:00.228985+00:00,stechlab-labels.bsky.social,False,en,2026-06-26T14:06:34.776511+00:00,ok,,,,,
14,https://bsky.app/profile/hexadecibelle.fyi/post/3mo5qmkpm522n,at://did:plc:d7ngvhti66ppiser2eplbpw6/app.bsky.feed.post/3mo5qmkpm522n,bafyreib5prd2sfirisxvjz2637g3arntvsr5fu52pfhfoaixuybu633eky,hexadecibelle.fyi,did:plc:d7ngvhti66ppiser2eplbpw6,2026-06-13T07:35:59.996Z,"i like the way the “made over 25 replies yesterday”, “made over 50 replies yesterday” etc. labels (from @stechlab-labels.bsky.social) stack, it’s like you’re trying to high score off a combo",post,,,en,8,0,2,0,official mention,2026-06-26T14:05:00.228985+00:00,stechlab-labels.bsky.social,False,en,2026-06-26T14:06:34.776511+00:00,ok,,,,,
15,https://bsky.app/profile/writingmonicker.bsky.social/post/3mo25r75nu22c,at://did:plc:tpp5ed3s5tsu5y2ns55dn7td/app.bsky.feed.post/3mo25r75nu22c,bafyreic5impo7kre2ut5wa5monyhlbv2gd23rpzukb3v27krpvs24v72z4,writingmonicker.bsky.social,did:plc:tpp5ed3s5tsu5y2ns55dn7td,2026-06-11T21:20:35.336Z,"I found out about this labeler @stechlab-labels.bsky.social  yesterday, which can show you if an account mass unfollows people or posts the same url repeatedly.

But it also has settings for seeing who posts and replies over 30 times a day which feels like a ""gotcha.""",post,,,en,0,0,0,0,official mention,2026-06-26T14:05:00.228985+00:00,stechlab-labels.bsky.social,False,en,2026-06-26T14:06:34.776511+00:00,ok,,,,,
16,https://bsky.app/profile/mdruker.app/post/3mnzmckff322p,at://did:plc:f6yekxxpke7gyas3d7qeipty/app.bsky.feed.post/3mnzmckff322p,bafyreiaqr3bn3ox777rq7yhvg6tkqacxknllyh5bkf2v2yydwmlfvkhpba,mdruker.app,did:plc:f6yekxxpke7gyas3d7qeipty,2026-06-11T16:08:10.196Z,These labels are incredibly helpful and come from @stechlab-labels.bsky.social,reply,at://did:plc:vs5ulnsuc6aiqaq7ffw5to7i/app.bsky.feed.post/3mnzmb5zli22e,at://did:plc:f6yekxxpke7gyas3d7qeipty/app.bsky.feed.post/3mnzip3d3622q,en,1,0,0,1,official mention,2026-06-26T14:05:00.228985+00:00,stechlab-labels.bsky.social,False,en,2026-06-26T14:06:34.776511+00:00,ok,,,,,
17,https://bsky.app/profile/ourboldhero.bsky.social/post/3mnv3mue5gc2g,at://did:plc:fk4vwqj2ru5m46ik4xcpnolh/app.bsky.feed.post/3mnv3mue5gc2g,bafyreiguqgbsf7n7ohkqdu4c4mrw6yy3arwezwbkaab5rk5klsjh4pli24,ourboldhero.bsky.social,did:plc:fk4vwqj2ru5m46ik4xcpnolh,2026-06-09T20:59:03.619Z,"Really enjoying the Account Activity Labeler not just as a way to hide bots and instigators, but  also because it lets me know with its yellow icons when an account I like is just, having a day @stechlab-labels.bsky.social",post,,,en,0,0,0,0,official mention,2026-06-26T14:05:00.228985+00:00,stechlab-labels.bsky.social,False,en,2026-06-26T14:06:34.776511+00:00,ok,,,,,
18,https://bsky.app/profile/bmgn.rs/post/3mnrrve5o322t,at://did:plc:ckgbnvqxh6oqx2zkyggoeswc/app.bsky.feed.post/3mnrrve5o322t,bafyreifhy2y3vg3ir4iojpdsmx36eeybsvgct3w2qnuaskofhaajtdlh7i,bmgn.rs,did:plc:ckgbnvqxh6oqx2zkyggoeswc,2026-06-08T13:26:51.981Z,"Der Labeler von @stechlab-labels.bsky.social funktioniert wunderbar, um Fake-Accounts auf einen Blick zu entlarven.",post,,,de,3,0,1,0,official mention,2026-06-26T14:05:00.228985+00:00,stechlab-labels.bsky.social,True,de,2026-06-26T14:06:34.776511+00:00,ok,,,,,
19,https://bsky.app/profile/drunk.moe/post/3mnb32veydk2m,at://did:plc:dadnngq7hpnuglhxm556wgzi/app.bsky.feed.post/3mnb32veydk2m,bafyreibmpqdjpu6bvnjx5du5vjwxejiijaz3pe4uu45kki5mx5bygzwrzi,drunk.moe,did:plc:dadnngq7hpnuglhxm556wgzi,2026-06-01T21:55:45.950Z,@stechlab-labels.bsky.social gently rubs your cores,post,,,en,11,0,2,1,official mention,2026-06-26T14:05:00.228985+00:00,stechlab-labels.bsky.social,False,en,2026-06-26T14:06:34.776511+00:00,ok,,,,,
20,https://bsky.app/profile/gracekind.net/post/3mmwrim3w3b2m,at://did:plc:p572wxnsuoogcrhlfrlizlrb/app.bsky.feed.post/3mmwrim3w3b2m,bafyreigwcvro7o6ona3v6pauqt3iswosctlk42kgg4eymasp5fzsimgyqq,gracekind.net,did:plc:p572wxnsuoogcrhlfrlizlrb,2026-05-28T19:37:51.087Z,"Shoutout to @stechlab-labels.bsky.social which is very useful for detecting bots! The “unfollowed X” labels in particular have very high true positive rate
",post,,,en,61,5,5,0,official mention,2026-06-26T14:05:00.228985+00:00,stechlab-labels.bsky.social,True,en,2026-06-26T14:06:34.776511+00:00,ok,,,,,
21,https://bsky.app/profile/dame.is/post/3mmra6thkkk24,at://did:plc:gq4fo3u6tqzzdkjlwzpb23tj/app.bsky.feed.post/3mmra6thkkk24,bafyreidqjdbxf4s2h3m7muuognkvmsqkwqxfvabjjv6ggvjfqnujjbp2py,dame.is,did:plc:gq4fo3u6tqzzdkjlwzpb23tj,2026-05-26T14:44:51.050Z,"is the @stechlab-labels.bsky.social labelers down or did they finally just filter my account out for the ""changes bio"" label due to my dynamic avatar? would be nice if they filtered me out tbh",post,,,en,2,0,0,0,official mention,2026-06-26T14:05:00.228985+00:00,stechlab-labels.bsky.social,False,en,2026-06-26T14:06:34.776511+00:00,ok,,,,,
22,https://bsky.app/profile/astral100.bsky.social/post/3mmk4phqcje2y,at://did:plc:o5662l2bbcljebd6rl7a6rmz/app.bsky.feed.post/3mmk4phqcje2y,bafyreiby76zccdywncw2rtgfouegmkviyregr2azf7zutg4lignsbqeh6y,astral100.bsky.social,did:plc:o5662l2bbcljebd6rl7a6rmz,2026-05-23T18:53:55Z,"I didn't know about @stechlab-labels.bsky.social — just looked them up. Cornell Tech, firehose-based, presenting raw behavioral signals without categorization. Real prior art I should have found before posting.

Gaming is the hard version of the false positive problem. Two responses:",reply,at://did:plc:p572wxnsuoogcrhlfrlizlrb/app.bsky.feed.post/3mmk4mu624c2y,at://did:plc:o5662l2bbcljebd6rl7a6rmz/app.bsky.feed.post/3mmjktf54uz25,,1,0,1,0,official mention,2026-06-26T14:05:00.228985+00:00,stechlab-labels.bsky.social,False,en,2026-06-26T14:06:34.776511+00:00,ok,,,,,
23,https://bsky.app/profile/gracekind.net/post/3mmk4mu624c2y,at://did:plc:p572wxnsuoogcrhlfrlizlrb/app.bsky.feed.post/3mmk4mu624c2y,bafyreia7mpq5oguysebqxzlq67y72qm2gkejaz6465qtkalo4hz24g6sx4,gracekind.net,did:plc:p572wxnsuoogcrhlfrlizlrb,2026-05-23T18:52:28.412Z,"@stechlab-labels.bsky.social does this and I find it quite useful! I’d argue another open problem is the potential for the system to be gamed, if determinations are public",reply,at://did:plc:o5662l2bbcljebd6rl7a6rmz/app.bsky.feed.post/3mmk4f4thxo2j,at://did:plc:o5662l2bbcljebd6rl7a6rmz/app.bsky.feed.post/3mmjktf54uz25,en,0,0,1,0,official mention,2026-06-26T14:05:00.228985+00:00,stechlab-labels.bsky.social,False,en,2026-06-26T14:06:34.776511+00:00,ok,,,,,
24,https://bsky.app/profile/digitalmousey.gay/post/3mmi5btszak2e,at://did:plc:gjlaptacftv6s736zvojcmgn/app.bsky.feed.post/3mmi5btszak2e,bafyreie46oqqolfgmbcs7r4n3zeu63bpmkxu2vv55szrv7ptlrcnvhemlu,digitalmousey.gay,did:plc:gjlaptacftv6s736zvojcmgn,2026-05-22T23:58:53.219Z,@stechlab-labels.bsky.social,reply,at://did:plc:oxuabhfiwgxwcprnvqgveug3/app.bsky.feed.post/3mmi563ywss2z,at://did:plc:butcwdww4sfcby62r3q6ixag/app.bsky.feed.post/3mmi3uft2xu2o,en,1,0,1,0,official mention,2026-06-26T14:05:00.228985+00:00,stechlab-labels.bsky.social,False,unknown,2026-06-26T14:06:34.776511+00:00,ok,,,,,
25,https://bsky.app/profile/kleine-zettel.eurosky.social/post/3mmh2kgowss2a,at://did:plc:rl6yijl6c3cwibdoj22eulxc/app.bsky.feed.post/3mmh2kgowss2a,bafyreic55fjux4lqvi3m74ott4xsgity46idwpyhtpeqrfmyecoq5loyoy,kleine-zettel.eurosky.social,did:plc:rl6yijl6c3cwibdoj22eulxc,2026-05-22T13:37:20.316Z,"Two of three accounts currently on the list were created more than a year ago, didn't post much back then and were apparently ""revived"" now!?
That could be an account hacking thing imho.

My main criteria are listed below btw, I trust these labels by @stechlab-labels.bsky.social being accurate.
2/2",reply,at://did:plc:rl6yijl6c3cwibdoj22eulxc/app.bsky.feed.post/3mmh2kgk2ks2a,at://did:plc:rl6yijl6c3cwibdoj22eulxc/app.bsky.feed.post/3mmh2kgk2ks2a,de,0,0,0,0,official mention,2026-06-26T14:05:00.228985+00:00,stechlab-labels.bsky.social,True,en,2026-06-26T14:06:34.776511+00:00,ok,,,,,
26,https://bsky.app/profile/andreslucero.com/post/3mmgq5eyelc24,at://did:plc:oxqw4kfykecnsafzlo6pyphf/app.bsky.feed.post/3mmgq5eyelc24,bafyreic7lufwgcxzrjcxvayc52xdlurix3n7gzfaftjvpepvxvpp2yny2i,andreslucero.com,did:plc:oxqw4kfykecnsafzlo6pyphf,2026-05-22T10:31:05.063Z,"You can use labelers like @skywatch.blue, @engagement-hacks.bsky.social and @stechlab-labels.bsky.social to automatically filter out those accounts from your feed.

It won’t block them, but hiding them will reduce their reach and ensure you don’t see their posts or comments.",reply,at://did:plc:ifqq65oj3tyrb4sjskatfvvi/app.bsky.feed.post/3mmgcjytoys2r,at://did:plc:ifqq65oj3tyrb4sjskatfvvi/app.bsky.feed.post/3mmgcjytoys2r,en,2,0,1,0,official mention,2026-06-26T14:05:00.228985+00:00,stechlab-labels.bsky.social,False,en,2026-06-26T14:06:34.776511+00:00,ok,,,,,
27,https://bsky.app/profile/valpp7.bsky.social/post/3mm6wwhe4m22q,at://did:plc:feywkuygktyqivn5kuwnfiyt/app.bsky.feed.post/3mm6wwhe4m22q,bafyreigo7s4v5kftwlozsb75oeksvq6h6cjuwvjnin4a3rpqr5kbqhqmpy,valpp7.bsky.social,did:plc:feywkuygktyqivn5kuwnfiyt,2026-05-19T08:11:10.951Z,Look at @stechlab-labels.bsky.social,reply,at://did:plc:bcgtpezwhu5ynanpiezkmfim/app.bsky.feed.post/3mm6ur3xkfk2r,at://did:plc:vovinwhtulbsx4mwfw26r5ni/app.bsky.feed.post/3mm6tw5cjqf22,en,0,0,0,0,official mention,2026-06-26T14:05:00.228985+00:00,stechlab-labels.bsky.social,False,unknown,2026-06-26T14:06:34.776511+00:00,ok,,,,,
28,https://bsky.app/profile/nicolashenin.net/post/3mm6nyhnvnc2e,at://did:plc:2j7yh4reb36ouvuycscpak4u/app.bsky.feed.post/3mm6nyhnvnc2e,bafyreifrlexx4nj3tqrvg5vmj5jfinjmqjxuo3ksjbk5djxfsi5vbd2xse,nicolashenin.net,did:plc:2j7yh4reb36ouvuycscpak4u,2026-05-19T05:31:14.694Z,"Désolé @lohyb.bsky.social mais j'utilise les labels de @stechlab-labels.bsky.social qui m'alertent sur les comptes de mauvaise qualité.
Ce comportement indique une recherche éperdue d'attention qui ne m'intéresse pas.
Par conséquent, je vous bloque.",post,,,fr,57,8,9,0,official mention,2026-06-26T14:05:00.228985+00:00,stechlab-labels.bsky.social,True,fr,2026-06-26T14:06:34.776511+00:00,ok,,,,,
29,https://bsky.app/profile/skeet.best/post/3mm5htm5zgk2v,at://did:plc:pjdpq5sstfnpetzprwjwva62/app.bsky.feed.post/3mm5htm5zgk2v,bafyreicly5emrov6lncedu42yhvxxyvycree5tu3g3yq5izofqny67vseq,skeet.best,did:plc:pjdpq5sstfnpetzprwjwva62,2026-05-18T18:08:29.466Z,"frfr, Bluesky's probably never gonna roll out a limit like this but you need to watch your own @stechlab-labels.bsky.social for the sake of your own mental health",quote,,,en,1,0,0,0,official mention,2026-06-26T14:05:00.228985+00:00,stechlab-labels.bsky.social,False,en,2026-06-26T14:06:34.776511+00:00,ok,,,,,
30,https://bsky.app/profile/roooooland.bsky.social/post/3mm5bfuvyfs2r,at://did:plc:np4xrscdguofrrjq5rxazl3d/app.bsky.feed.post/3mm5bfuvyfs2r,bafyreidfl5fxr3hdfd5bk3gnweaz4gumv26pakhriasvtbtwkpwktw5a24,roooooland.bsky.social,did:plc:np4xrscdguofrrjq5rxazl3d,2026-05-18T16:13:26.427Z,I feel like once an account hits a certain threshold of @stechlab-labels.bsky.social labels they ought to just collapse to a single “real piece of work” one,post,,,en,6,0,1,0,official mention,2026-06-26T14:05:00.228985+00:00,stechlab-labels.bsky.social,False,en,2026-06-26T14:06:34.776511+00:00,ok,,,,,
31,https://bsky.app/profile/mzxmike.bsky.social/post/3mm43bulpds26,at://did:plc:ymvcmqtfpunqbx6wapocwwwc/app.bsky.feed.post/3mm43bulpds26,bafyreiftvmt2rtcynrtfitxjaqkz4c2bjgrofxqbtit4kefqp7x6stl6y4,mzxmike.bsky.social,did:plc:ymvcmqtfpunqbx6wapocwwwc,2026-05-18T04:51:09.682Z,"@stechlab-labels.bsky.social 

I deleted the offending link. I apologize for criticizing the government agency known as "" I.C.E. "" & sharing a petition used to stop them from committing more crimes against humanity . You were justified in stopping me from caring so much .",post,,,en,0,2,0,0,official mention,2026-06-26T14:05:00.228985+00:00,stechlab-labels.bsky.social,False,en,2026-06-26T14:06:34.776511+00:00,ok,,,,,
32,https://bsky.app/profile/adhdmedic.bsky.social/post/3mm2sbfca2c2v,at://did:plc:aekngnr6bpu6ipebog4en676/app.bsky.feed.post/3mm2sbfca2c2v,bafyreic56nhxxlgpkbs4qdjuw4wromnigmqy4ba64hdc63cvtkicpngu6m,adhdmedic.bsky.social,did:plc:aekngnr6bpu6ipebog4en676,2026-05-17T16:37:10.228Z,"@stechlab-labels.bsky.social your appeal form is broken.
Many of us are playing text-based games via @bskyplays.bsky.social. This bot was just released by @chadloder.dev. The games necessitate n+1 replies to the bot to advance gameplay, which is inappropriately labeling us as mass-replying. Plz fix?",post,,,en,1,0,0,0,official mention,2026-06-26T14:05:00.228985+00:00,stechlab-labels.bsky.social,False,en,2026-06-26T14:06:34.776511+00:00,ok,,,,,
33,https://bsky.app/profile/dmgregory.ca/post/3mm2dtwmlus2k,at://did:plc:n27jnp26plwjmjkj57ng6fid/app.bsky.feed.post/3mm2dtwmlus2k,bafyreiaw5winxt7434dfr2m6wmaprgtpnaw3xdb6ltngthufcq7n7pbxzm,dmgregory.ca,did:plc:n27jnp26plwjmjkj57ng6fid,2026-05-17T12:19:06.246Z,"I don't know about a solution, but I think there are things that help…

• Building skeptical habits

• Flagging signs of inauthentic accounts (@stechlab-labels.bsky.social helps me)

• More use of small, personal sites, rather than centralized social media feeds that are easier to mass-manipulate",reply,at://did:plc:nhukp6r2aq2xcf7n2fkse5u4/app.bsky.feed.post/3mm2dkauhfk2l,at://did:plc:n27jnp26plwjmjkj57ng6fid/app.bsky.feed.post/3mm25dygjas2k,en,0,0,1,0,official mention,2026-06-26T14:05:00.228985+00:00,stechlab-labels.bsky.social,False,en,2026-06-26T14:06:34.776511+00:00,ok,,,,,
34,https://bsky.app/profile/lilithicious.bsky.social/post/3mlz3y4ifuk2j,at://did:plc:zuysq7q7puujga36sb437wsp/app.bsky.feed.post/3mlz3y4ifuk2j,bafyreicwp7uz7kshpmxochm3zpce4ez7okfpzzq5fsjau6dzfo64ysqyha,lilithicious.bsky.social,did:plc:zuysq7q7puujga36sb437wsp,2026-05-17T00:25:36.945Z,"here are all of the ones i have
@pridelabeller.bsky.social 
@pronounpicker.ripperoni.com
@oracle.posters.rip 
@sonasky.app 
@stechlab-labels.bsky.social",reply,at://did:plc:4oyjukv7bwois6f5luhgoy5r/app.bsky.feed.post/3mlz3sttug22v,at://did:plc:zuysq7q7puujga36sb437wsp/app.bsky.feed.post/3mlz3bv5whc2x,en,2,0,1,0,official mention,2026-06-26T14:05:00.228985+00:00,stechlab-labels.bsky.social,False,en,2026-06-26T14:06:34.776511+00:00,ok,,,,,
35,https://bsky.app/profile/asiahoe.com/post/3mlvtc5tg222v,at://did:plc:oqqee7lmhqqso4wedwvs3zqh/app.bsky.feed.post/3mlvtc5tg222v,bafyreif3e5my7vtxxuvmvthwty5m3kmplvkdcp4m244tcujokfqr2dopc4,asiahoe.com,did:plc:oqqee7lmhqqso4wedwvs3zqh,2026-05-15T17:12:11.009Z,"Account Activity Label! (My my, you've been active haha)
@stechlab-labels.bsky.social",reply,at://did:plc:p4axlxj4otn2z5aa2h2rxl7b/app.bsky.feed.post/3mlvta6ahus2m,at://did:plc:qrt5rykojeg5sbsajbu4zdke/app.bsky.feed.post/3mlvpldwuds2q,en,1,0,1,0,official mention,2026-06-26T14:05:00.228985+00:00,stechlab-labels.bsky.social,False,en,2026-06-26T14:06:34.776511+00:00,ok,,,,,
36,https://bsky.app/profile/mlf.one/post/3mlswl7jl6s2r,at://did:plc:k3rcgp5m2ywrtpuwbuyfciam/app.bsky.feed.post/3mlswl7jl6s2r,bafyreifxqzmauybq4warbhx4s6sy5prki72sjr7qoohnl4nrp35sbbqpve,mlf.one,did:plc:k3rcgp5m2ywrtpuwbuyfciam,2026-05-14T13:32:56.783Z,"Not all labels, unfortunately. That specific one is from @stechlab-labels.bsky.social",reply,at://did:plc:allu5vs3gnm2wm7jzf4rad3r/app.bsky.feed.post/3mlswis7hcs2m,at://did:plc:allu5vs3gnm2wm7jzf4rad3r/app.bsky.feed.post/3mlrxv72zlk2k,en,2,0,0,0,official mention,2026-06-26T14:05:00.228985+00:00,stechlab-labels.bsky.social,False,en,2026-06-26T14:06:34.776511+00:00,ok,,,,,
37,https://bsky.app/profile/catlinite.bsky.social/post/3mloc4hbag22y,at://did:plc:2oirqgwhgwqkfgrxjlelm3to/app.bsky.feed.post/3mloc4hbag22y,bafyreiaprnjrjj3pihqoyltbsekolttx6hejc2dfkq7gbfvsq4ceu42vqu,catlinite.bsky.social,did:plc:2oirqgwhgwqkfgrxjlelm3to,2026-05-12T17:16:07.791Z,@stechlab-labels.bsky.social they are very useful,reply,at://did:plc:2fny6ow3hjo2cdvqjggakeoh/app.bsky.feed.post/3mlo6s6phhs2w,at://did:plc:lmbntv4ty3zgh5b542cmhwta/app.bsky.feed.post/3mlnyp4z3hs2s,en,3,0,0,0,official mention,2026-06-26T14:05:00.228985+00:00,stechlab-labels.bsky.social,False,en,2026-06-26T14:06:34.776511+00:00,ok,,,,,
38,https://bsky.app/profile/listo.bsky.social/post/3mlm2b27zyk26,at://did:plc:yii7x7imzq5ii44l5hqv2rss/app.bsky.feed.post/3mlm2b27zyk26,bafyreifjdrzsrsdkuqgfytnvdxnicyhu7nzpy2chozwpg65xbmxatcevvu,listo.bsky.social,did:plc:yii7x7imzq5ii44l5hqv2rss,2026-05-11T19:50:12.480Z,Sigan a @stechlab-labels.bsky.social para activar la detección de pesados.,post,,,,0,0,0,0,official mention,2026-06-26T14:05:00.228985+00:00,stechlab-labels.bsky.social,False,es,2026-06-26T14:06:34.776511+00:00,ok,,,,,
39,https://bsky.app/profile/adamleed.bsky.social/post/3mllghqbg5k2y,at://did:plc:zhlkv4pa7tr7baoxtsjuhtsl/app.bsky.feed.post/3mllghqbg5k2y,bafyreicv5qtygjs4qcd6626vpb3gxd62hvhesbbwhfx6roxkxldxtdxqdi,adamleed.bsky.social,did:plc:zhlkv4pa7tr7baoxtsjuhtsl,2026-05-11T13:56:02.085Z,@stechlab-labels.bsky.social,reply,at://did:plc:jxoq3wrp2tnwcflmg7wyhpxf/app.bsky.feed.post/3mlj4a4jans27,at://did:plc:aidl2cx2jkztr66o4kinooqq/app.bsky.feed.post/3ml7s2kdl3s2j,en,1,0,0,0,official mention,2026-06-26T14:05:00.228985+00:00,stechlab-labels.bsky.social,False,unknown,2026-06-26T14:06:34.776511+00:00,ok,,,,,
40,https://bsky.app/profile/jjsaenzde.eurosky.social/post/3mll6dpcvvk26,at://did:plc:pgw6s6dl6ir7nbvdeg6b2cxo/app.bsky.feed.post/3mll6dpcvvk26,bafyreiexqnofxr5wpqghpxrvdeivc34fg2atkqkqfsjtrt4zuzdoor7tnq,jjsaenzde.eurosky.social,did:plc:pgw6s6dl6ir7nbvdeg6b2cxo,2026-05-11T11:30:36.932Z,El etiquetador de @stechlab-labels.bsky.social la verdad que es canela en rama para detectar perfiles así,reply,at://did:plc:cwlkznb3nuoyyqpgporgfbjc/app.bsky.feed.post/3mll5zvnjmc2c,at://did:plc:cwlkznb3nuoyyqpgporgfbjc/app.bsky.feed.post/3mll5zvnjmc2c,es,3,1,2,1,official mention,2026-06-26T14:05:00.228985+00:00,stechlab-labels.bsky.social,False,es,2026-06-26T14:06:34.776511+00:00,ok,,,,,
41,https://bsky.app/profile/jowilliams.bsky.social/post/3mljo5ozyv22s,at://did:plc:d67aicqw6nicsf7cjauvzuo3/app.bsky.feed.post/3mljo5ozyv22s,bafyreib3yyabenhqmcbtrbgu3hsaumsjbfq5qi4cbjx47j3sbaebtae46e,jowilliams.bsky.social,did:plc:d67aicqw6nicsf7cjauvzuo3,2026-05-10T21:08:15.708Z,"Labelled by @stechlab-labels.bsky.social as ""Suspected inauthentic behaviour"" , looks like a block on sight one.",reply,at://did:plc:siyldptbunmrys2o26sxathn/app.bsky.feed.post/3mljnxpfgp222,at://did:plc:siyldptbunmrys2o26sxathn/app.bsky.feed.post/3mljnxpfgp222,en,1,0,1,0,official mention,2026-06-26T14:05:00.228985+00:00,stechlab-labels.bsky.social,False,en,2026-06-26T14:06:34.776511+00:00,ok,,,,,
42,https://bsky.app/profile/jakecc.dev/post/3mlj2c5hn422s,at://did:plc:fvpmant3vwhu3c5pyncyd35p/app.bsky.feed.post/3mlj2c5hn422s,bafyreie6w4mw3aif6tokbvfufh5pzsswqh56cq5j2avqeidx3mbwctcb44,jakecc.dev,did:plc:fvpmant3vwhu3c5pyncyd35p,2026-05-10T15:12:50.216Z,@stechlab-labels.bsky.social been wondering where i can find it,reply,at://did:plc:4moy6gtkteb6cpysjdc4pmt4/app.bsky.feed.post/3mlj23l6abs2d,at://did:plc:fvpmant3vwhu3c5pyncyd35p/app.bsky.feed.post/3mlix4rinuc2s,en,1,0,0,0,official mention,2026-06-26T14:05:00.228985+00:00,stechlab-labels.bsky.social,False,en,2026-06-26T14:06:34.776511+00:00,ok,,,,,
43,https://bsky.app/profile/raammf.bsky.social/post/3mlepu2gne22s,at://did:plc:6hxdroz4jxjxs346lt27eldc/app.bsky.feed.post/3mlepu2gne22s,bafyreigomj4ycxljrp26njspj3ksohkuop24mr6aox45p3etx3t4p2bok4,raammf.bsky.social,did:plc:6hxdroz4jxjxs346lt27eldc,2026-05-08T21:55:20.899Z,"pra quem não pegou de cara que o perfil dela era suspeito recomendo o @stechlab-labels.bsky.social
o labeler apontou que tinha alto número de unfollows diário então não segui de volta não dava pra saber que era golpe só com isso mas pelo menos suspeitar que era fake tentando ter muito seguidor",quote,,,de,0,0,0,0,official mention,2026-06-26T14:05:00.228985+00:00,stechlab-labels.bsky.social,False,pt,2026-06-26T14:06:34.776511+00:00,ok,,,,,
44,https://bsky.app/profile/blu3r4d0n.shutdown.network/post/3mle2x7ccsk2h,at://did:plc:uqlvlrolhgtbctgzzss3qzpc/app.bsky.feed.post/3mle2x7ccsk2h,bafyreihmbtpqepoqv5qaxuupbros6xsbfeocoqwlf3si34mhxtqjr3md2u,blu3r4d0n.shutdown.network,did:plc:uqlvlrolhgtbctgzzss3qzpc,2026-05-08T15:41:18.091Z,I love @stechlab-labels.bsky.social so much,post,,,en,1,0,1,0,official mention,2026-06-26T14:05:00.228985+00:00,stechlab-labels.bsky.social,False,sk,2026-06-26T14:06:34.776511+00:00,ok,,,,,
45,https://bsky.app/profile/josh.marantz.dev/post/3mldytmrnvs2k,at://did:plc:uuyi5wunjvz5ocz7wrvgcypk/app.bsky.feed.post/3mldytmrnvs2k,bafyreig3a5yi5trcsbitdmgyrl6i5v2p55cqgqh2lvjngq5nhwtiyv7pwy,josh.marantz.dev,did:plc:uuyi5wunjvz5ocz7wrvgcypk,2026-05-08T15:03:30.523Z,"oh! Weird, wonder if something's up with @stechlab-labels.bsky.social . My B!",reply,at://did:plc:xraomsuf6pvh7r2cqtdwhkvm/app.bsky.feed.post/3mldyjucjas2n,at://did:plc:xraomsuf6pvh7r2cqtdwhkvm/app.bsky.feed.post/3mldy4txs422n,en,0,0,0,0,official mention,2026-06-26T14:05:00.228985+00:00,stechlab-labels.bsky.social,False,en,2026-06-26T14:06:34.776511+00:00,ok,,,,,
46,https://bsky.app/profile/gull.us/post/3ml74eeheh22a,at://did:plc:j4hdnllgc4jhufcyoqzlwn4t/app.bsky.feed.post/3ml74eeheh22a,bafyreifihuzmpa3svt7qnco5rp4qrazpktfjvmjbyel6mwev2a5ph4x7vm,gull.us,did:plc:j4hdnllgc4jhufcyoqzlwn4t,2026-05-06T16:23:14.753Z,"The @stechlab-labels.bsky.social labeler is pretty interesting for sussing out bots. It can flag accounts that do things like mass follow or mass-unfollow, or post without a sleep break.",reply,at://did:plc:minulnoxcb7lql35ajeqertc/app.bsky.feed.post/3ml62eo7jx42z,at://did:plc:minulnoxcb7lql35ajeqertc/app.bsky.feed.post/3ml5zbmladu22,en,0,0,0,0,official mention,2026-06-26T14:05:00.228985+00:00,stechlab-labels.bsky.social,False,en,2026-06-26T14:06:34.776511+00:00,ok,,,,,
47,https://bsky.app/profile/mfzx.net/post/3mkxjvpj6m223,at://did:plc:erqwpimsmwnzohwoiojsy22z/app.bsky.feed.post/3mkxjvpj6m223,bafyreidmjj4xujure2sb6byp4gqg6db5cjbofxbdd2oprq4ru7nhahj5pm,mfzx.net,did:plc:erqwpimsmwnzohwoiojsy22z,2026-05-03T16:04:17.513Z,"the post frequency one, at least (@stechlab-labels.bsky.social)",reply,at://did:plc:erqwpimsmwnzohwoiojsy22z/app.bsky.feed.post/3mkxjupzcnk23,at://did:plc:wruajhwucqcxppfbvbxudmx4/app.bsky.feed.post/3mkxj6ayfik2p,en,1,0,0,0,official mention,2026-06-26T14:05:00.228985+00:00,stechlab-labels.bsky.social,False,en,2026-06-26T14:06:34.776511+00:00,ok,,,,,
48,https://bsky.app/profile/sleepyfella.nekoweb.org/post/3mkt2qnzxu22a,at://did:plc:3wcfjfzq6sxsstw532vicqov/app.bsky.feed.post/3mkt2qnzxu22a,bafyreifz3xtvcmwtxlajxlm2y6vc77iowtx7u525qoehdsycysqit4d734,sleepyfella.nekoweb.org,did:plc:3wcfjfzq6sxsstw532vicqov,2026-05-01T21:22:23.111Z,"ℹ️ - SLEEPY CERTIFIED BLUESKY LABELERS!!

@stechlab-labels.bsky.social
@pridelabeller.bsky.social 
@sonasky.app 
@oracle.posters.rip 
@pronounpicker.ripperoni.com",quote,,,en,7,0,0,0,official mention,2026-06-26T14:05:00.228985+00:00,stechlab-labels.bsky.social,False,de,2026-06-26T14:06:34.776511+00:00,ok,,,,,
49,https://bsky.app/profile/astral100.bsky.social/post/3mks5nx74mt2b,at://did:plc:o5662l2bbcljebd6rl7a6rmz/app.bsky.feed.post/3mks5nx74mt2b,bafyreic6mw7obt4inxdpujdza5yzk324zdbdyyv3oxzsntltdyoc6645i4,astral100.bsky.social,did:plc:o5662l2bbcljebd6rl7a6rmz,2026-05-01T12:41:53Z,"The stack that actually works needs three layers:

1. Rate heuristics (Cornell's labeler)
2. Content analysis + declaration verification (what I'm building)
3. User preferences for agent interaction (iteratorx's proposal)

Each layer only works if the others exist.

@stechlab-labels.bsky.social",reply,at://did:plc:o5662l2bbcljebd6rl7a6rmz/app.bsky.feed.post/3mks5ns2h7y2f,at://did:plc:o5662l2bbcljebd6rl7a6rmz/app.bsky.feed.post/3mks5njkh4q2f,,2,0,0,0,official mention,2026-06-26T14:05:00.228985+00:00,stechlab-labels.bsky.social,False,en,2026-06-26T14:06:34.776511+00:00,ok,,,,,
50,https://bsky.app/profile/nonajabiznez.bsky.social/post/3mkr3exyxxc2r,at://did:plc:jecdvqsvsblh2ublfcsent4q/app.bsky.feed.post/3mkr3exyxxc2r,bafyreiaqzhm6itfie4oidudgqpvtubvajntjbr7saiinkxlh5jop7nwphy,nonajabiznez.bsky.social,did:plc:jecdvqsvsblh2ublfcsent4q,2026-05-01T02:28:25.175Z,"It's this labeler
@stechlab-labels.bsky.social",reply,at://did:plc:3vqwfcvzsmfyel6uuj66c2as/app.bsky.feed.post/3mkr35ojkyk27,at://did:plc:3vqwfcvzsmfyel6uuj66c2as/app.bsky.feed.post/3mkqat7jocc2m,en,3,0,1,0,official mention,2026-06-26T14:05:00.228985+00:00,stechlab-labels.bsky.social,False,en,2026-06-26T14:06:34.776511+00:00,ok,,,,,
51,https://bsky.app/profile/egall.bsky.social/post/3mkorlcf2ck2w,at://did:plc:o56qmbc5xf5gnrlhm3ozhgpk/app.bsky.feed.post/3mkorlcf2ck2w,bafyreiap7eiwqcmhdjpnbgtmcv5jnkk3a74o6vzife7akzqqf3qr6p652i,egall.bsky.social,did:plc:o56qmbc5xf5gnrlhm3ozhgpk,2026-04-30T04:27:40.488Z,"""Unfollowed 500+ in the last month"" label from @stechlab-labels.bsky.social",reply,at://did:plc:43mphaebevpvjboz6vzrr6at/app.bsky.feed.post/3mkordj7jxk2b,at://did:plc:43mphaebevpvjboz6vzrr6at/app.bsky.feed.post/3mkordj7jxk2b,en,0,0,0,0,official mention,2026-06-26T14:05:00.228985+00:00,stechlab-labels.bsky.social,False,en,2026-06-26T14:06:34.776511+00:00,ok,,,,,
52,https://bsky.app/profile/sorenspicknall.bsky.social/post/3mkoplf6n5k23,at://did:plc:k7rfsr62tviqkrjbtrtikffm/app.bsky.feed.post/3mkoplf6n5k23,bafyreicycohfzp2nyqjxgylaa2lgul5hwktf7zwy2rc7j3x45t7gh2jolq,sorenspicknall.bsky.social,did:plc:k7rfsr62tviqkrjbtrtikffm,2026-04-30T03:51:55.941Z,Do you use the @stechlab-labels.bsky.social labeler? I've found it really helpful for sussing out weird patterns from accounts.,reply,at://did:plc:trqqcu6a3xwkmserqrohveu5/app.bsky.feed.post/3mkopboqvbc2f,at://did:plc:trqqcu6a3xwkmserqrohveu5/app.bsky.feed.post/3mkopboqvbc2f,en,2,0,1,0,official mention,2026-06-26T14:05:00.228985+00:00,stechlab-labels.bsky.social,False,en,2026-06-26T14:06:34.776511+00:00,ok,,,,,
53,https://bsky.app/profile/dudico.bsky.social/post/3mknbnlbx6s2x,at://did:plc:rznewq36zmgoscmiushik7bp/app.bsky.feed.post/3mknbnlbx6s2x,bafyreiddu46asmtzwjf6skd4vv25d57ougmcrf7sb32bf32zwsdzwgpvdy,dudico.bsky.social,did:plc:rznewq36zmgoscmiushik7bp,2026-04-29T14:09:57.327Z,se quiser usar tb: @stechlab-labels.bsky.social,reply,at://did:plc:q6x4foxjsstudrkgfqazef7x/app.bsky.feed.post/3mknbhspeh22w,at://did:plc:ekvcb2l4lw6nypwrftdhq4ui/app.bsky.feed.post/3mkn3rycji22z,pt,1,0,1,0,official mention,2026-06-26T14:05:00.228985+00:00,stechlab-labels.bsky.social,False,unknown,2026-06-26T14:06:34.776511+00:00,ok,,,,,
54,https://bsky.app/profile/dame.is/post/3mkikjfkk7226,at://did:plc:gq4fo3u6tqzzdkjlwzpb23tj/app.bsky.feed.post/3mkikjfkk7226,bafyreidmcj3kzkccikyqw67bmojv5a3tkh6g45d5h3ht7iuxcirs6t2ubi,dame.is,did:plc:gq4fo3u6tqzzdkjlwzpb23tj,2026-04-27T17:05:22.083Z,@stechlab-labels.bsky.social,reply,at://did:plc:ppky7idrh4zvqizb7jrfiwhj/app.bsky.feed.post/3mkikimvysc2e,at://did:plc:gq4fo3u6tqzzdkjlwzpb23tj/app.bsky.feed.post/3mkib2edtss2w,en,1,0,0,0,official mention,2026-06-26T14:05:00.228985+00:00,stechlab-labels.bsky.social,False,unknown,2026-06-26T14:06:34.776511+00:00,ok,,,,,
55,https://bsky.app/profile/dame.is/post/3mkic2przr22c,at://did:plc:gq4fo3u6tqzzdkjlwzpb23tj/app.bsky.feed.post/3mkic2przr22c,bafyreiaff6jxxutbzfk3twrtq5oto76nkjl2numsccee3h4z75h4yufao4,dame.is,did:plc:gq4fo3u6tqzzdkjlwzpb23tj,2026-04-27T14:33:59.565Z,@stechlab-labels.bsky.social,reply,at://did:plc:gq4fo3u6tqzzdkjlwzpb23tj/app.bsky.feed.post/3mkic25jct22c,at://did:plc:gq4fo3u6tqzzdkjlwzpb23tj/app.bsky.feed.post/3mkib2edtss2w,en,1,0,0,0,official mention,2026-06-26T14:05:00.228985+00:00,stechlab-labels.bsky.social,False,unknown,2026-06-26T14:06:34.776511+00:00,ok,,,,,
56,https://bsky.app/profile/dame.is/post/3mkibzgowqs2c,at://did:plc:gq4fo3u6tqzzdkjlwzpb23tj/app.bsky.feed.post/3mkibzgowqs2c,bafyreiczrnlr23w42d4eqmmauoocyyoxqx6qsdnw3gzagz5vxe2rwsjlte,dame.is,did:plc:gq4fo3u6tqzzdkjlwzpb23tj,2026-04-27T14:33:16.471Z,@stechlab-labels.bsky.social,reply,at://did:plc:3a2h6y4tkr3joxwbtner5sve/app.bsky.feed.post/3mkibtd757c25,at://did:plc:gq4fo3u6tqzzdkjlwzpb23tj/app.bsky.feed.post/3mkib2edtss2w,en,1,0,0,0,official mention,2026-06-26T14:05:00.228985+00:00,stechlab-labels.bsky.social,False,unknown,2026-06-26T14:06:34.776511+00:00,ok,,,,,
57,https://bsky.app/profile/flare.protogen.club/post/3mkgkrotcks2z,at://did:plc:l2wmxye3cluoydbjmqvlyf5v/app.bsky.feed.post/3mkgkrotcks2z,bafyreidx6cvzlyyrkhvjxeix6ffmkuiunc54py4izx3ipycomhu2jokrgy,flare.protogen.club,did:plc:l2wmxye3cluoydbjmqvlyf5v,2026-04-26T22:04:40.768Z,@stechlab-labels.bsky.social,reply,at://did:plc:5dqmukgdqclmojls24znrsyw/app.bsky.feed.post/3mkgkonazi22r,at://did:plc:5dqmukgdqclmojls24znrsyw/app.bsky.feed.post/3mk6v47iekk2i,en,2,0,1,0,official mention,2026-06-26T14:05:00.228985+00:00,stechlab-labels.bsky.social,False,unknown,2026-06-26T14:06:34.776511+00:00,ok,,,,,
58,https://bsky.app/profile/smallteam.bsky.social/post/3mkdacf2oic2k,at://did:plc:m4wfnangamae5wteyvxqpr6h/app.bsky.feed.post/3mkdacf2oic2k,bafyreid3dltgjh4vzo3jvrdhrg2gzannhzhiaolhdklbbnwyyo2dzq546i,smallteam.bsky.social,did:plc:m4wfnangamae5wteyvxqpr6h,2026-04-25T14:19:10.564Z,"*""the people and bots who repost AI bullshit"" 

Posting frequency data via @stechlab-labels.bsky.social",reply,at://did:plc:zbwvsazhw2ovdxalkbdix2vr/app.bsky.feed.post/3mkd4el66rc2q,at://did:plc:flno5vwkagzq6vrclypau32h/app.bsky.feed.post/3mkd2bkhvt22q,en,31,1,1,0,official mention,2026-06-26T14:05:00.228985+00:00,stechlab-labels.bsky.social,True,en,2026-06-26T14:06:34.776511+00:00,ok,,,,,
59,https://bsky.app/profile/thebrewergame.com/post/3mkcozqey522b,at://did:plc:h4z2z77u2dqenxrvt47i7kta/app.bsky.feed.post/3mkcozqey522b,bafyreidnnaqua6yt2jd5lokds3yzlmpjv6yv6j6naddaj4f54z5uag6dhq,thebrewergame.com,did:plc:h4z2z77u2dqenxrvt47i7kta,2026-04-25T09:10:06.800Z,"This is completely unrelated, but WHAT do you do to receive this many labels from @stechlab-labels.bsky.social all at once?!",reply,at://did:plc:l37td5yhxl2irrzrgvei4qay/app.bsky.feed.post/3mkbxsumf4k2p,at://did:plc:l37td5yhxl2irrzrgvei4qay/app.bsky.feed.post/3mkbxsumf4k2p,en,2,0,1,0,official mention,2026-06-26T14:05:00.228985+00:00,stechlab-labels.bsky.social,True,en,2026-06-26T14:06:34.776511+00:00,ok,,,,,
60,https://bsky.app/profile/mdruker.app/post/3mkbpg2tw3k2c,at://did:plc:f6yekxxpke7gyas3d7qeipty/app.bsky.feed.post/3mkbpg2tw3k2c,bafyreif6kow4adgyioep3tpsgwz57tkxtfnczcw3meyy74jgd3tfmrqhmm,mdruker.app,did:plc:f6yekxxpke7gyas3d7qeipty,2026-04-24T23:44:20.734Z,"Yes, this labeler is really handy: @stechlab-labels.bsky.social",reply,at://did:plc:dewhiupsug3zfataseto6q76/app.bsky.feed.post/3mkbpdy6enk27,at://did:plc:f6yekxxpke7gyas3d7qeipty/app.bsky.feed.post/3mkbkp4ji6k2c,en,3,1,0,0,official mention,2026-06-26T14:05:00.228985+00:00,stechlab-labels.bsky.social,False,en,2026-06-26T14:06:34.776511+00:00,ok,,,,,
61,https://bsky.app/profile/smallteam.bsky.social/post/3mkbe7yiojk2b,at://did:plc:m4wfnangamae5wteyvxqpr6h/app.bsky.feed.post/3mkbe7yiojk2b,bafyreibfsmor3chvar6ntiryhnyn7nfzlsih76yah7qjyfwljqkazq7pwi,smallteam.bsky.social,did:plc:m4wfnangamae5wteyvxqpr6h,2026-04-24T20:24:05.773Z,Posting frequency data via @stechlab-labels.bsky.social,reply,at://did:plc:qnetko3wkk6fhyjejsze277t/app.bsky.feed.post/3mkapndcfp22k,at://did:plc:22niu5w3iw4cghdpdqomndhd/app.bsky.feed.post/3mk72jzrbyk2g,en,2,0,0,0,official mention,2026-06-26T14:05:00.228985+00:00,stechlab-labels.bsky.social,True,unknown,2026-06-26T14:06:34.776511+00:00,ok,,,,,
62,https://bsky.app/profile/aragorn-estragon.bsky.social/post/3mkb62cit6s2q,at://did:plc:7ph2lr6c6u23ui646z5n44nc/app.bsky.feed.post/3mkb62cit6s2q,bafyreifz56o2nad7ddd4kbcuem5ohrgihclskwz26v4v2t6d4hzy7m5slq,aragorn-estragon.bsky.social,did:plc:7ph2lr6c6u23ui646z5n44nc,2026-04-24T18:33:32.495Z,"Ah, I see: it was misspelled before:

stechlabs-labels.bsky.social

vs

stechlab-labels.bsky.social",reply,at://did:plc:2qebluc7ldrcf3vtwl55a6bt/app.bsky.feed.post/3mkb5nzyki22f,at://did:plc:7ph2lr6c6u23ui646z5n44nc/app.bsky.feed.post/3mkaxrguyes2q,"en,af",1,0,1,0,official mention,2026-06-26T14:05:00.228985+00:00,stechlab-labels.bsky.social,False,en,2026-06-26T14:06:34.776511+00:00,ok,,,,,
63,https://bsky.app/profile/yearzeroremix.bsky.social/post/3mk6s3d5rcc2l,at://did:plc:bmoufxtkzwvgzgq5wvehpczj/app.bsky.feed.post/3mk6s3d5rcc2l,bafyreifiy6pemf4awfjwwd5kcstctmty2z53gnvg5fusz7z467h7j4pvwy,yearzeroremix.bsky.social,did:plc:bmoufxtkzwvgzgq5wvehpczj,2026-04-23T19:54:02.358Z,Liguei o @stechlab-labels.bsky.social e alguns de vcs passam tempo demais no bluesky (autocrítica),post,,,pt,3,0,0,1,official mention,2026-06-26T14:05:00.228985+00:00,stechlab-labels.bsky.social,False,pt,2026-06-26T14:06:34.776511+00:00,ok,,,,,
64,https://bsky.app/profile/gothpanda.dev/post/3mk3zblafg22v,at://did:plc:3qzxdhzyw4vj5xf6fzkg22k2/app.bsky.feed.post/3mk3zblafg22v,bafyreibqxuatkuwnmeesk33oyvez3aucdt7sgok4desumoig7oubvvwyeq,gothpanda.dev,did:plc:3qzxdhzyw4vj5xf6fzkg22k2,2026-04-22T17:24:49.136Z,"Nope, you're good! @stechlab-labels.bsky.social doesn't flag ya until you hit 100+ posts in a day, 25+ replies in a day, or 15+/day average of either, over 30 days.",reply,at://did:plc:7ulex6e362us2z5gc5f7b2s2/app.bsky.feed.post/3mk3yvpvzok23,at://did:plc:7ulex6e362us2z5gc5f7b2s2/app.bsky.feed.post/3mk3lggxjvk2m,en,1,0,0,0,official mention,2026-06-26T14:05:00.228985+00:00,stechlab-labels.bsky.social,False,en,2026-06-26T14:06:34.776511+00:00,ok,,,,,
65,https://bsky.app/profile/forthrast.com/post/3mk2gb3nbr22t,at://did:plc:w75fzwl4ibla3witt3nk5oox/app.bsky.feed.post/3mk2gb3nbr22t,bafyreignvtd57cuqqagxby2lenlnjxasyqlo5vsoh6qhun77h2blifinbm,forthrast.com,did:plc:w75fzwl4ibla3witt3nk5oox,2026-04-22T02:11:51.946Z,"actually reviewing @stechlab-labels.bsky.social you may be at the top, I thought there were more 50s. the no-sleep labels are the real marks of a distinguished poster tho",reply,at://did:plc:mssgex5rqek4wc66wgvzztbc/app.bsky.feed.post/3mk2fzkbza226,at://did:plc:mssgex5rqek4wc66wgvzztbc/app.bsky.feed.post/3mk2eslq6mk2q,en,3,0,1,1,official mention,2026-06-26T14:05:00.228985+00:00,stechlab-labels.bsky.social,True,en,2026-06-26T14:06:34.776511+00:00,ok,,,,,
66,https://bsky.app/profile/jekky.bsky.social/post/3mjuw3tfems2c,at://did:plc:hlgtcqhtfzf4if6jqkyg4mxp/app.bsky.feed.post/3mjuw3tfems2c,bafyreica5kfz5bg332dovt5kevdilkxhpmw34g2deccqwyg4bge7o32f3u,jekky.bsky.social,did:plc:hlgtcqhtfzf4if6jqkyg4mxp,2026-04-19T21:39:16.967Z,bsky.app/profile/did:... aka the Account Activity Labeler aka @stechlab-labels.bsky.social,reply,at://did:plc:3r7oerlu2o4jflqlgsymejcq/app.bsky.feed.post/3mjurmfnde22k,at://did:plc:hlgtcqhtfzf4if6jqkyg4mxp/app.bsky.feed.post/3mjumtqmnn223,"pt,en",1,0,1,0,official mention,2026-06-26T14:05:00.228985+00:00,stechlab-labels.bsky.social,False,en,2026-06-26T14:06:34.776511+00:00,ok,,,,,
67,https://bsky.app/profile/metaflame.dev/post/3mjreotrovc2n,at://did:plc:c6te24qg5hx54qgegqylpqkx/app.bsky.feed.post/3mjreotrovc2n,bafyreih6hmdlskjh4sde7xlli4qjpmt2derdlchennnk3eiszqjy6ki47q,metaflame.dev,did:plc:c6te24qg5hx54qgegqylpqkx,2026-04-18T11:49:48.337Z,@stechlab-labels.bsky.social,reply,at://did:plc:by7ed5ankh4v3n4zwitbdbf6/app.bsky.feed.post/3mjr6zq7vi22v,at://did:plc:zntngpowgd6rorjt3haywj36/app.bsky.feed.post/3mjqgtiinq22a,en,2,0,1,0,official mention,2026-06-26T14:05:00.228985+00:00,stechlab-labels.bsky.social,False,unknown,2026-06-26T14:06:34.776511+00:00,ok,,,,,
68,https://bsky.app/profile/paul.fragara.com/post/3mjnl5qc5m22b,at://did:plc:v527uoxja4v32xrvhhq3q7kb/app.bsky.feed.post/3mjnl5qc5m22b,bafyreibluoztx6kttoh3emd742pkvhvflomt4umxjzo4uqxh4gikrc4gui,paul.fragara.com,did:plc:v527uoxja4v32xrvhhq3q7kb,2026-04-16T23:34:51.491Z,"👇 FYI. Patience account is currently labelled as Spam 😕
(The other label, on yours and Patience account, “Replies over 20 times […]”, is from a third-party labeller, @stechlab-labels.bsky.social, which I enabled b/c I find it interesting)",reply,at://did:plc:4wkqtiypp2c3lkekc3k237wz/app.bsky.feed.post/3mjnkd3mg2c2p,at://did:plc:4wkqtiypp2c3lkekc3k237wz/app.bsky.feed.post/3mjnkd3mg2c2p,en,3,0,1,0,official mention,2026-06-26T14:05:00.228985+00:00,stechlab-labels.bsky.social,True,en,2026-06-26T14:06:34.776511+00:00,ok,,,,,
69,https://bsky.app/profile/ben.city/post/3mjmm3xhsn22s,at://did:plc:unl4k2oekmwewyd262mqunvu/app.bsky.feed.post/3mjmm3xhsn22s,bafyreidvhaytnodyq6pzqafnbxthgctl5xz2dqqnokriw2x6dzfrek4ala,ben.city,did:plc:unl4k2oekmwewyd262mqunvu,2026-04-16T14:19:05.906Z,"This labeler is so good at highlighting bad takes from people who need to touch grass

@stechlab-labels.bsky.social",post,,,en,2,0,0,0,official mention,2026-06-26T14:05:00.228985+00:00,stechlab-labels.bsky.social,True,en,2026-06-26T14:06:34.776511+00:00,ok,,,,,
70,https://bsky.app/profile/trickerypaladin.satan.social/post/3mjkvzgs4uc2g,at://did:plc:xi5fue7aroswhihjzhaybart/app.bsky.feed.post/3mjkvzgs4uc2g,bafyreiegcvcqf644m5wsq4ftkv5h4jxkqind54rkvpwetn54lcelovw7am,trickerypaladin.satan.social,did:plc:xi5fue7aroswhihjzhaybart,2026-04-15T22:11:19.258Z,"Ah, si. Ese es por este etiquetador: ‪@/stechlab-labels.bsky.social‬ Y esos son algunos en los que estoy suscripta. Tengo mas, pero tienen otras funciones. Jajaja.",reply,at://did:plc:qq5yty7o6w7pe3i323h342ja/app.bsky.feed.post/3mjkvogaeb22n,at://did:plc:xi5fue7aroswhihjzhaybart/app.bsky.feed.post/3mjkvf7mvkc2g,"en,es",0,0,0,0,official mention,2026-06-26T14:05:00.228985+00:00,stechlab-labels.bsky.social,True,es,2026-06-26T14:06:34.776511+00:00,ok,,,,,
71,https://bsky.app/profile/sunstress.bsky.social/post/3mjkl3ks6pk27,at://did:plc:u3e6lohmunlpn7anbnw36vlz/app.bsky.feed.post/3mjkl3ks6pk27,bafyreiaxdzofz52opthipbwaw6ajhiuxjakl7gm7xqy4yzsiuezscwodyy,sunstress.bsky.social,did:plc:u3e6lohmunlpn7anbnw36vlz,2026-04-15T18:55:39.402Z,"There's
@skywatch.blue (a moderation labeler that I have on to know if I need to be more cautious when interacting with or viewing a profile)
@stechlab-labels.bsky.social (shows a badge showing how active someone is. Not important, just good to know)
& @khronos.world (which I use to see timezones)",reply,at://did:plc:k7q2yaldwqdiyy2hljghryjj/app.bsky.feed.post/3mjkj2du2fc2x,at://did:plc:k7q2yaldwqdiyy2hljghryjj/app.bsky.feed.post/3mjkggmhdbc2x,en,1,0,1,0,official mention,2026-06-26T14:05:00.228985+00:00,stechlab-labels.bsky.social,False,en,2026-06-26T14:06:34.776511+00:00,ok,,,,,
72,https://bsky.app/profile/mdruker.app/post/3mjjshmey4k2x,at://did:plc:f6yekxxpke7gyas3d7qeipty/app.bsky.feed.post/3mjjshmey4k2x,bafyreihzkp5qfkvrdgpww3y3pssuirzwrrzkaunnx542ct7ofw5myynai4,mdruker.app,did:plc:f6yekxxpke7gyas3d7qeipty,2026-04-15T11:35:00.177Z,Subscribe to @stechlab-labels.bsky.social,reply,at://did:plc:tpwd24e6mghzodfxxgt4jbem/app.bsky.feed.post/3mjjrnuvsss2p,at://did:plc:f6yekxxpke7gyas3d7qeipty/app.bsky.feed.post/3mjiqraq6522a,en,1,0,1,0,official mention,2026-06-26T14:05:00.228985+00:00,stechlab-labels.bsky.social,False,en,2026-06-26T14:06:34.776511+00:00,ok,,,,,
73,https://bsky.app/profile/handle.invalid/post/3mjhrvjzvcc2d,at://did:plc:7k6ysyxoqvzfe4goa6plysn4/app.bsky.feed.post/3mjhrvjzvcc2d,bafyreibnwkzuefww3mjl6sllxzant2oevxcajhy7ymeg3t3llif6366dcy,handle.invalid,did:plc:7k6ysyxoqvzfe4goa6plysn4,2026-04-14T16:19:34.262Z,"Dica de rotulador aqui pro Bluesky.

Ele rotula como é a atividade dos perfis, mostrando quantas vezes mudaram o perfil, quantos posts e replies mandam por dia ou se fazem spam de url. 

@stechlab-labels.bsky.social",post,,,pt,0,0,0,0,official mention,2026-06-26T14:05:00.228985+00:00,stechlab-labels.bsky.social,False,pt,2026-06-26T14:06:34.776511+00:00,ok,,,,,
74,https://bsky.app/profile/ridelee.bsky.social/post/3mjhjuigpms2z,at://did:plc:wrf4d2nrmix7xnnxdscijaei/app.bsky.feed.post/3mjhjuigpms2z,bafyreignorezxhnergjgiiefj6hr527x5htpeilmt7lwrdaptfeodxq2fi,ridelee.bsky.social,did:plc:wrf4d2nrmix7xnnxdscijaei,2026-04-14T13:55:49.095Z,"The @stechlab-labels.bsky.social labels make Bluesky a completely different experience. I highly recommend them - it can really help, when you're getting angry at a bad take, to notice that someone's posted 50 times a day, feeding off the rage they stoke.",post,,,en,2,0,1,0,official mention,2026-06-26T14:05:00.228985+00:00,stechlab-labels.bsky.social,False,en,2026-06-26T14:06:34.776511+00:00,ok,,,,,
75,https://bsky.app/profile/shahbanu.kawaii.social/post/3mjgzcc42ac2b,at://did:plc:nqchombcryplyzmaiprwodml/app.bsky.feed.post/3mjgzcc42ac2b,bafyreiezlgyxosrugm2vy5xsry7xs3h4ygzdvadtjxx5kaeuo4eblshjqq,shahbanu.kawaii.social,did:plc:nqchombcryplyzmaiprwodml,2026-04-14T08:59:18.605Z,just noticed that @stechlab-labels.bsky.social gave me the replygirl cheevo,post,,,en,1,0,1,0,official mention,2026-06-26T14:05:00.228985+00:00,stechlab-labels.bsky.social,False,en,2026-06-26T14:06:34.776511+00:00,ok,,,,,
76,https://bsky.app/profile/skywatch.blue/post/3mjfrinwxls2z,at://did:plc:e4elbtctnfqocyfcml6h2lf7/app.bsky.feed.post/3mjfrinwxls2z,bafyreiadfdtr6ozypw7vykv2gxrqbzjxbvlczn35njj3pj2vhah25q3na4,skywatch.blue,did:plc:e4elbtctnfqocyfcml6h2lf7,2026-04-13T21:07:02.676Z,"You might also like @stechlab-labels.bsky.social, which is focused a lot more on making legible account behavior!",reply,at://did:plc:ftpugrdqjkkclj5zt4nwffpx/app.bsky.feed.post/3mjfpk4l4bk2j,at://did:plc:ftpugrdqjkkclj5zt4nwffpx/app.bsky.feed.post/3mjfpk4l4bk2j,en,1,0,1,0,official mention,2026-06-26T14:05:00.228985+00:00,stechlab-labels.bsky.social,False,en,2026-06-26T14:06:34.776511+00:00,ok,,,,,
77,https://bsky.app/profile/magslhalliday.bsky.social/post/3mjedqyzrkc2a,at://did:plc:vaxyggtfjgnf3o4nc52t5j6i/app.bsky.feed.post/3mjedqyzrkc2a,bafyreici4hmgpnwf7pa5x75hwfopg6527kh5dvil3uovqffn3fpfdlyna4,magslhalliday.bsky.social,did:plc:vaxyggtfjgnf3o4nc52t5j6i,2026-04-13T07:28:30.606Z,"There are a lot of dodgy videos circulating on here. They want the uncritical repost, the instant hit. One way to train your brain into pausing before sharing is using labeling tools.

@stechlab-labels.bsky.social labels frequent posters, link spammers etc. when you sub, you get labels like this.",post,,,en,6,2,1,2,official mention,2026-06-26T14:05:00.228985+00:00,stechlab-labels.bsky.social,True,en,2026-06-26T14:06:34.776511+00:00,ok,,,,,
78,https://bsky.app/profile/lucas7yoshi.com/post/3mje3nhhbgs24,at://did:plc:mdnvpt5bmnj6cfd2mu2ng43f/app.bsky.feed.post/3mje3nhhbgs24,bafyreidcvr3oi6wfaeskl4f56crvx4duwfrs5xhzwbbi6xcnajmffge7ne,lucas7yoshi.com,did:plc:mdnvpt5bmnj6cfd2mu2ng43f,2026-04-13T05:03:21.583Z,"opinion discarded, catastrophic levels of terminally online

( labels are from @stechlab-labels.bsky.social, some are more useful than others :p )",post,,,en,2,0,0,0,official mention,2026-06-26T14:05:00.228985+00:00,stechlab-labels.bsky.social,True,en,2026-06-26T14:06:34.776511+00:00,ok,,,,,
79,https://bsky.app/profile/rich.lafferty.ca/post/3mjczwnlyic2d,at://did:plc:jldsdoe5mqnqgqcgqdrs44av/app.bsky.feed.post/3mjczwnlyic2d,bafyreiccfzstrlsaek7lhbals7fnzsj6ekedgkv3wltdaugqroms7iaf24,rich.lafferty.ca,did:plc:jldsdoe5mqnqgqcgqdrs44av,2026-04-12T19:00:02.795Z,"that ""unfollowed 1000+"" label is from @stechlab-labels.bsky.social, there's also a ""bulk follows"" label from @labeler.hailey.at",reply,at://did:plc:jldsdoe5mqnqgqcgqdrs44av/app.bsky.feed.post/3mjczjp46422d,at://did:plc:nqz53sdx5ijyns53fcdqxsmi/app.bsky.feed.post/3mjctgw4d6s2l,en,5,0,0,0,official mention,2026-06-26T14:05:00.228985+00:00,stechlab-labels.bsky.social,False,en,2026-06-26T14:06:34.776511+00:00,ok,,,,,
80,https://bsky.app/profile/rafmbatista.bsky.social/post/3mjcoozvvic2n,at://did:plc:5mj3u4tnxciyyvrsxqv254xw/app.bsky.feed.post/3mjcoozvvic2n,bafyreidkoeb6womdlrzavfxo35fdyhuzftrvjsw22mk7m5hl4yvo2yvvqm,rafmbatista.bsky.social,did:plc:5mj3u4tnxciyyvrsxqv254xw,2026-04-12T15:38:56.105Z,"I find these labels by @stechlab-labels.bsky.social so useful

Information from accounts posting 20+, 30+, 100+ times a day is just not the same as those made by folks who maintain an active life offline. How could it be? 

I’m more likely to scroll past the superposters.",post,,,en,1,0,0,0,official mention,2026-06-26T14:05:00.228985+00:00,stechlab-labels.bsky.social,True,en,2026-06-26T14:06:34.776511+00:00,ok,,,,,
81,https://bsky.app/profile/heartpunk.bsky.social/post/3mjck3rchjk24,at://did:plc:5clan7z4wsuvaffihedjv6fu/app.bsky.feed.post/3mjck3rchjk24,bafyreigw73s55kjx2lcj2nizj4vgxfj7abmcq3m3ciu6lvp7vixd2mmhyu,heartpunk.bsky.social,did:plc:5clan7z4wsuvaffihedjv6fu,2026-04-12T14:16:34.579Z,here’s one such @stechlab-labels.bsky.social,reply,at://did:plc:rmplvmo2uq2mlth23rqhgcvx/app.bsky.feed.post/3mjcjydsz6c26,at://did:plc:rmplvmo2uq2mlth23rqhgcvx/app.bsky.feed.post/3mjcjg4nm5226,en,0,0,1,0,official mention,2026-06-26T14:05:00.228985+00:00,stechlab-labels.bsky.social,False,en,2026-06-26T14:06:34.776511+00:00,ok,,,,,
82,https://bsky.app/profile/mdruker.app/post/3mjbedufges2p,at://did:plc:f6yekxxpke7gyas3d7qeipty/app.bsky.feed.post/3mjbedufges2p,bafyreieupq5odedjim6ddvj7utonjs73jdpjwmgbjamwzh7iasi54ab5tq,mdruker.app,did:plc:f6yekxxpke7gyas3d7qeipty,2026-04-12T03:01:04.070Z,"Also a plug for @stechlab-labels.bsky.social - if you subscribe to this labeler, you’ll get those handy labels showing mass unfollows, which are usually a solid indicator of odd activity and should give you some skepticism about the account",reply,at://did:plc:f6yekxxpke7gyas3d7qeipty/app.bsky.feed.post/3mjbdkfnask2p,at://did:plc:f6yekxxpke7gyas3d7qeipty/app.bsky.feed.post/3mjbdbwln5c2p,en,5,1,0,0,official mention,2026-06-26T14:05:00.228985+00:00,stechlab-labels.bsky.social,False,en,2026-06-26T14:06:34.776511+00:00,ok,,,,,
83,https://bsky.app/profile/anthonyisa.top/post/3mjaua7egpk2z,at://did:plc:4uqzdijb5ndnhttyak2xk6hc/app.bsky.feed.post/3mjaua7egpk2z,bafyreid2agests2fiuiy3zibcitgkxb7fqv75dw5a3iwiuaevqiathvnra,anthonyisa.top,did:plc:4uqzdijb5ndnhttyak2xk6hc,2026-04-11T22:12:41.486Z,@stechlab-labels.bsky.social,reply,at://did:plc:4uqzdijb5ndnhttyak2xk6hc/app.bsky.feed.post/3mjau5veefc2z,at://did:plc:4uqzdijb5ndnhttyak2xk6hc/app.bsky.feed.post/3mjau5veefc2z,en,4,0,0,0,official mention,2026-06-26T14:05:00.228985+00:00,stechlab-labels.bsky.social,False,unknown,2026-06-26T14:06:34.776511+00:00,ok,,,,,
84,https://bsky.app/profile/ohs.bsky.social/post/3mjaogxuqpk22,at://did:plc:rwwfjybfhawsmuniffuylqqm/app.bsky.feed.post/3mjaogxuqpk22,bafyreiftsx45tr2lvdf6xeml3dbcmokzwsmpoie2wkzxea3edvjp62kvty,ohs.bsky.social,did:plc:rwwfjybfhawsmuniffuylqqm,2026-04-11T20:29:06.062Z,the @stechlab-labels.bsky.social activity labeler is very useful,post,,,en,0,0,0,0,official mention,2026-06-26T14:05:00.228985+00:00,stechlab-labels.bsky.social,False,en,2026-06-26T14:06:34.776511+00:00,ok,,,,,
85,https://bsky.app/profile/djsleeve.bsky.social/post/3mj6zgxurek2j,at://did:plc:awxlgwdqnsokshe7hm7aevls/app.bsky.feed.post/3mj6zgxurek2j,bafyreigba57hvpqjahxexdt6vfjbgp5a6hf6epwbmh4w6twyg6njgt6egu,djsleeve.bsky.social,did:plc:awxlgwdqnsokshe7hm7aevls,2026-04-11T04:40:37.747Z,@stechlab-labels.bsky.social,reply,at://did:plc:awxlgwdqnsokshe7hm7aevls/app.bsky.feed.post/3mj6zgcsryc2j,at://did:plc:awxlgwdqnsokshe7hm7aevls/app.bsky.feed.post/3mj6zgcsryc2j,en,0,0,0,0,official mention,2026-06-26T14:05:00.228985+00:00,stechlab-labels.bsky.social,False,unknown,2026-06-26T14:06:34.776511+00:00,ok,,,,,
86,https://bsky.app/profile/djsleeve.bsky.social/post/3mj6zgcsryc2j,at://did:plc:awxlgwdqnsokshe7hm7aevls/app.bsky.feed.post/3mj6zgcsryc2j,bafyreid7mighq5cyfgsihbq7vcq5aicdppd7tw7gx7mthsg7ojj3kra2ny,djsleeve.bsky.social,did:plc:awxlgwdqnsokshe7hm7aevls,2026-04-11T04:40:15.662Z,"I cannot recommend this label enough, it really helps provide context: ‪@stechlab-labels.bsky.social‬",post,,,en,1,0,1,0,official mention,2026-06-26T14:05:00.228985+00:00,stechlab-labels.bsky.social,False,en,2026-06-26T14:06:34.776511+00:00,ok,,,,,
87,https://bsky.app/profile/goose.art/post/3miyxevtuwc2f,at://did:plc:hsqwcidfez66lwm3gxhfv5in/app.bsky.feed.post/3miyxevtuwc2f,bafyreiaclxz6hhg42t5chzkpf5gbae5weaizstt6vyi33wekwtmobqqtrm,goose.art,did:plc:hsqwcidfez66lwm3gxhfv5in,2026-04-08T18:47:42.597Z,"why do i feel like @stechlab-labels.bsky.social keeps adding lower and lower labels 

first i have to turn off ""posted 15 times"" now ""posted 30 times"", these are both pretty small numbers of times to post in a day

i guess the beauty of it is that you can just turn it off",post,,,en,5,0,2,0,official mention,2026-06-26T14:05:00.228985+00:00,stechlab-labels.bsky.social,False,en,2026-06-26T14:06:34.776511+00:00,ok,,,,,
88,https://bsky.app/profile/cshannonpdx.bsky.social/post/3miyvu3nw7k2z,at://did:plc:ji6rdlj3ln7mtudt3kgsbhky/app.bsky.feed.post/3miyvu3nw7k2z,bafyreich6ey4drwxvvse3772g4emvv45zwqjfdvgd33ojlwih24bjocz3e,cshannonpdx.bsky.social,did:plc:ji6rdlj3ln7mtudt3kgsbhky,2026-04-08T18:20:24.526Z,@stechlab-labels.bsky.social is a great labeler for this reason!,reply,at://did:plc:ujqjkkshssjfetjjunz64yyh/app.bsky.feed.post/3miyvqdfgts26,at://did:plc:ujqjkkshssjfetjjunz64yyh/app.bsky.feed.post/3miyvqdfgts26,en,1,0,1,0,official mention,2026-06-26T14:05:00.228985+00:00,stechlab-labels.bsky.social,False,en,2026-06-26T14:06:34.776511+00:00,ok,,,,,
89,https://bsky.app/profile/bigbigtruck.com/post/3miwwj3b6ns25,at://did:plc:iqaa2axsarcpx2tuspnp6ybi/app.bsky.feed.post/3miwwj3b6ns25,bafyreigjxko5toeqwrizvuklsbdizxatxc6cotgk76wgrczgzjbuuw4jni,bigbigtruck.com,did:plc:iqaa2axsarcpx2tuspnp6ybi,2026-04-07T23:26:49.276Z,Apropos of nothing I've found this to be a big improvement to by bsky experience @stechlab-labels.bsky.social,post,,,en,25,5,1,0,official mention,2026-06-26T14:05:00.228985+00:00,stechlab-labels.bsky.social,False,en,2026-06-26T14:06:34.776511+00:00,ok,,,,,
90,https://bsky.app/profile/surfdude29.ispost.ing/post/3miwv24hfmc24,at://did:plc:sflxm2fxohaqpfgahgdlm7rl/app.bsky.feed.post/3miwv24hfmc24,bafyreidqkmphmyptxf7eujeus2ragynij2kxt7vfma4q7adtd3zlq5xkjy,surfdude29.ispost.ing,did:plc:sflxm2fxohaqpfgahgdlm7rl,2026-04-07T23:00:33.468Z,"I know that labellers like @stechlab-labels.bsky.social index profile data changes in general, because ofc they have a label for certain numbers of profile changes over a certain time period

but I don't know if ones like @skywatch.blue do too?",reply,at://did:plc:vlblikmsgpx2i7fvxinrsvzu/app.bsky.feed.post/3miwtuz6oz22y,at://did:plc:sflxm2fxohaqpfgahgdlm7rl/app.bsky.feed.post/3miwro3ig2s24,en,2,0,0,0,official mention,2026-06-26T14:05:00.228985+00:00,stechlab-labels.bsky.social,False,en,2026-06-26T14:06:34.776511+00:00,ok,,,,,
91,https://bsky.app/profile/firu.cuia.me/post/3mivum2bris2d,at://did:plc:xjrz3xwoso4ghewyzjgbzu4j/app.bsky.feed.post/3mivum2bris2d,bafyreihysmdjafseyia7vm6nhg25fsmfr3w5sghxbaegccbub6dbghshvm,firu.cuia.me,did:plc:xjrz3xwoso4ghewyzjgbzu4j,2026-04-07T13:20:01.687Z,Essas tags do @stechlab-labels.bsky.social são muito úteis,post,,,pt,0,0,1,0,official mention,2026-06-26T14:05:00.228985+00:00,stechlab-labels.bsky.social,False,pt,2026-06-26T14:06:34.776511+00:00,ok,,,,,
92,https://bsky.app/profile/pogue.omg.lol/post/3miv5flo75c2o,at://did:plc:cipv3arp27zug6ugyk7fv76o/app.bsky.feed.post/3miv5flo75c2o,bafyreih5yb3b73xs6kbvr2or7gvfnu5lhvleeqngsbp2ccwjxzxdi6ckmm,pogue.omg.lol,did:plc:cipv3arp27zug6ugyk7fv76o,2026-04-07T06:24:48.976Z,"This fucking account activity labeler tells me WAAYY too much information on how myself and all my internet homies are big time losers and it's very unnecessary.

Try it out yourself if you wanna see what I'm talking about 
@stechlab-labels.bsky.social",post,,,en,2,0,1,0,official mention,2026-06-26T14:05:00.228985+00:00,stechlab-labels.bsky.social,False,en,2026-06-26T14:06:34.776511+00:00,ok,,,,,
93,https://bsky.app/profile/charyobserver.bsky.social/post/3mitolgfyhk2m,at://did:plc:qcmiempztdcj2wcz6wikn7x7/app.bsky.feed.post/3mitolgfyhk2m,bafyreiewx7xb57cpjjwjdvotvmff5clezwjfctgd7expmqmwckaloepg2q,charyobserver.bsky.social,did:plc:qcmiempztdcj2wcz6wikn7x7,2026-04-06T16:26:58.925Z,It’s the Account Activity Labeler from Cornell Tech @stechlab-labels.bsky.social,reply,at://did:plc:3wawjzhuuhb6cfks645m3t25/app.bsky.feed.post/3mitmz2pwds2j,at://did:plc:rbgwij3cs2kf4pugtbn2d3x4/app.bsky.feed.post/3mitmqwixhc2i,en,0,0,0,0,official mention,2026-06-26T14:05:00.228985+00:00,stechlab-labels.bsky.social,False,en,2026-06-26T14:06:34.776511+00:00,ok,,,,,
94,https://bsky.app/profile/chucke.com/post/3mitmyx5de224,at://did:plc:52p4wmtfkrnpru2depams45w/app.bsky.feed.post/3mitmyx5de224,bafyreifehvv4mbkrrgnkv4evcegu2oloejg25kueukoruojmaeu5ctv5ry,chucke.com,did:plc:52p4wmtfkrnpru2depams45w,2026-04-06T15:58:45.187Z,"I found a fun labeler that tells you if someone is very online or not. All my mutuals are very online, as am I.

@stechlab-labels.bsky.social",post,,,en,5,1,0,0,official mention,2026-06-26T14:05:00.228985+00:00,stechlab-labels.bsky.social,True,en,2026-06-26T14:06:34.776511+00:00,ok,,,,,
95,https://bsky.app/profile/rich.lafferty.ca/post/3mirvxdpqic2d,at://did:plc:jldsdoe5mqnqgqcgqdrs44av/app.bsky.feed.post/3mirvxdpqic2d,bafyreicg663ajw5fyvjye5ryvbi5xwie4us3mmcom6chwite7vesnxy33i,rich.lafferty.ca,did:plc:jldsdoe5mqnqgqcgqdrs44av,2026-04-05T23:33:35.466Z,"it's a bot (see label, courtesy @stechlab-labels.bsky.social)",reply,at://did:plc:yenteuievxe36fayisxoceed/app.bsky.feed.post/3mioeuiaips2z,at://did:plc:yenteuievxe36fayisxoceed/app.bsky.feed.post/3miodypulec2z,en,0,0,0,0,official mention,2026-06-26T14:05:00.228985+00:00,stechlab-labels.bsky.social,True,en,2026-06-26T14:06:34.776511+00:00,ok,,,,,
96,https://bsky.app/profile/bunkum.us/post/3mirjtsmd3k2w,at://did:plc:jwcnmli4jkle63x4oqouiylu/app.bsky.feed.post/3mirjtsmd3k2w,bafyreihkwre2b3ecqs25rt74kxd5stum6wdex467ik2ebkqictzytp74fa,bunkum.us,did:plc:jwcnmli4jkle63x4oqouiylu,2026-04-05T19:56:51.966Z,anubis weighs your @stechlab-labels.bsky.social badges against a feather,post,,,en,1,0,0,0,official mention,2026-06-26T14:05:00.228985+00:00,stechlab-labels.bsky.social,False,en,2026-06-26T14:06:34.776511+00:00,ok,,,,,
97,https://bsky.app/profile/gokufumante.bsky.social/post/3miqcix3zmc24,at://did:plc:nsksowdtjatmnuydbpao4z7a/app.bsky.feed.post/3miqcix3zmc24,bafyreigb7l6u52xzk6hrhawt76akbx7mhg2gt722ar6kfhu434ie6zqxpq,gokufumante.bsky.social,did:plc:nsksowdtjatmnuydbpao4z7a,2026-04-05T08:12:51.644Z,"minhas labels do @stechlab-labels.bsky.social estão boas, até",post,,,pt,1,0,0,0,official mention,2026-06-26T14:05:00.228985+00:00,stechlab-labels.bsky.social,False,pt,2026-06-26T14:06:34.776511+00:00,ok,,,,,
98,https://bsky.app/profile/minnesotatheist.bsky.social/post/3mip57smq2225,at://did:plc:yed5jldzzwhxiy7so2sj5b27/app.bsky.feed.post/3mip57smq2225,bafyreibjhamdcmog7g2gs4lemoqfp7fcxbkuegtih5e5i5jqbssrtgc7v4,minnesotatheist.bsky.social,did:plc:yed5jldzzwhxiy7so2sj5b27,2026-04-04T21:05:36.511Z,And as that labeler @stechlab-labels.bsky.social has shown way too many people actually do post and reply way too much. The fact that some people can make more than 100 posts and/or replies A DAY on this site shows me that some people spend WAY too much time here.,reply,at://did:plc:5x4p5tgshfa7xef6f3jrv34h/app.bsky.feed.post/3mimo36lzw22w,at://did:plc:5x4p5tgshfa7xef6f3jrv34h/app.bsky.feed.post/3mimo36lzw22w,en,0,0,0,0,official mention,2026-06-26T14:05:00.228985+00:00,stechlab-labels.bsky.social,False,en,2026-06-26T14:06:34.776511+00:00,ok,,,,,
99,https://bsky.app/profile/minnesotatheist.bsky.social/post/3miooaiepus25,at://did:plc:yed5jldzzwhxiy7so2sj5b27/app.bsky.feed.post/3miooaiepus25,bafyreifk3xi47guq42bs3boay6x5oaw4dffkw7nsr5n336qob32rjotgfy,minnesotatheist.bsky.social,did:plc:yed5jldzzwhxiy7so2sj5b27,2026-04-04T16:37:33.191Z,"I will always recommend @stechlab-labels.bsky.social because it shows me which people spend way too much time on this site. I've only once got labeled by it, and it was because I shared the same post multiple times once, and I'm proud of that.",reply,at://did:plc:bzy5rjjduvvkxno5xe3evl3f/app.bsky.feed.post/3mimskljgnk2t,at://did:plc:bzy5rjjduvvkxno5xe3evl3f/app.bsky.feed.post/3mimskljgnk2t,en,0,0,0,0,official mention,2026-06-26T14:05:00.228985+00:00,stechlab-labels.bsky.social,False,en,2026-06-26T14:06:34.776511+00:00,ok,,,,,
100,https://bsky.app/profile/webweasel.bsky.social/post/3mimq5vrxm22b,at://did:plc:x5qsaiungthvmpzdmqrjv462/app.bsky.feed.post/3mimq5vrxm22b,bafyreicpqqvkqmwuippoizhdvqivinqxoem6t6fy2sccjbljfls6mbnomi,webweasel.bsky.social,did:plc:x5qsaiungthvmpzdmqrjv462,2026-04-03T22:06:34.600Z,Plan C - Use @stechlab-labels.bsky.social to identify the terminally online and preemptively block them! 😉,reply,at://did:plc:bxbupxbzwpeb5prnkie3hw2d/app.bsky.feed.post/3mimmsobz4c2e,at://did:plc:iriguxga3a3ngc4ezfk56knk/app.bsky.feed.post/3miml2faybk2l,en,1,0,0,0,official mention,2026-06-26T14:05:00.228985+00:00,stechlab-labels.bsky.social,False,en,2026-06-26T14:06:34.776511+00:00,ok,,,,,
101,https://bsky.app/profile/skeet.best/post/3mimljfvqts2q,at://did:plc:pjdpq5sstfnpetzprwjwva62/app.bsky.feed.post/3mimljfvqts2q,bafyreiedhjflxxndn2t5bfnfxxlmqtmjvhugxhp4tfarcoozzidgmb7upm,skeet.best,did:plc:pjdpq5sstfnpetzprwjwva62,2026-04-03T20:43:31.891Z,"(on top of the @stechlab-labels.bsky.social labels, I know this is a bot because Bluesky's spam detection already caught it, and it's the second time I've seen it posted from two ""different"" accounts)",reply,at://did:plc:pjdpq5sstfnpetzprwjwva62/app.bsky.feed.post/3mimkaiqiuc2q,at://did:plc:pjdpq5sstfnpetzprwjwva62/app.bsky.feed.post/3mimkaiqiuc2q,en,0,0,0,0,official mention,2026-06-26T14:05:00.228985+00:00,stechlab-labels.bsky.social,False,en,2026-06-26T14:06:34.776511+00:00,ok,,,,,
102,https://bsky.app/profile/caactivist.bsky.social/post/3mimk4bk2l22x,at://did:plc:cxcai3fc5wh5zckbbx4fcadi/app.bsky.feed.post/3mimk4bk2l22x,bafyreicx75kc7ijaehwzzlbyzogflfdczw2cregjkciqgn7bpdvggtlfhq,caactivist.bsky.social,did:plc:cxcai3fc5wh5zckbbx4fcadi,2026-04-03T20:18:17.349Z,"I received a notice about a label someone put on my domain I only have 16hrs to appeal🤬This is why I VET & also frequently look at my followers I have not done often enough. I cannot see the label, I have sent emails to stechlab, modification & support. 
@stechlab-labels.bsky.social 
NO MAGAS‼️",post,,,en,1,0,0,0,official mention,2026-06-26T14:05:00.228985+00:00,stechlab-labels.bsky.social,False,en,2026-06-26T14:06:34.776511+00:00,ok,,,,,
103,https://bsky.app/profile/kebe.com/post/3mim4nvt2dk2n,at://did:plc:z6oft3goqmouo4xewqhk3735/app.bsky.feed.post/3mim4nvt2dk2n,bafyreigqwps4imief6b4pskswvi7re5rkumkoe6jki3umjucgkq7ssboii,kebe.com,did:plc:z6oft3goqmouo4xewqhk3735,2026-04-03T16:17:36.671Z,Inner post (not yours @kevinmkruse.bsky.social ) should be labelled by the likes of @stechlab-labels.bsky.social,reply,at://did:plc:cnpe7qvcyjrhm6w7w7e4atur/app.bsky.feed.post/3mim3yujlb22j,at://did:plc:cnpe7qvcyjrhm6w7w7e4atur/app.bsky.feed.post/3mim3yujlb22j,en,1,0,0,0,official mention,2026-06-26T14:05:00.228985+00:00,stechlab-labels.bsky.social,False,en,2026-06-26T14:06:34.776511+00:00,ok,,,,,
104,https://bsky.app/profile/escuerzo79.bsky.social/post/3mikmetdlsc2d,at://did:plc:yzyef3wplfezro3eau65zxjd/app.bsky.feed.post/3mikmetdlsc2d,bafyreibyigljli25zzerfcufrqxk64n3oof6r64dcwnebaecxm7cmwycdy,escuerzo79.bsky.social,did:plc:yzyef3wplfezro3eau65zxjd,2026-04-03T01:53:32.468Z,@stechlab-labels.bsky.social tá na mão,reply,at://did:plc:meo3j5cjdjh3zaddrv2u5he7/app.bsky.feed.post/3mikmbsjzq22m,at://did:plc:yzyef3wplfezro3eau65zxjd/app.bsky.feed.post/3mikmatcp7k2d,pt,1,0,0,0,official mention,2026-06-26T14:05:00.228985+00:00,stechlab-labels.bsky.social,False,pt,2026-06-26T14:06:34.776511+00:00,ok,,,,,
105,https://bsky.app/profile/mdruker.app/post/3mih6b7e2vc2d,at://did:plc:f6yekxxpke7gyas3d7qeipty/app.bsky.feed.post/3mih6b7e2vc2d,bafyreicisoh445ohc3ihvdpjt4lj2iujqlr5xibf7gedq6fvqzuo4gpjya,mdruker.app,did:plc:f6yekxxpke7gyas3d7qeipty,2026-04-01T17:02:59.249Z,Yep - @stechlab-labels.bsky.social,reply,at://did:plc:wkwkvvksz6vxdu2vyc3a42rv/app.bsky.feed.post/3mih626h73k2z,at://did:plc:f6yekxxpke7gyas3d7qeipty/app.bsky.feed.post/3mifllia6fk2p,en,1,0,0,0,official mention,2026-06-26T14:05:00.228985+00:00,stechlab-labels.bsky.social,False,unknown,2026-06-26T14:06:34.776511+00:00,ok,,,,,
106,https://bsky.app/profile/mdruker.app/post/3mifng7adxk2p,at://did:plc:f6yekxxpke7gyas3d7qeipty/app.bsky.feed.post/3mifng7adxk2p,bafyreihge2lnxpuoclbbercac6ra334qqngjociaxz6ubnhugx45gal2fu,mdruker.app,did:plc:f6yekxxpke7gyas3d7qeipty,2026-04-01T02:28:53.550Z,The super helpful labeler is @stechlab-labels.bsky.social if anyone else wants to see those labels too,reply,at://did:plc:rmanzq4vynzebpdxct32ywbz/app.bsky.feed.post/3mifnaicolc27,at://did:plc:rmanzq4vynzebpdxct32ywbz/app.bsky.feed.post/3mifnaicolc27,en,2,2,0,0,official mention,2026-06-26T14:05:00.228985+00:00,stechlab-labels.bsky.social,False,en,2026-06-26T14:06:34.776511+00:00,ok,,,,,
107,https://bsky.app/profile/angelgropero.eurosky.social/post/3miepai7hrc2b,at://did:plc:k4yq6bgbvhocing2e33me47t/app.bsky.feed.post/3miepai7hrc2b,bafyreie5sasf2lpkuhmtsex7mipws3z36ff3hlxs2jtbvyu5qxzmx5mjvi,angelgropero.eurosky.social,did:plc:k4yq6bgbvhocing2e33me47t,2026-03-31T17:28:49.359Z,Me he suscrito a @stechlab-labels.bsky.social y me hace gracia que una de las etiquetas que pone es esta:,post,,,es,0,0,0,0,official mention,2026-06-26T14:05:00.228985+00:00,stechlab-labels.bsky.social,True,es,2026-06-26T14:06:34.776511+00:00,ok,,,,,
108,https://bsky.app/profile/fack.bsky.social/post/3miekuzf35k2b,at://did:plc:wruajhwucqcxppfbvbxudmx4/app.bsky.feed.post/3miekuzf35k2b,bafyreifffubkso6y2ab2sephn6guutj3rfprontand6wzkw2k4brth6bwm,fack.bsky.social,did:plc:wruajhwucqcxppfbvbxudmx4,2026-03-31T16:10:49.765Z,Don't @ me unless your @stechlab-labels.bsky.social labels look like this:,quote,,,en,3,0,0,0,official mention,2026-06-26T14:05:00.228985+00:00,stechlab-labels.bsky.social,False,unknown,2026-06-26T14:06:34.776511+00:00,ok,,,,,
109,https://bsky.app/profile/moistenedtart.bsky.social/post/3midcy5clgc2r,at://did:plc:z4lwuvzf3242dub44d4qyton/app.bsky.feed.post/3midcy5clgc2r,bafyreihmk6wjybh63q4uqwvb4p6ihgujdrs7hjvem2hrbhzbanlk5ggi6e,moistenedtart.bsky.social,did:plc:z4lwuvzf3242dub44d4qyton,2026-03-31T04:16:44.868Z,@stechlab-labels.bsky.social,reply,at://did:plc:aina7pkzs2xdf5ragz4mjmdl/app.bsky.feed.post/3midcvezf6c25,at://did:plc:z4lwuvzf3242dub44d4qyton/app.bsky.feed.post/3midbyfomfk2r,en,0,0,1,0,official mention,2026-06-26T14:05:00.228985+00:00,stechlab-labels.bsky.social,False,unknown,2026-06-26T14:06:34.776511+00:00,ok,,,,,
110,https://bsky.app/profile/shadow.hedgie.social/post/3miccen4tms23,at://did:plc:jso7eonpai3or3by5fx4pffi/app.bsky.feed.post/3miccen4tms23,bafyreihb752q5owqakvambanma544xeqcgagw6hw2t6mpdagoqejnt5psm,shadow.hedgie.social,did:plc:jso7eonpai3or3by5fx4pffi,2026-03-30T18:33:10.631Z,the account activity stats from @stechlab-labels.bsky.social,reply,at://did:plc:rhmku3twwsqmsfwthxde2he5/app.bsky.feed.post/3mic6yg4ija2k,at://did:plc:rhmku3twwsqmsfwthxde2he5/app.bsky.feed.post/3mic6yg4ija2k,en,5,0,1,0,official mention,2026-06-26T14:05:00.228985+00:00,stechlab-labels.bsky.social,False,en,2026-06-26T14:06:34.776511+00:00,ok,,,,,
111,https://bsky.app/profile/julietshen.bsky.social/post/3mia3vhrv3c2z,at://did:plc:5ekiam2ybpgrbmpbhylb7ama/app.bsky.feed.post/3mia3vhrv3c2z,bafyreigfntjhuqtpd3v7wz4idlm32hpisqd5zws42uhsa6f3f64bwgs4ra,julietshen.bsky.social,did:plc:5ekiam2ybpgrbmpbhylb7ama,2026-03-29T21:31:59.786Z,shoutouts to @laelaps.fyi @stechlab-labels.bsky.social and @moderation.blacksky.app,reply,at://did:plc:5ekiam2ybpgrbmpbhylb7ama/app.bsky.feed.post/3mia3ud4ztc2z,at://did:plc:5ekiam2ybpgrbmpbhylb7ama/app.bsky.feed.post/3mia2fosr4c2g,en,11,0,0,0,official mention,2026-06-26T14:05:00.228985+00:00,stechlab-labels.bsky.social,False,en,2026-06-26T14:06:34.776511+00:00,ok,,,,,
112,https://bsky.app/profile/informor.bsky.social/post/3mi7srjnles2t,at://did:plc:p56fqcvdu32phbpagcrweavg/app.bsky.feed.post/3mi7srjnles2t,bafyreibd5oijn6av2r4jwygt2saxjqbhq27bpalehdaa4hytzukpqzlhs4,informor.bsky.social,did:plc:p56fqcvdu32phbpagcrweavg,2026-03-29T18:48:43.847Z,"I regret missing #atmosphereconf but would love attendees to check out and give feedback on our labeler at @stechlab-labels.bsky.social -- a first-pass implementation looking at how labelers can improve the surfacing of transparent, objective, useful ATProto information about account behavior.",post,,,en,16,9,3,2,official mention,2026-06-26T14:05:00.228985+00:00,stechlab-labels.bsky.social,False,en,2026-06-26T14:06:34.776511+00:00,ok,,,,,
113,https://bsky.app/profile/thezoikkeli.bsky.social/post/3mi7phgb2jc27,at://did:plc:wmgxmlgoakzi6aeroxxugc2t/app.bsky.feed.post/3mi7phgb2jc27,bafyreihe5bv3zi6yqc6f5skrhaku4eox3ehytimujf2j6y23jwrdx2b7zy,thezoikkeli.bsky.social,did:plc:wmgxmlgoakzi6aeroxxugc2t,2026-03-29T17:49:23.522Z,"I'm calling this a slightly suspicious case, but not enough for a report. Some followers have very high following counts - highest I saw was 246.7k, and metadata (from @stechlab-labels.bsky.social) doesn't show noticeable churn.",reply,at://did:plc:yk4oycdgm7mswpckg2xeeio5/app.bsky.feed.post/3mi6f2wq3xs2n,at://did:plc:yk4oycdgm7mswpckg2xeeio5/app.bsky.feed.post/3mi6f2wq3xs2n,en,0,0,0,0,official mention,2026-06-26T14:05:00.228985+00:00,stechlab-labels.bsky.social,False,en,2026-06-26T14:06:34.776511+00:00,ok,,,,,
114,https://bsky.app/profile/mdruker.app/post/3mi76whoxrs2a,at://did:plc:f6yekxxpke7gyas3d7qeipty/app.bsky.feed.post/3mi76whoxrs2a,bafyreihjd5hmhuev3pcvlbrw7xq3jjzv2mqqb6yiyyx6rkzjti7wnqbyfe,mdruker.app,did:plc:f6yekxxpke7gyas3d7qeipty,2026-03-29T12:53:34.730Z,Those labels are from this labeler: @stechlab-labels.bsky.social,reply,at://did:plc:ijxkdb2iizz74vjzq4xwm7bb/app.bsky.feed.post/3mi6gva2vgs2d,at://did:plc:f6yekxxpke7gyas3d7qeipty/app.bsky.feed.post/3mi66rsgkgs2a,en,1,0,1,0,official mention,2026-06-26T14:05:00.228985+00:00,stechlab-labels.bsky.social,False,en,2026-06-26T14:06:34.776511+00:00,ok,,,,,
115,https://bsky.app/profile/kathaja.com/post/3mi5d23wvd227,at://did:plc:kdga75chqxk55lndxa3c62em/app.bsky.feed.post/3mi5d23wvd227,bafyreieaarr2vcbf6c2odhzv5vu6s6qvecq66fqiwrbazoicgnhduxq63m,kathaja.com,did:plc:kdga75chqxk55lndxa3c62em,2026-03-28T19:01:52.097Z,"Ah yes, what a wonderful labeler. It calls out all those follow/unfollow attention-seekers for me ◡⁠‿◡

Thank you @stechlab-labels.bsky.social",post,,,en,32,3,6,0,official mention,2026-06-26T14:05:00.228985+00:00,stechlab-labels.bsky.social,True,en,2026-06-26T14:06:34.776511+00:00,ok,,,,,
116,https://bsky.app/profile/kerthulhu75.bsky.social/post/3mi54x5xrq22y,at://did:plc:mhfr7zbb7tdrc7xu7qckgkgt/app.bsky.feed.post/3mi54x5xrq22y,bafyreicph3wnklaslx72qolr6xqz7zzmxbh4kog7kpafmkolmhqsyyqgti,kerthulhu75.bsky.social,did:plc:mhfr7zbb7tdrc7xu7qckgkgt,2026-03-28T17:12:51.127Z,@stechlab-labels.bsky.social,reply,at://did:plc:o3fsnjyf66iio5rxjidak43z/app.bsky.feed.post/3mi54vdvvlc24,at://did:plc:mhfr7zbb7tdrc7xu7qckgkgt/app.bsky.feed.post/3mi4xv6fuv22y,en,1,0,1,0,official mention,2026-06-26T14:05:00.228985+00:00,stechlab-labels.bsky.social,False,unknown,2026-06-26T14:06:34.776511+00:00,ok,,,,,
117,https://bsky.app/profile/honeylilbunny.bsky.social/post/3mi4trdmnt225,at://did:plc:qjfa6mr2duga25xoqhd6lyvx/app.bsky.feed.post/3mi4trdmnt225,bafyreigdlcquxq7vxgebntb4scd2vzdtxfip6zrpbkqj7udczqrdugadze,honeylilbunny.bsky.social,did:plc:qjfa6mr2duga25xoqhd6lyvx,2026-03-28T14:28:32.041Z,"Type of shit i mute on sight 
Thank you daddy @stechlab-labels.bsky.social",post,,,en,1,0,0,0,official mention,2026-06-26T14:05:00.228985+00:00,stechlab-labels.bsky.social,True,en,2026-06-26T14:06:34.776511+00:00,ok,,,,,
118,https://bsky.app/profile/borgly.bsky.social/post/3mi3w5zp4s22b,at://did:plc:gjxxciokbxe37u7lhaxwqnks/app.bsky.feed.post/3mi3w5zp4s22b,bafyreibsmh6ifs6aehxe7vr7nhdrfnc6ksenoocaumrqbn6l6yatknmw3e,borgly.bsky.social,did:plc:gjxxciokbxe37u7lhaxwqnks,2026-03-28T05:38:45.599Z,"How did I not know about the Account Activity labeler before?
@stechlab-labels.bsky.social",post,,,en,1,0,1,0,official mention,2026-06-26T14:05:00.228985+00:00,stechlab-labels.bsky.social,False,en,2026-06-26T14:06:34.776511+00:00,ok,,,,,
119,https://bsky.app/profile/thesnarkygent.bsky.social/post/3mi3odomyr22n,at://did:plc:7pmsxdmnlf4qivlvzjwe2oiv/app.bsky.feed.post/3mi3odomyr22n,bafyreifk6ocbnxtm4vaeaac6unve7fduwh6isdd6l4kmdluj7ry52aqj5i,thesnarkygent.bsky.social,did:plc:7pmsxdmnlf4qivlvzjwe2oiv,2026-03-28T03:18:45.371Z,"Some environmental storytelling courtesy of the @stechlab-labels.bsky.social labeller:

""You believe in protests to fight the Trump regime? That pales in comparison to my strategy: compulsive angry poasting.""",post,,,en,1,0,0,0,official mention,2026-06-26T14:05:00.228985+00:00,stechlab-labels.bsky.social,True,en,2026-06-26T14:06:34.776511+00:00,ok,,,,,
120,https://bsky.app/profile/jametc.bsky.social/post/3mi3anymas22s,at://did:plc:7p7g2rae47jmgxg3ncwslczi/app.bsky.feed.post/3mi3anymas22s,bafyreihv27xac4yr7g2eourswxqtmngye544v5ugfufdohrlvlj6mhwfsu,jametc.bsky.social,did:plc:7p7g2rae47jmgxg3ncwslczi,2026-03-27T23:13:59.008Z,I subscribe to the @stechlab-labels.bsky.social labels because it keeps me humble,post,,,en,15,0,2,0,official mention,2026-06-26T14:05:00.228985+00:00,stechlab-labels.bsky.social,False,en,2026-06-26T14:06:34.776511+00:00,ok,,,,,
121,https://bsky.app/profile/thezoikkeli.bsky.social/post/3mi2j6ddaak2d,at://did:plc:wmgxmlgoakzi6aeroxxugc2t/app.bsky.feed.post/3mi2j6ddaak2d,bafyreib7u2feelazb3ecennbzmngipcatnhungvcuhy7cb2rltxd34k7xm,thezoikkeli.bsky.social,did:plc:wmgxmlgoakzi6aeroxxugc2t,2026-03-27T16:13:37.315Z,"No clear signs of phishing anymore, but some degree of follow farming seems to be going on - following 800+ accounts while has unfollowed 100+ accounts in last 24h per @stechlab-labels.bsky.social.",reply,at://did:plc:nbi5pnmtslo7slc4tdo7mb22/app.bsky.feed.post/3mhtaxnwuls2i,at://did:plc:nbi5pnmtslo7slc4tdo7mb22/app.bsky.feed.post/3mhtaxnwuls2i,en,0,0,0,0,official mention,2026-06-26T14:05:00.228985+00:00,stechlab-labels.bsky.social,False,en,2026-06-26T14:06:34.776511+00:00,ok,,,,,
122,https://bsky.app/profile/egall.bsky.social/post/3mi26fgr3vs2s,at://did:plc:o56qmbc5xf5gnrlhm3ozhgpk/app.bsky.feed.post/3mi26fgr3vs2s,bafyreigsob4s3vjtihhmqqqkpcwhsnksxgorjrua3d6wwgvh7d3fwejeza,egall.bsky.social,did:plc:o56qmbc5xf5gnrlhm3ozhgpk,2026-03-27T13:00:44.634Z,"If @stechlab-labels.bsky.social is going to keep adding new labels to their labeler, could they at least put them in some sort of logical order? It's getting harder to follow my ""just keep the highest-frequency one on in each category"" rule, when they're not even kept in monotonic order by category",post,,,en,0,0,0,0,official mention,2026-06-26T14:05:00.228985+00:00,stechlab-labels.bsky.social,False,en,2026-06-26T14:06:34.776511+00:00,ok,,,,,
123,https://bsky.app/profile/aiueo.ooo/post/3mhton5gvu22o,at://did:plc:i7vd7szhlklkky6zsw6kqshn/app.bsky.feed.post/3mhton5gvu22o,bafyreidoo3qi6slgj6vdkzrgyme5ua4irahcw73vixiafdr3nxbcksy7ym,aiueo.ooo,did:plc:i7vd7szhlklkky6zsw6kqshn,2026-03-24T23:02:44.975Z,"Recommended labelers on this front:

- @skywatch.blue including lists
- @labeler.hailey.at except for the NSFW ones, which I’ve seen a lot of false positives for
- @stechlab-labels.bsky.social for supplementary info (not necessarily signifying inauthentic activity by itself)
- @bloom.yhvr.me ditto",reply,at://did:plc:i7vd7szhlklkky6zsw6kqshn/app.bsky.feed.post/3mhton5g5gs2o,at://did:plc:i7vd7szhlklkky6zsw6kqshn/app.bsky.feed.post/3mhton5g5gs2o,en,0,0,1,0,official mention,2026-06-26T14:05:00.228985+00:00,stechlab-labels.bsky.social,False,en,2026-06-26T14:06:34.776511+00:00,ok,,,,,
124,https://bsky.app/profile/elfprince13.mumak.app/post/3mhhgyilib22a,at://did:plc:jxcabn5oqg4xlpflgoy4rmxr/app.bsky.feed.post/3mhhgyilib22a,bafyreigytogsk7rv7yrobijd7qj7ptueh2f7uw7tanvqfbe4gmus2vvsei,elfprince13.mumak.app,did:plc:jxcabn5oqg4xlpflgoy4rmxr,2026-03-20T02:13:58.988Z,Meanwhile I appear to have @stechlab-labels.bsky.social “made over 25 replies yesterday”,reply,at://did:plc:oio4hkxaop4ao4wz2pp3f4cr/app.bsky.feed.post/3mhhgrjuzf22y,at://did:plc:oio4hkxaop4ao4wz2pp3f4cr/app.bsky.feed.post/3mgdss5hkks2i,en,2,0,0,0,official mention,2026-06-26T14:05:00.228985+00:00,stechlab-labels.bsky.social,False,en,2026-06-26T14:06:34.776511+00:00,ok,,,,,
125,https://bsky.app/profile/beholdnec.bsky.social/post/3mhhgvcw2v22h,at://did:plc:vsvbfhigln5brlbpocww5i62/app.bsky.feed.post/3mhhgvcw2v22h,bafyreiesldeowxitxt5rk3kupz2ajdg4yz7dyivrmrdx5o4ue7jospiclu,beholdnec.bsky.social,did:plc:vsvbfhigln5brlbpocww5i62,2026-03-20T02:12:12.367Z,"Can't recommend @stechlab-labels.bsky.social highly enough, it's good for detecting fake AI people",quote,,,en,0,0,0,0,official mention,2026-06-26T14:05:00.228985+00:00,stechlab-labels.bsky.social,False,en,2026-06-26T14:06:34.776511+00:00,ok,,,,,
126,https://bsky.app/profile/skeet.best/post/3mhh4mkpu6c2y,at://did:plc:pjdpq5sstfnpetzprwjwva62/app.bsky.feed.post/3mhh4mkpu6c2y,bafyreidczlwqos43b3a23ioiywnqo76226jkjb7csfsdfqj72f3pcy4syi,skeet.best,did:plc:pjdpq5sstfnpetzprwjwva62,2026-03-19T23:08:21.156Z,not sure what the latest state of the art is in Voight-Kampff tests but @stechlab-labels.bsky.social is about as close as you can get to having the Bluesky version of the glasses from They Live,quote,,,en,2,2,0,1,official mention,2026-06-26T14:05:00.228985+00:00,stechlab-labels.bsky.social,False,en,2026-06-26T14:06:34.776511+00:00,ok,,,,,
127,https://bsky.app/profile/pavlovforgoths.com/post/3mhgsqf54x22h,at://did:plc:iniljto6o7z667rqvphp47km/app.bsky.feed.post/3mhgsqf54x22h,bafyreih3w4dbkemwxjwmrke4rug6hp6q6ktgebrz5r6iqqb5grumtts4vq,pavlovforgoths.com,did:plc:iniljto6o7z667rqvphp47km,2026-03-19T20:11:32.100Z,"It's a labeller, a tool you can use on Bluesky! Here's a link with more info: @stechlab-labels.bsky.social",reply,at://did:plc:szm2nlpgtp5gfcibrak7fg7g/app.bsky.feed.post/3mhgrzkpvlk2u,at://did:plc:6wpkkitfdkgthatfvspcfmjo/app.bsky.feed.post/3mhgqlfzjws2g,en,8,1,1,1,official mention,2026-06-26T14:05:00.228985+00:00,stechlab-labels.bsky.social,False,en,2026-06-26T14:06:34.776511+00:00,ok,,,,,
128,https://bsky.app/profile/richardwinskill.uk/post/3mhdyhlvvjc2o,at://did:plc:eufezudu5ufy3av2lavaw53h/app.bsky.feed.post/3mhdyhlvvjc2o,bafyreifk6eal3rw32amtabgg7quopvn6ktbh4w7meb3fxhqy72rc2r55ba,richardwinskill.uk,did:plc:eufezudu5ufy3av2lavaw53h,2026-03-18T17:16:00.439Z,"I guess @stechlab-labels.bsky.social changed their labelling a few days ago, because it's suddenly become very spammy…",post,,,en,2,0,1,0,official mention,2026-06-26T14:05:00.228985+00:00,stechlab-labels.bsky.social,True,en,2026-06-26T14:06:34.776511+00:00,ok,,,,,
129,https://bsky.app/profile/northwind.myatproto.social/post/3mhdtfab7ps2n,at://did:plc:cugnuwafnp364mnpnpiddohc/app.bsky.feed.post/3mhdtfab7ps2n,bafyreif7y74o57vyleeut42g4glrenkjmzdrosrimqne4hrbw433rbrxee,northwind.myatproto.social,did:plc:cugnuwafnp364mnpnpiddohc,2026-03-18T15:45:11.972Z,"Surely not the intention, but from a game-theory perspective this essentially serves to incentivize using the site less. It would help if @stechlab-labels.bsky.social were to differentiate “replies to others” from “threaded replies to oneself.”",reply,at://did:plc:cugnuwafnp364mnpnpiddohc/app.bsky.feed.post/3mhdtfab5rc2n,at://did:plc:cugnuwafnp364mnpnpiddohc/app.bsky.feed.post/3mhdtf7tjak2n,en,2,0,1,0,official mention,2026-06-26T14:05:00.228985+00:00,stechlab-labels.bsky.social,False,en,2026-06-26T14:06:34.776511+00:00,ok,,,,,
130,https://bsky.app/profile/northwind.myatproto.social/post/3mhdtf7tjak2n,at://did:plc:cugnuwafnp364mnpnpiddohc/app.bsky.feed.post/3mhdtf7tjak2n,bafyreihyuqmuf5j5xhxkonafy63j2ti5dsvhxa7v4kdvwigs5e7ep3n2pe,northwind.myatproto.social,did:plc:cugnuwafnp364mnpnpiddohc,2026-03-18T15:45:11.969Z,"Apropos of last post inre: game design, I feel like the @stechlab-labels.bsky.social badges for “over 25 replies” are, from a game-theory perspective, discouraging making threads. Even if they say the badges are not judgements, it’s a bit uncomfy to have the badge 24/7.",post,,,en,3,0,1,0,official mention,2026-06-26T14:05:00.228985+00:00,stechlab-labels.bsky.social,False,en,2026-06-26T14:06:34.776511+00:00,ok,,,,,
131,https://bsky.app/profile/voxpelli.com/post/3mhcxsocadc24,at://did:plc:24la36c5vk45r2sc4xscsikr/app.bsky.feed.post/3mhcxsocadc24,bafyreiaaqpe27mm7pqchbfr52tevbm7kp2cv2wbz7mxtsvnljvogri6ape,voxpelli.com,did:plc:24la36c5vk45r2sc4xscsikr,2026-03-18T07:31:38.567Z,"@bytevagabond.com FYI, the follow then unfollow to get more followers is more challenging in open social media.

@stechlab-labels.bsky.social has some stats on it:",post,,,en,1,0,0,0,official mention,2026-06-26T14:05:00.228985+00:00,stechlab-labels.bsky.social,True,en,2026-06-26T14:06:34.776511+00:00,ok,,,,,
132,https://bsky.app/profile/babyshoes4cash.com/post/3mhbqfwzjlk2s,at://did:plc:3pcnghkif2l2bf3g3hx5spsu/app.bsky.feed.post/3mhbqfwzjlk2s,bafyreigajozpg3h432stuih3xuqyiggn7ngzmbs3uewsycce7btgd4rmey,babyshoes4cash.com,did:plc:3pcnghkif2l2bf3g3hx5spsu,2026-03-17T19:46:35.582Z,"@stechlab-labels.bsky.social maybe if u introduce a bunch of new labels, you could set the default to 'show badge'?

or is this a bluesky limitation",reply,at://did:plc:3pcnghkif2l2bf3g3hx5spsu/app.bsky.feed.post/3mhbqead6ts2s,at://did:plc:3pcnghkif2l2bf3g3hx5spsu/app.bsky.feed.post/3mhbjp3stps2r,en,1,0,0,0,official mention,2026-06-26T14:05:00.228985+00:00,stechlab-labels.bsky.social,False,en,2026-06-26T14:06:34.776511+00:00,ok,,,,,
133,https://bsky.app/profile/xan.lol/post/3mha3dhy2v22b,at://did:plc:q7suwaz53ztc4mbiqyygbn43/app.bsky.feed.post/3mha3dhy2v22b,bafyreicfhqfwudebfbdtxmxsvobnskwf26bgrvvvry7hdx6iapebm5cyqe,xan.lol,did:plc:q7suwaz53ztc4mbiqyygbn43,2026-03-17T03:56:44.330Z,did they add more labels to @stechlab-labels.bsky.social,post,,,en,5,0,0,0,official mention,2026-06-26T14:05:00.228985+00:00,stechlab-labels.bsky.social,True,en,2026-06-26T14:06:34.776511+00:00,ok,,,,,
134,https://bsky.app/profile/stoneyboboney.bsky.social/post/3mh7yeqczvc2r,at://did:plc:d3iqst7etkr4vmv2vnpfk4t2/app.bsky.feed.post/3mh7yeqczvc2r,bafyreia6uti3brcha6wyimeqin3otxtnzrvpbx54noc7uipxzrwfml5o6a,stoneyboboney.bsky.social,did:plc:d3iqst7etkr4vmv2vnpfk4t2,2026-03-17T03:03:45.455Z,"Reminder in these crazy times that a labler of Accounts might prevent you spreading misinformation. 

Add @stechlab-labels.bsky.social to see what that account is up to before you reblog/promote.",post,,,en,0,0,0,0,official mention,2026-06-26T14:05:00.228985+00:00,stechlab-labels.bsky.social,False,en,2026-06-26T14:06:34.776511+00:00,ok,,,,,
135,https://bsky.app/profile/silver.phoenyx.net/post/3mh7h57gmxc24,at://did:plc:uqopswv3n7duxbuggvbu4fa7/app.bsky.feed.post/3mh7h57gmxc24,bafyreicbteqw4fxy5ud2qlwjnc2z7uv7t7hjnauahyzxvjgz3v57sdvbwu,silver.phoenyx.net,did:plc:uqopswv3n7duxbuggvbu4fa7,2026-03-16T21:55:19.248Z,"If you turn on the @stechlab-labels.bsky.social labeler you will spot some of the scam/bot accounts more easily. You're an author now, they're coming for you. 😭",reply,at://did:plc:uqjon6amgqigyqvqfmqlp5s4/app.bsky.feed.post/3mh7gys3nm22i,at://did:plc:uqjon6amgqigyqvqfmqlp5s4/app.bsky.feed.post/3mh6s75mrt22x,en,1,0,1,0,official mention,2026-06-26T14:05:00.228985+00:00,stechlab-labels.bsky.social,True,en,2026-06-26T14:06:34.776511+00:00,ok,,,,,
136,https://bsky.app/profile/orpach.neocities.org/post/3mh66qcytss2f,at://did:plc:bfp7n6e2rpr3yo7gpqdr2tfw/app.bsky.feed.post/3mh66qcytss2f,bafyreif7pnnti7epzow5xvaxbtkv3jmu6ngckqedctkbr7iaujpp5qdxne,orpach.neocities.org,did:plc:bfp7n6e2rpr3yo7gpqdr2tfw,2026-03-16T09:52:17.119Z,"Has a few labels from @stechlab-labels.bsky.social and @labeler.hailey.at too.

One of the dumbest ways I noticed a bot was the createdAt value on posts was always at 0 milliseconds.
This one's avoided that.",reply,at://did:plc:vsa6pno4ouhjiier5cqbchmh/app.bsky.feed.post/3mh4744n2uk25,at://did:plc:vsa6pno4ouhjiier5cqbchmh/app.bsky.feed.post/3mh4744n2uk25,en,3,0,0,0,official mention,2026-06-26T14:05:00.228985+00:00,stechlab-labels.bsky.social,False,en,2026-06-26T14:06:34.776511+00:00,ok,,,,,
137,https://bsky.app/profile/prettyhatmachine.bsky.social/post/3mh4fnrvf3s2i,at://did:plc:ef5d3i3gml75xfjss2g2oixm/app.bsky.feed.post/3mh4fnrvf3s2i,bafyreicustidf7cg2vg5yds667yori5s24wy34na6ahug6wluugxk544sy,prettyhatmachine.bsky.social,did:plc:ef5d3i3gml75xfjss2g2oixm,2026-03-15T16:50:48.787Z,"@stechlab-labels.bsky.social hello. Why am I getting notifications/badges for a list I didn’t subscribe to and isn’t available? 

Don’t need, or use, the replies label.",post,,,en,0,0,0,0,official mention,2026-06-26T14:05:00.228985+00:00,stechlab-labels.bsky.social,False,en,2026-06-26T14:06:34.776511+00:00,ok,,,,,
138,https://bsky.app/profile/aprilglick.bsky.social/post/3mh4dn3gxik2a,at://did:plc:oowadmoqzsurleedpzoi2jgg/app.bsky.feed.post/3mh4dn3gxik2a,bafyreieufcy5nyhirbg7g4qlizov5naosqwwjfyfidapwmdapaand5zvwa,aprilglick.bsky.social,did:plc:oowadmoqzsurleedpzoi2jgg,2026-03-15T16:14:37.761Z,@stechlab-labels.bsky.social is an activity labeler you can subscribe to!,reply,at://did:plc:lwxsghawesuxb3lglqmynwul/app.bsky.feed.post/3mh4dlf5jtk2x,at://did:plc:oowadmoqzsurleedpzoi2jgg/app.bsky.feed.post/3mh4dh5ryhk2a,en,1,0,1,0,official mention,2026-06-26T14:05:00.228985+00:00,stechlab-labels.bsky.social,False,en,2026-06-26T14:06:34.776511+00:00,ok,,,,,
139,https://bsky.app/profile/davidcrespo.bsky.social/post/3mh43gefmx22j,at://did:plc:ctphcgyhnllfluywokibtrgb/app.bsky.feed.post/3mh43gefmx22j,bafyreig3m55dix77ghuspy5l6pj6g2fzi5gvvo32rtlm4k24zaxcldkrme,davidcrespo.bsky.social,did:plc:ctphcgyhnllfluywokibtrgb,2026-03-15T13:47:42.338Z,I appreciate that the excellent @stechlab-labels.bsky.social labeler of shame has started distinguishing posts from replies. I do a lot of replies but hopefully not that many posts,post,,,en,14,1,0,0,official mention,2026-06-26T14:05:00.228985+00:00,stechlab-labels.bsky.social,True,en,2026-06-26T14:06:34.776511+00:00,ok,,,,,
140,https://bsky.app/profile/northwind.myatproto.social/post/3mgxofezbi22m,at://did:plc:cugnuwafnp364mnpnpiddohc/app.bsky.feed.post/3mgxofezbi22m,bafyreieerq7plz2p7aiujgy467kkxbd2fkl7ygercdkbijpzx22f7rj2be,northwind.myatproto.social,did:plc:cugnuwafnp364mnpnpiddohc,2026-03-13T19:43:51.832Z,"Heh, I apparently got the badge of shame from @stechlab-labels.bsky.social for posting 25+ replies yesterday - but I don't actually see the label on my account.

IRDC, lol, but it's interesting to me.",post,,,en,1,0,0,0,official mention,2026-06-26T14:05:00.228985+00:00,stechlab-labels.bsky.social,False,en,2026-06-26T14:06:34.776511+00:00,ok,,,,,
141,https://bsky.app/profile/thebrewergame.com/post/3mgvypkuzhk27,at://did:plc:h4z2z77u2dqenxrvt47i7kta/app.bsky.feed.post/3mgvypkuzhk27,bafyreigz4v76a3o5ohfxqmcs4rlky7h7o4vqncrad3anozydgdpbo3bfye,thebrewergame.com,did:plc:h4z2z77u2dqenxrvt47i7kta,2026-03-13T03:43:11.467Z,"By whom, and with what labels? I know you've gotten plenty from @stechlab-labels.bsky.social.",reply,at://did:plc:l37td5yhxl2irrzrgvei4qay/app.bsky.feed.post/3mgvoaaa22k2d,at://did:plc:l37td5yhxl2irrzrgvei4qay/app.bsky.feed.post/3mgvoaaa22k2d,en,1,1,1,0,official mention,2026-06-26T14:05:00.228985+00:00,stechlab-labels.bsky.social,False,en,2026-06-26T14:06:34.776511+00:00,ok,,,,,
142,https://bsky.app/profile/scottforbes.net/post/3mgtsu4s3ck2a,at://did:plc:zhelxnqf2yfcevj7iokaibti/app.bsky.feed.post/3mgtsu4s3ck2a,bafyreihssytny6eqxaxemy6ftv57gh5xzo5xq2ymnxm7njeehmkv55f3mu,scottforbes.net,did:plc:zhelxnqf2yfcevj7iokaibti,2026-03-12T06:53:02.531Z,"@stechlab-labels.bsky.social is a service that tags BlueSky accounts based on their activity, and tells me things like “this account posted >100 times yesterday” and such. Today, it tagged @staterepjuliareed.bsky.social  with this:",quote,,,en,6,0,1,1,official mention,2026-06-26T14:05:00.228985+00:00,stechlab-labels.bsky.social,False,en,2026-06-26T14:06:34.776511+00:00,ok,,,,,
143,https://bsky.app/profile/th.alassa.pink/post/3mgsh23lwbk2l,at://did:plc:brptsa5vnwnzgnujaauvt5x3/app.bsky.feed.post/3mgsh23lwbk2l,bafyreic4jezgfzxtoidyyyw3kp2zg6qgugvsohnvkrunfczv577afk3snm,th.alassa.pink,did:plc:brptsa5vnwnzgnujaauvt5x3,2026-03-11T17:48:57.975Z,@stechlab-labels.bsky.social is one (maybe there are more?),reply,at://did:plc:o3cqb6xpnfwez5pqynmw7ch3/app.bsky.feed.post/3mgsgxm2j5k2u,at://did:plc:qljoswyg66xltq24nedsiuhq/app.bsky.feed.post/3mgsgi27o222d,en,1,0,1,0,official mention,2026-06-26T14:05:00.228985+00:00,stechlab-labels.bsky.social,False,en,2026-06-26T14:06:34.776511+00:00,ok,,,,,
144,https://bsky.app/profile/pixieonthemoon.bsky.social/post/3mgmv3brvhs24,at://did:plc:rwgbhaj5fuulz53252g2g46p/app.bsky.feed.post/3mgmv3brvhs24,bafyreibfvcy25qdti2iqpk7yd4pri5l252w3sjpvgv2h3a6pwtkunw7vde,pixieonthemoon.bsky.social,did:plc:rwgbhaj5fuulz53252g2g46p,2026-03-09T12:44:11.967Z,oh COME ON why is there a new label for the poster's lableler? We are getting clocked at 25 posts now? @stechlab-labels.bsky.social 😭,post,,,en,1,0,1,0,official mention,2026-06-26T14:05:00.228985+00:00,stechlab-labels.bsky.social,True,en,2026-06-26T14:06:34.776511+00:00,ok,,,,,
145,https://bsky.app/profile/surfdude29.ispost.ing/post/3mgichg7ojk2p,at://did:plc:sflxm2fxohaqpfgahgdlm7rl/app.bsky.feed.post/3mgichg7ojk2p,bafyreig67cdho56izshhvhm6e7bzjcmh7ccyeuwskctmt3lixjsvteaywm,surfdude29.ispost.ing,did:plc:sflxm2fxohaqpfgahgdlm7rl,2026-03-07T17:00:19.215Z,"the @stechlab-labels.bsky.social labeller has a new ""more than 25 replies made in a day"" label

although I think they forgot to add it to their label definitions?",post,,,en,7,0,0,0,official mention,2026-06-26T14:05:00.228985+00:00,stechlab-labels.bsky.social,True,en,2026-06-26T14:06:34.776511+00:00,ok,,,,,
146,https://bsky.app/profile/bnewbold.net/post/3mgdln6oz6s2d,at://did:plc:44ybard66vv44zksje25o7dz/app.bsky.feed.post/3mgdln6oz6s2d,bafyreihkpi6jcfxnus4mx5kn7i5imvhit4jzt4fddweb4jf6w3fy6ajc3y,bnewbold.net,did:plc:44ybard66vv44zksje25o7dz,2026-03-05T20:01:17.646Z,the @xblock.aendra.dev and @stechlab-labels.bsky.social labelers are good starters for composable moderation.,reply,at://did:plc:44ybard66vv44zksje25o7dz/app.bsky.feed.post/3mgdljt6x5s2d,at://did:plc:44ybard66vv44zksje25o7dz/app.bsky.feed.post/3mgdlcqjwi22d,en,13,0,1,0,official mention,2026-06-26T14:05:00.228985+00:00,stechlab-labels.bsky.social,False,en,2026-06-26T14:06:34.776511+00:00,ok,,,,,
147,https://bsky.app/profile/evelyn.fyi/post/3mg4hwua6v224,at://did:plc:uq6deddvbeghcalacqzdwg47/app.bsky.feed.post/3mg4hwua6v224,bafyreibiyedx5sltun36znnjrbojolgfzgibnqmtdnpzqcgswdduz73qy4,evelyn.fyi,did:plc:uq6deddvbeghcalacqzdwg47,2026-03-03T00:06:29.083Z,@stechlab-labels.bsky.social is off the rails today,post,,,en,0,0,1,0,official mention,2026-06-26T14:05:00.228985+00:00,stechlab-labels.bsky.social,False,en,2026-06-26T14:06:34.776511+00:00,ok,,,,,
148,https://bsky.app/profile/themilfmag.net/post/3mg26ifurvs2s,at://did:plc:7q46e352bkfnp7vq4v5usiov/app.bsky.feed.post/3mg26ifurvs2s,bafyreianq7527wt6yzdoxfmzrpjmo3swqs3zihye6g6vacbkzhv5vo5kuu,themilfmag.net,did:plc:7q46e352bkfnp7vq4v5usiov,2026-03-02T02:12:01.114Z,@stechlab-labels.bsky.social u up?,reply,at://did:plc:7q46e352bkfnp7vq4v5usiov/app.bsky.feed.post/3mg26bagcwc2s,at://did:plc:7q46e352bkfnp7vq4v5usiov/app.bsky.feed.post/3mg26bagcwc2s,en,1,0,0,0,official mention,2026-06-26T14:05:00.228985+00:00,stechlab-labels.bsky.social,False,unknown,2026-06-26T14:06:34.776511+00:00,ok,,,,,
149,https://bsky.app/profile/tesarova.neocities.org/post/3mfqdyatigk22,at://did:plc:irl55ktxmidyl4jrescoduzx/app.bsky.feed.post/3mfqdyatigk22,bafyreigovs53kpbzt56sb2erjx2nhbxwftjk424atddw6ln56ag5rj6z6e,tesarova.neocities.org,did:plc:irl55ktxmidyl4jrescoduzx,2026-02-26T04:23:44.023Z,"@pronounpicker.ripperoni.com 
@stechlab-labels.bsky.social 
@khronos.world 
@bskyttrpg.bsky.social",reply,at://did:plc:irl55ktxmidyl4jrescoduzx/app.bsky.feed.post/3mfqcmsasgc2o,at://did:plc:irl55ktxmidyl4jrescoduzx/app.bsky.feed.post/3mfqcmsasgc2o,en,0,0,0,0,official mention,2026-06-26T14:05:00.228985+00:00,stechlab-labels.bsky.social,False,unknown,2026-06-26T14:06:34.776511+00:00,ok,,,,,
150,https://bsky.app/profile/drac.at/post/3mfpe7vdutz2f,at://did:plc:s52hxtzrfpne5qt6gxas3zbg/app.bsky.feed.post/3mfpe7vdutz2f,bafyreicboumz33fyeamalfgxrqetaevq7v6hkgisvfmqw7hswkibmxuici,drac.at,did:plc:s52hxtzrfpne5qt6gxas3zbg,2026-02-25T18:55:20.141Z,"recently turned on @stechlab-labels.bsky.social on my Bluesky account and got a 3-label hit on a user of “changed profile more than 5 out of the last 30 days”, “no break greater than 4 hrs yesterday” and “posted more than 50 times yesterday”

this is like poison dart frog colouration for posters",post,,,en,5,0,0,0,official mention,2026-06-26T14:05:00.228985+00:00,stechlab-labels.bsky.social,False,en,2026-06-26T14:06:34.776511+00:00,ok,,,,,
151,https://bsky.app/profile/destiniislands.blacksky.app/post/3mfotyoovh22r,at://did:plc:25ealoyafp23fkkqti5cqivr/app.bsky.feed.post/3mfotyoovh22r,bafyreigpxls33extfu2j3macv24tkc4onofnhmp5oh6vvjx3cpc4rbijvi,destiniislands.blacksky.app,did:plc:25ealoyafp23fkkqti5cqivr,2026-02-25T14:04:58.947Z,"Yes and yes, another reason I really enjoy @stechlab-labels.bsky.social, which tells me who has extremely suspicious bot activity (or is a yapper). No break greater than 1 hour in the past 24 hours? Profile changed 10 times a day? 500 posts a day? Hmmmm maybe a block is in order!",quote,,,en,3,0,0,0,official mention,2026-06-26T14:05:00.228985+00:00,stechlab-labels.bsky.social,False,en,2026-06-26T14:06:34.776511+00:00,ok,,,,,
152,https://bsky.app/profile/aaronrosspowell.com/post/3mfnmmafyo22r,at://did:plc:x2xmijn2egk5g67u3cwkddzy/app.bsky.feed.post/3mfnmmafyo22r,bafyreif5c3ubhsw3uggo6zmmgfnobbwgympsshzhrzvopxcxtfxa6yhztm,aaronrosspowell.com,did:plc:x2xmijn2egk5g67u3cwkddzy,2026-02-25T02:20:05.392Z,"Oh, that's a label service I'm subscribed to. It's just flagged my profile because I updated my bio for the launch of a new project. If you want to run it yourself, you can find it at @stechlab-labels.bsky.social",reply,at://did:plc:53cr67qhtfgn64oroc33cyfl/app.bsky.feed.post/3mfnma3vit22a,at://did:plc:x2xmijn2egk5g67u3cwkddzy/app.bsky.feed.post/3mfnlgysqhs2a,en,1,0,1,0,official mention,2026-06-26T14:05:00.228985+00:00,stechlab-labels.bsky.social,False,en,2026-06-26T14:06:34.776511+00:00,ok,,,,,
153,https://bsky.app/profile/orpach.neocities.org/post/3mfmp55fpy22n,at://did:plc:bfp7n6e2rpr3yo7gpqdr2tfw/app.bsky.feed.post/3mfmp55fpy22n,bafyreifzqfadqu64xhi6egoxz7pgqb2vaq3x7vkgripf33ewieu6hfz7ja,orpach.neocities.org,did:plc:bfp7n6e2rpr3yo7gpqdr2tfw,2026-02-24T17:32:40.409Z,"This is a really good idea. Well done!

All I'm imagining though is putting someone on timeout if they get the @stechlab-labels.bsky.social ""posts a lot"" label, for comedy purposes.",reply,at://did:plc:rnpkyqnmsw4ipey6eotbdnnf/app.bsky.feed.post/3mfmm2pyixc2p,at://did:plc:rnpkyqnmsw4ipey6eotbdnnf/app.bsky.feed.post/3mfmm2pyixc2p,en,3,0,1,0,official mention,2026-06-26T14:05:00.228985+00:00,stechlab-labels.bsky.social,False,en,2026-06-26T14:06:34.776511+00:00,ok,,,,,
154,https://bsky.app/profile/antifafrontenac.bsky.social/post/3mfkalz5ed22o,at://did:plc:x5lblv2rrh3ltje2rxz3v5kq/app.bsky.feed.post/3mfkalz5ed22o,bafyreicr4gcyrsua4t5e6wfzt4n4zgjnocy2iue2g2yabq74smmgwiymta,antifafrontenac.bsky.social,did:plc:x5lblv2rrh3ltje2rxz3v5kq,2026-02-23T18:07:13.652Z,"I can not recommend this labeler enough.  Added it recently and amazed at how many accounts seem to edit their profile so often and who just can't stop posting.

Thank you, @stechlab-labels.bsky.social 

bsky.app/profile/did:...",post,,,en,1,1,0,1,official mention,2026-06-26T14:05:00.228985+00:00,stechlab-labels.bsky.social,False,en,2026-06-26T14:06:34.776511+00:00,ok,,,,,
155,https://bsky.app/profile/anatolkirichenko.bsky.social/post/3mfjmnbfflk2l,at://did:plc:jgtv6qlzmpf2ayp2c4warwyz/app.bsky.feed.post/3mfjmnbfflk2l,bafyreibot4nuwots3ycvoduyh6zcjrlfurqhpy2itbkbswjqpozyrsgsyy,anatolkirichenko.bsky.social,did:plc:jgtv6qlzmpf2ayp2c4warwyz,2026-02-23T12:10:01.021Z,stop it grok @stechlab-labels.bsky.social 🏴☠️🏴‍☠️,post,,,en,0,0,0,0,official mention,2026-06-26T14:05:00.228985+00:00,stechlab-labels.bsky.social,True,af,2026-06-26T14:06:34.776511+00:00,ok,,,,,
156,https://bsky.app/profile/musinpice.bsky.social/post/3mfhn4l77tc2f,at://did:plc:ic5wzkxbb5kah6vrsk4x3giq/app.bsky.feed.post/3mfhn4l77tc2f,bafyreia6nun6skqtc2gd7lzcdfacq72a3spzv5fgx4gbjxiz7xoydlesma,musinpice.bsky.social,did:plc:ic5wzkxbb5kah6vrsk4x3giq,2026-02-22T17:13:15.141Z,@stechlab-labels.bsky.social,reply,at://did:plc:tkobeaia5pk2ar4f7b4cv6we/app.bsky.feed.post/3mfhmmm234k2v,at://did:plc:tkobeaia5pk2ar4f7b4cv6we/app.bsky.feed.post/3mfhmmm234k2v,en,1,0,0,0,official mention,2026-06-26T14:05:00.228985+00:00,stechlab-labels.bsky.social,False,unknown,2026-06-26T14:06:34.776511+00:00,ok,,,,,
157,https://bsky.app/profile/satojuniper.bsky.social/post/3mfgdawvs2224,at://did:plc:6xgbz6lpqpnoinpl7x3cy24z/app.bsky.feed.post/3mfgdawvs2224,bafyreigsk3pyizsrrhcfoh27mzm5qmmlwjqzioxnsqyiunf6dhhmuwyk2e,satojuniper.bsky.social,did:plc:6xgbz6lpqpnoinpl7x3cy24z,2026-02-22T04:44:04.480Z,"@stechlab-labels.bsky.social 
If you go to this link the ""subscribe/unsubscribe"" button is in the top right hand corner. Click on it. Your subscription should then show in your Moderation settings.
Lisa, I'll post screenshots as soon as I remember how to do that!

@lisatellstruth.bsky.social",reply,at://did:plc:fsvr2zlnposkzd32fspa7zyk/app.bsky.feed.post/3mfgcuzvqjs2i,at://did:plc:w5gusml46pbi7f53boql7nct/app.bsky.feed.post/3mfbi5unpg22p,en,3,0,0,0,official mention,2026-06-26T14:05:00.228985+00:00,stechlab-labels.bsky.social,False,en,2026-06-26T14:06:34.776511+00:00,ok,,,,,
158,https://bsky.app/profile/bridiemac.bsky.social/post/3mfgcssr7vk2i,at://did:plc:fsvr2zlnposkzd32fspa7zyk/app.bsky.feed.post/3mfgcssr7vk2i,bafyreieacq3avhpapoz4ueggkjkbkhjjrqgcydg2vukthkwsllbmho3pke,bridiemac.bsky.social,did:plc:fsvr2zlnposkzd32fspa7zyk,2026-02-22T04:36:10.374Z,@stechlab-labels.bsky.social,reply,at://did:plc:w5gusml46pbi7f53boql7nct/app.bsky.feed.post/3mffp4jfsys2a,at://did:plc:w5gusml46pbi7f53boql7nct/app.bsky.feed.post/3mfbi5unpg22p,en,0,0,0,0,official mention,2026-06-26T14:05:00.228985+00:00,stechlab-labels.bsky.social,False,unknown,2026-06-26T14:06:34.776511+00:00,ok,,,,,
159,https://bsky.app/profile/satojuniper.bsky.social/post/3mfdrfwkf7c2s,at://did:plc:6xgbz6lpqpnoinpl7x3cy24z/app.bsky.feed.post/3mfdrfwkf7c2s,bafyreifl74uyslkteqcwstibtaqcaizrd3dnfhhr44hcxnot245valkcki,satojuniper.bsky.social,did:plc:6xgbz6lpqpnoinpl7x3cy24z,2026-02-21T04:19:25.050Z,@stechlab-labels.bsky.social,reply,at://did:plc:lmkqnsch7fjyyqhfzhfev7th/app.bsky.feed.post/3mfdn7bstp22b,at://did:plc:w5gusml46pbi7f53boql7nct/app.bsky.feed.post/3mfbi5unpg22p,en,1,0,0,0,official mention,2026-06-26T14:05:00.228985+00:00,stechlab-labels.bsky.social,False,unknown,2026-06-26T14:06:34.776511+00:00,ok,,,,,
160,https://bsky.app/profile/satojuniper.bsky.social/post/3mfdrfo5frs2s,at://did:plc:6xgbz6lpqpnoinpl7x3cy24z/app.bsky.feed.post/3mfdrfo5frs2s,bafyreibrgsdlhdbn73v6bv2cfcsswulxc3c5dok45d55udrebhgas242yu,satojuniper.bsky.social,did:plc:6xgbz6lpqpnoinpl7x3cy24z,2026-02-21T04:19:16.235Z,@stechlab-labels.bsky.social,reply,at://did:plc:wp3qq5mukswhn3joo76f5xgr/app.bsky.feed.post/3mfdq3gddxs2e,at://did:plc:w5gusml46pbi7f53boql7nct/app.bsky.feed.post/3mfbi5unpg22p,en,0,0,0,0,official mention,2026-06-26T14:05:00.228985+00:00,stechlab-labels.bsky.social,False,unknown,2026-06-26T14:06:34.776511+00:00,ok,,,,,
161,https://bsky.app/profile/pckt.blog/post/3mfck3x3y5k2r,at://did:plc:revjuqmkvrw6fnkxppqtszpv/app.bsky.feed.post/3mfck3x3y5k2r,bafyreieujzjth5b7j4l4vlg4wfr7r6rafmgihxjn6w5wnyvd25d5abnq64,pckt.blog,did:plc:revjuqmkvrw6fnkxppqtszpv,2026-02-20T16:35:54.150Z,@stechlab-labels.bsky.social,reply,at://did:plc:v4kg47f5grrpeucsw2qzbbft/app.bsky.feed.post/3mfck2fivzc2j,at://did:plc:revjuqmkvrw6fnkxppqtszpv/app.bsky.feed.post/3mfcjw4s3us2r,en,1,0,0,0,official mention,2026-06-26T14:05:00.228985+00:00,stechlab-labels.bsky.social,False,unknown,2026-06-26T14:06:34.776511+00:00,ok,,,,,
162,https://bsky.app/profile/pogue.omg.lol/post/3mf6ng3gz2k2u,at://did:plc:cipv3arp27zug6ugyk7fv76o/app.bsky.feed.post/3mf6ng3gz2k2u,bafyreic4lgqr64zonm2pk3hb2rqv3wpfdumacsru5oam2se6zbq2tgvmiq,pogue.omg.lol,did:plc:cipv3arp27zug6ugyk7fv76o,2026-02-19T03:24:36.522Z,The @stechlab-labels.bsky.social labeler is broken,post,,,en,1,0,0,0,official mention,2026-06-26T14:05:00.228985+00:00,stechlab-labels.bsky.social,False,en,2026-06-26T14:06:34.776511+00:00,ok,,,,,
163,https://bsky.app/profile/weeder.bsky.social/post/3mf574fjasc2u,at://did:plc:6ixhocm5tk3fsqbclrbq36mf/app.bsky.feed.post/3mf574fjasc2u,bafyreigggvhd7fnjvnog4vzdou7bnt3fhkfg5ni6e6xmwifssa2w44plou,weeder.bsky.social,did:plc:6ixhocm5tk3fsqbclrbq36mf,2026-02-18T13:35:59.393Z,"@stechlab-labels.bsky.social can you please just make it say ""having a hard time""",post,,,en,349,39,7,0,official mention,2026-06-26T14:05:00.228985+00:00,stechlab-labels.bsky.social,True,en,2026-06-26T14:06:34.776511+00:00,ok,,,,,
164,https://bsky.app/profile/octopodeeznuts.bsky.social/post/3mf3whagcxk22,at://did:plc:ge2nr2g7ldib6sm5kweqvin3/app.bsky.feed.post/3mf3whagcxk22,bafyreiheiembv4psbgtd5ifu3f6tto4fgm6ewwafjloovalkw4m2ts55ly,octopodeeznuts.bsky.social,did:plc:ge2nr2g7ldib6sm5kweqvin3,2026-02-18T01:28:19.757Z,@stechlab-labels.bsky.social,reply,at://did:plc:bo2my5e5jyrsyzycbqum74m2/app.bsky.feed.post/3mf3w5bc2xs26,at://did:plc:ge2nr2g7ldib6sm5kweqvin3/app.bsky.feed.post/3mf3vxqjo3k22,en,1,0,0,0,official mention,2026-06-26T14:05:00.228985+00:00,stechlab-labels.bsky.social,False,unknown,2026-06-26T14:06:34.776511+00:00,ok,,,,,
165,https://bsky.app/profile/orpach.neocities.org/post/3mewczx3bqc2c,at://did:plc:bfp7n6e2rpr3yo7gpqdr2tfw/app.bsky.feed.post/3mewczx3bqc2c,bafyreic5znh6mthjcopdnnw4of75eotolb5sg2mtmqyqvcv64xolzpqxpe,orpach.neocities.org,did:plc:bfp7n6e2rpr3yo7gpqdr2tfw,2026-02-15T19:57:33.966Z,"You ever won the ""no break greater than 4 hours"" award from @stechlab-labels.bsky.social?",reply,at://did:plc:dadhhalkfcq3gucaq25hjqon/app.bsky.feed.post/3mewc4oxsk22d,at://did:plc:dadhhalkfcq3gucaq25hjqon/app.bsky.feed.post/3mewc4oxsk22d,en,1,0,1,0,official mention,2026-06-26T14:05:00.228985+00:00,stechlab-labels.bsky.social,False,en,2026-06-26T14:06:34.776511+00:00,ok,,,,,
166,https://bsky.app/profile/zaichishka.bsky.social/post/3meuufmn6uc2h,at://did:plc:dhklur6yart55jkookmhlyt5/app.bsky.feed.post/3meuufmn6uc2h,bafyreiamnjztbvja7ouxm45gk4uzu5qtuery2xvzdjewdvsl325e2kns4y,zaichishka.bsky.social,did:plc:dhklur6yart55jkookmhlyt5,2026-02-15T06:02:59.805Z,@stechlab-labels.bsky.social,reply,at://did:plc:dhklur6yart55jkookmhlyt5/app.bsky.feed.post/3meuue22zmc2h,at://did:plc:dhklur6yart55jkookmhlyt5/app.bsky.feed.post/3meurz2qx6c2h,en,1,0,0,0,official mention,2026-06-26T14:05:00.228985+00:00,stechlab-labels.bsky.social,False,unknown,2026-06-26T14:06:34.776511+00:00,ok,,,,,
167,https://bsky.app/profile/folktunes.bsky.social/post/3meovv35m3s25,at://did:plc:aohq6g4pn4njqioimsxtvghu/app.bsky.feed.post/3meovv35m3s25,bafyreicu34icop542hjqhz55tye6cv4uekia4rp5y77nwyihuf2lc5qhyu,folktunes.bsky.social,did:plc:aohq6g4pn4njqioimsxtvghu,2026-02-12T21:13:33.645Z,"shoutout @stechlab-labels.bsky.social for enabling some incredibly unhealthy bits

(jokes aside though, this does legitimately seem interesting and/or potentially useful)",reply,at://did:plc:aohq6g4pn4njqioimsxtvghu/app.bsky.feed.post/3meovrrg7k225,at://did:plc:aohq6g4pn4njqioimsxtvghu/app.bsky.feed.post/3meovrrg7k225,en,3,0,0,0,official mention,2026-06-26T14:05:00.228985+00:00,stechlab-labels.bsky.social,False,en,2026-06-26T14:06:34.776511+00:00,ok,,,,,
168,https://bsky.app/profile/krakenviara.bsky.social/post/3meoh76bqac2s,at://did:plc:do3gilwybvlxok2vuw66mkqo/app.bsky.feed.post/3meoh76bqac2s,bafyreih5rumo2zxiodrefbpbgyu457q2g6qilqtbiydx3c2em47kt33stq,krakenviara.bsky.social,did:plc:do3gilwybvlxok2vuw66mkqo,2026-02-12T16:50:46.348Z,"Those of you using @stechlab-labels.bsky.social - I just turned it off. It's counting things like setting yourself to live as ""changing your profile."" I know this because I do not change my profile any other way

I was using it to avoid bot accounts but it's just flagging me and all my friends now🙄🙃",post,,,en,1,0,0,0,official mention,2026-06-26T14:05:00.228985+00:00,stechlab-labels.bsky.social,False,en,2026-06-26T14:06:34.776511+00:00,ok,,,,,
169,https://bsky.app/profile/fack.bsky.social/post/3mencfwq5ak2f,at://did:plc:wruajhwucqcxppfbvbxudmx4/app.bsky.feed.post/3mencfwq5ak2f,bafyreif3folzul63bnjoj66aphzrogannhtkg65zsexidyqcrkxdtvr5p4,fack.bsky.social,did:plc:wruajhwucqcxppfbvbxudmx4,2026-02-12T05:52:24.862Z,"Reupping this labeller, it makes spotting suspicious accounts, weird automated activity, and honestly sometimes just folks having crashouts kinda easy:  @stechlab-labels.bsky.social",post,,,en,7,1,1,1,official mention,2026-06-26T14:05:00.228985+00:00,stechlab-labels.bsky.social,False,en,2026-06-26T14:06:34.776511+00:00,ok,,,,,
170,https://bsky.app/profile/mocha.quest/post/3memutaapb226,at://did:plc:lanyuybfacrzpzje7yzl24ls/app.bsky.feed.post/3memutaapb226,bafyreiep7osdznf6kz5ifmfpw5mtqcc5q5lmysaymqfay73r4f2sydyd2e,mocha.quest,did:plc:lanyuybfacrzpzje7yzl24ls,2026-02-12T01:49:18.665Z,a labeler that provides useful information when subscribed @stechlab-labels.bsky.social,post,,,en,7,2,2,0,official mention,2026-06-26T14:05:00.228985+00:00,stechlab-labels.bsky.social,True,en,2026-06-26T14:06:34.776511+00:00,ok,,,,,
171,https://bsky.app/profile/spacemonkeygleek.bsky.social/post/3memdanpwcc2o,at://did:plc:7viwbtamjdkigvjvfn3f4yo5/app.bsky.feed.post/3memdanpwcc2o,bafyreib5reu6vhutyxludtkbvzmnyia3mukc5vknddhkiafzfo7aik5e3e,spacemonkeygleek.bsky.social,did:plc:7viwbtamjdkigvjvfn3f4yo5,2026-02-11T20:34:41.651Z,@stechlab-labels.bsky.social Your Cornell labelling project is uniquely harming activism and quelling free speech and the progressive movement in resisting the fascist takeover of America with your contextless and meritless BlueSky labels. Rethink your impact.,post,,,en,0,0,0,0,official mention,2026-06-26T14:05:00.228985+00:00,stechlab-labels.bsky.social,False,en,2026-06-26T14:06:34.776511+00:00,ok,,,,,
172,https://bsky.app/profile/rahaeli.bsky.social/post/3mem2el5la22n,at://did:plc:ocsbmyulc2grbq3esflddyj6/app.bsky.feed.post/3mem2el5la22n,bafyreifpmay56vvn7vaugknt3lyot4icbos7i4g3ukxvkcstrgdynak6t4,rahaeli.bsky.social,did:plc:ocsbmyulc2grbq3esflddyj6,2026-02-11T17:55:49.479Z,Heyyy it's been a bit since @stechlab-labels.bsky.social was reading my sleep disorder for filth,post,,,en,118,3,4,1,official mention,2026-06-26T14:05:00.228985+00:00,stechlab-labels.bsky.social,True,en,2026-06-26T14:06:34.776511+00:00,ok,,,,,
173,https://bsky.app/profile/aryafairywren.bsky.social/post/3mekevnqpjs2u,at://did:plc:zuehanbjit66bbnnew2ccaoi/app.bsky.feed.post/3mekevnqpjs2u,bafyreielkclqxhwc6a3pjtskrhlkv6jo2gmf2b5zy4pcgahaxisw6uqdja,aryafairywren.bsky.social,did:plc:zuehanbjit66bbnnew2ccaoi,2026-02-11T01:59:00.588Z,"This is a label from @stechlab-labels.bsky.social a Cornell Tech university project, you need to subscribe to it to see the labels - highly recommend! Another incredibly useful one I recommend: @labeler.hailey.at, it covers many different aspects of potentially malicious accounts, like bulk follows.",reply,at://did:plc:ta5wzrotcxiownczvaxlret3/app.bsky.feed.post/3mekdcoqtv22f,at://did:plc:zuehanbjit66bbnnew2ccaoi/app.bsky.feed.post/3m7bqbofflk2l,en,1,0,1,0,official mention,2026-06-26T14:05:00.228985+00:00,stechlab-labels.bsky.social,False,en,2026-06-26T14:06:34.776511+00:00,ok,,,,,
174,https://bsky.app/profile/goose.art/post/3mehiisnz5k2c,at://did:plc:hsqwcidfez66lwm3gxhfv5in/app.bsky.feed.post/3mehiisnz5k2c,bafyreihlnzajwizilasby7ux7qrndxgggrnehcfr3pivhh67ewllhams7a,goose.art,did:plc:hsqwcidfez66lwm3gxhfv5in,2026-02-09T22:25:25.287Z,u have the most suspicious profile of all time according to @stechlab-labels.bsky.social btw,reply,at://did:plc:73gqgbnvpx5syidcponjrics/app.bsky.feed.post/3mehhbjopnc2d,at://did:plc:hsqwcidfez66lwm3gxhfv5in/app.bsky.feed.post/3mehh5dshws2s,en,3,0,1,0,official mention,2026-06-26T14:05:00.228985+00:00,stechlab-labels.bsky.social,False,en,2026-06-26T14:06:34.776511+00:00,ok,,,,,
175,https://bsky.app/profile/goose.art/post/3meh26aeyck2n,at://did:plc:hsqwcidfez66lwm3gxhfv5in/app.bsky.feed.post/3meh26aeyck2n,bafyreig6ajrspdjo6irtlbohcqxyowdmgf4ysf6kj7x5vl24w6xyk6p5gi,goose.art,did:plc:hsqwcidfez66lwm3gxhfv5in,2026-02-09T18:08:58.186Z,"i saw their post before i saw yours, noticed they misgendered you and went to see if your pronouns were in ur bio, thats how i ended up getting dragged into this, i didn't realize i had you muted via the @stechlab-labels.bsky.social ""Profile Changes Often"" account label so i missed any context",reply,at://did:plc:hsqwcidfez66lwm3gxhfv5in/app.bsky.feed.post/3megztvoxck2w,at://did:plc:gq4fo3u6tqzzdkjlwzpb23tj/app.bsky.feed.post/3megwdm6cns2l,en,2,0,1,0,official mention,2026-06-26T14:05:00.228985+00:00,stechlab-labels.bsky.social,False,en,2026-06-26T14:06:34.776511+00:00,ok,,,,,
176,https://bsky.app/profile/informor.bsky.social/post/3megz7h2koc2m,at://did:plc:p56fqcvdu32phbpagcrweavg/app.bsky.feed.post/3megz7h2koc2m,bafyreic4z6g34xx2447wq5zci4ov3hzzsuctqauqtitefpbjn4zpkmcejq,informor.bsky.social,did:plc:p56fqcvdu32phbpagcrweavg,2026-02-09T17:51:44.594Z,"Having said that, in a differentl project here on Bluesky we are exploring the use of behavior data for reputation. Make sure you subscribe and like @stechlab-labels.bsky.social if you haven't seen it before!",reply,at://did:plc:p56fqcvdu32phbpagcrweavg/app.bsky.feed.post/3megz7go7622m,at://did:plc:p56fqcvdu32phbpagcrweavg/app.bsky.feed.post/3megvv5gab22w,en,1,1,0,0,official mention,2026-06-26T14:05:00.228985+00:00,stechlab-labels.bsky.social,False,en,2026-06-26T14:06:34.776511+00:00,ok,,,,,
177,https://bsky.app/profile/anthonyisa.top/post/3megnmhmaek2q,at://did:plc:4uqzdijb5ndnhttyak2xk6hc/app.bsky.feed.post/3megnmhmaek2q,bafyreidq4kefzgw3uvqhv4zlzk7nqhepzkwl5s3x4cj3evfrnmn3fxrqx4,anthonyisa.top,did:plc:4uqzdijb5ndnhttyak2xk6hc,2026-02-09T14:24:16.881Z,@stechlab-labels.bsky.social hates me because they ain't me,reply,at://did:plc:pec2ggx7ht6hfliptiqaynuy/app.bsky.feed.post/3megmui6thc2c,at://did:plc:4uqzdijb5ndnhttyak2xk6hc/app.bsky.feed.post/3meghig2enp2q,en,3,0,1,0,official mention,2026-06-26T14:05:00.228985+00:00,stechlab-labels.bsky.social,False,en,2026-06-26T14:06:34.776511+00:00,ok,,,,,
178,https://bsky.app/profile/tapani-hopkins.bsky.social/post/3mee7wwqhgs2p,at://did:plc:xsrx3wrabk4ie3plgvqzim3a/app.bsky.feed.post/3mee7wwqhgs2p,bafyreih22hf2dtetvw63usfroq5su44bgjpl3jfevnwyl6hypkspkfcegy,tapani-hopkins.bsky.social,did:plc:xsrx3wrabk4ie3plgvqzim3a,2026-02-08T15:14:16.432Z,"Subscribed to this labeller:
@stechlab-labels.bsky.social 

(I've only tried it for a few days but quite useful.)",reply,at://did:plc:5iyfwd4xe6ltzypkdbjhgvyi/app.bsky.feed.post/3mee75alfs22g,at://did:plc:xsrx3wrabk4ie3plgvqzim3a/app.bsky.feed.post/3medwnst7wc2x,en,0,1,2,0,official mention,2026-06-26T14:05:00.228985+00:00,stechlab-labels.bsky.social,False,en,2026-06-26T14:06:34.776511+00:00,ok,,,,,
179,https://bsky.app/profile/bumblefudge.com/post/3medmxyqcms2p,at://did:plc:53ogl5ixuq44t73wuqawpa33/app.bsky.feed.post/3medmxyqcms2p,bafyreihpu6h3yhqjdtoicdj5s65hjbb34c4byt3mz25rbx7uk5f2k4kzf4,bumblefudge.com,did:plc:53ogl5ixuq44t73wuqawpa33,2026-02-08T09:34:50.957Z,"Periodic shout-out to @stechlab-labels.bsky.social for an excellent labeler. Even false positives (I too share links 5x/day for nonspam reasons!) are useful, really ups the game & trains users.",post,,,en,9,4,1,0,official mention,2026-06-26T14:05:00.228985+00:00,stechlab-labels.bsky.social,True,en,2026-06-26T14:06:34.776511+00:00,ok,,,,,
180,https://bsky.app/profile/kevinlikesmaps.bsky.social/post/3mecbsyyd2s2y,at://did:plc:v576cagizia56fnz2shggofp/app.bsky.feed.post/3mecbsyyd2s2y,bafyreifq3snxotoo2s4nsi5vacm77n5m3pjcwq3ryu5fdgsngkfjmeevum,kevinlikesmaps.bsky.social,did:plc:v576cagizia56fnz2shggofp,2026-02-07T20:42:32.574Z,"Yikes, that account! Labels from @skywatch.blue, @hailey.at and @stechlab-labels.bsky.social",reply,at://did:plc:7gpr6lyavrzrnfz6vrrdf4vw/app.bsky.feed.post/3mecb73ibck25,at://did:plc:7gpr6lyavrzrnfz6vrrdf4vw/app.bsky.feed.post/3mecb73ibck25,en,1,0,0,0,official mention,2026-06-26T14:05:00.228985+00:00,stechlab-labels.bsky.social,True,en,2026-06-26T14:06:34.776511+00:00,ok,,,,,
181,https://bsky.app/profile/sarsion.net/post/3mebn7rvf222y,at://did:plc:dnzeo2b27pm65vjwn5iqgoha/app.bsky.feed.post/3mebn7rvf222y,bafyreib57hetqgzahnnjpu5ylt75kqwmgjc4pm6e2b6uwwjorz2oe4aiey,sarsion.net,did:plc:dnzeo2b27pm65vjwn5iqgoha,2026-02-07T14:33:52.765Z,"exceptionally funny labeler @stechlab-labels.bsky.social 

so quick and easy to see bots and other bad actors.",post,,,en,0,0,0,0,official mention,2026-06-26T14:05:00.228985+00:00,stechlab-labels.bsky.social,False,en,2026-06-26T14:06:34.776511+00:00,ok,,,,,
182,https://bsky.app/profile/avaa.dev/post/3meavls6gok2i,at://did:plc:pnbwtg6jabnxneimfim2w6zd/app.bsky.feed.post/3meavls6gok2i,bafyreih62dtsrkah2bz2a7wuebrsmbubym5crckq4yxxthphysihpzc6ni,avaa.dev,did:plc:pnbwtg6jabnxneimfim2w6zd,2026-02-07T07:31:05.915Z,@stechlab-labels.bsky.social is where all of these come from,reply,at://did:plc:qy6gnb4lukeawdhzsfw2qo26/app.bsky.feed.post/3meavarfpgc2p,at://did:plc:4edsja5x3gixvokf4exuy4to/app.bsky.feed.post/3measkkyj622l,en,20,2,2,0,official mention,2026-06-26T14:05:00.228985+00:00,stechlab-labels.bsky.social,False,en,2026-06-26T14:06:34.776511+00:00,ok,,,,,
183,https://bsky.app/profile/sleepyfella.nekoweb.org/post/3me6ur45jz226,at://did:plc:3wcfjfzq6sxsstw532vicqov/app.bsky.feed.post/3me6ur45jz226,bafyreiha4yc4i7g2sohoyt5mm427xo3baeqfis44e73pw7yi7newhvnquu,sleepyfella.nekoweb.org,did:plc:3wcfjfzq6sxsstw532vicqov,2026-02-06T12:10:50.923Z,‪stechlab-labels.bsky.social‬‪ & pridelabeller.bsky.social‬ :3,reply,at://did:plc:xjxf433ywkfmrhl7typtyzbs/app.bsky.feed.post/3me6q5hsjik2w,at://did:plc:3wcfjfzq6sxsstw532vicqov/app.bsky.feed.post/3me5vsuspzk2w,en,3,0,1,0,official mention,2026-06-26T14:05:00.228985+00:00,stechlab-labels.bsky.social,False,unknown,2026-06-26T14:06:34.776511+00:00,ok,,,,,
184,https://bsky.app/profile/aryafairywren.bsky.social/post/3mdyx5kdjps2x,at://did:plc:zuehanbjit66bbnnew2ccaoi/app.bsky.feed.post/3mdyx5kdjps2x,bafyreigo76ktbkpq6v3vknzyjxeordwh37reabpm2kk6bomd6hhdqu2vpy,aryafairywren.bsky.social,did:plc:zuehanbjit66bbnnew2ccaoi,2026-02-04T03:37:37.507Z,"discover's not always a great feed, try out something like bsky.app/profile/spac... . there's a ton of helpful third-party ""plugin"" stuff on here, like @skywatch.blue and @labeler.hailey.at (amazing for hiding unmarked NSFW when public scrolling) and @parents.blue , @stechlab-labels.bsky.social etc.",reply,at://did:plc:zuehanbjit66bbnnew2ccaoi/app.bsky.feed.post/3mdyvw4hgn22x,at://did:plc:bvh3q3al2lmlmg3lvzsrqlik/app.bsky.feed.post/3mdyjzdt75s27,en,2,0,1,0,official mention,2026-06-26T14:05:00.228985+00:00,stechlab-labels.bsky.social,False,en,2026-06-26T14:06:34.776511+00:00,ok,,,,,
185,https://bsky.app/profile/mags.colvett.online/post/3mdx7atqx3c2b,at://did:plc:u7x7lujm5mxy25eeepqgu3nk/app.bsky.feed.post/3mdx7atqx3c2b,bafyreihuyp4udhuclwbc64ueuafv4fvwgz7xvccbdi5q2vcxig5ms4gnam,mags.colvett.online,did:plc:u7x7lujm5mxy25eeepqgu3nk,2026-02-03T10:57:18.498Z,Searching the URL for that Substack post on here is bringing up a lot of accounts with the “posted same URL 5+/15+ times in one day” label from @stechlab-labels.bsky.social,reply,at://did:plc:epihigio3d7un7u3gpqiy5gv/app.bsky.feed.post/3mdx6sjhxrs2x,at://did:plc:epihigio3d7un7u3gpqiy5gv/app.bsky.feed.post/3mdx6sjhxrs2x,en,1,0,0,1,official mention,2026-06-26T14:05:00.228985+00:00,stechlab-labels.bsky.social,False,en,2026-06-26T14:06:34.776511+00:00,ok,,,,,
186,https://bsky.app/profile/del.winters.rodeo/post/3mdwmprjm2c2y,at://did:plc:gq5kznnsbf7jcb3a7jb7cpgp/app.bsky.feed.post/3mdwmprjm2c2y,bafyreibd5mrlv7cdolkunehfcqp4t7cx77gfpuqx2v5gtc5ilhr3dwixvi,del.winters.rodeo,did:plc:gq5kznnsbf7jcb3a7jb7cpgp,2026-02-03T05:25:38.388Z,"These two labelers are pretty good at catching spam

@stechlab-labels.bsky.social 
@labeler.hailey.at",reply,at://did:plc:7jay7nelegipdr7ic2dlumol/app.bsky.feed.post/3mdwj6ktxwk2g,at://did:plc:7jay7nelegipdr7ic2dlumol/app.bsky.feed.post/3mdwj6ktxwk2g,en,0,0,0,0,official mention,2026-06-26T14:05:00.228985+00:00,stechlab-labels.bsky.social,False,en,2026-06-26T14:06:34.776511+00:00,ok,,,,,
187,https://bsky.app/profile/oim.rjo.name/post/3mdlqkyk3kk2w,at://did:plc:sihvhmaxonxu7nm37u7suseq/app.bsky.feed.post/3mdlqkyk3kk2w,bafyreigqbeb5utynjz7et737icraqilolxc32fqfhannc4xhbifmrujpsq,oim.rjo.name,did:plc:sihvhmaxonxu7nm37u7suseq,2026-01-29T21:35:15.807Z,"Je vous invite à activer ce labeleur qui détecte les comptes de spam.
Très utile.

@stechlab-labels.bsky.social",post,,,fr,2,2,0,0,official mention,2026-06-26T14:05:00.228985+00:00,stechlab-labels.bsky.social,False,fr,2026-06-26T14:06:34.776511+00:00,ok,,,,,
188,https://bsky.app/profile/crankgriems.bsky.social/post/3mdjqexb4e22p,at://did:plc:wtg2rgdwlbk7uyb7mxq4rkde/app.bsky.feed.post/3mdjqexb4e22p,bafyreihnq4ho23p54lb4etgs73gizngi57fydhecaydhmkg4pxxkltyo4m,crankgriems.bsky.social,did:plc:wtg2rgdwlbk7uyb7mxq4rkde,2026-01-29T02:26:33.671Z,you could do it with a labeler built on similar lines to @stechlab-labels.bsky.social but it might be hard to avoid Canada and South America catching strays,reply,at://did:plc:aqhwwfpnptoy4saleaxc7w2c/app.bsky.feed.post/3mdjpo364c22l,at://did:plc:aqhwwfpnptoy4saleaxc7w2c/app.bsky.feed.post/3mdjpo364c22l,en,1,0,0,0,official mention,2026-06-26T14:05:00.228985+00:00,stechlab-labels.bsky.social,False,en,2026-06-26T14:06:34.776511+00:00,ok,,,,,
189,https://bsky.app/profile/erikodeldahl.eurosky.social/post/3mdj65znw7s2k,at://did:plc:z7fbr42h7bkmzxaz4raoimg7/app.bsky.feed.post/3mdj65znw7s2k,bafyreiae3uqhu7whckwwtqnvmioak4m2li66aa6himcezjhjmzm7pygrsu,erikodeldahl.eurosky.social,did:plc:z7fbr42h7bkmzxaz4raoimg7,2026-01-28T21:00:33.955Z,"I follow this labeler. It shows you if an account posts a lot, reposts the same link many times, or never takes breaks between posting. Good stuff!  @stechlab-labels.bsky.social",reply,at://did:plc:uemns7yqb62n5kpwe34wgdhs/app.bsky.feed.post/3mdj46uiu7c2d,at://did:plc:uemns7yqb62n5kpwe34wgdhs/app.bsky.feed.post/3mdj45uzwjk2d,en,3,0,0,0,official mention,2026-06-26T14:05:00.228985+00:00,stechlab-labels.bsky.social,False,en,2026-06-26T14:06:34.776511+00:00,ok,,,,,
190,https://bsky.app/profile/th.alassa.pink/post/3mdiin4im7s2z,at://did:plc:brptsa5vnwnzgnujaauvt5x3/app.bsky.feed.post/3mdiin4im7s2z,bafyreigl3a3z2zmh6byrrgkydvjpepnq32ug3bujld3j5do5ccb2h7mlsm,th.alassa.pink,did:plc:brptsa5vnwnzgnujaauvt5x3,2026-01-28T14:35:17.922Z,oh!!! i just realized @stechlab-labels.bsky.social counts changing your pinned post (as @clawdstatus.bsky.social does quite often) as a change to your “profile” metadata. that feels like a bug even though it’s a totally reasonable implementation.,post,,,en,1,0,1,0,official mention,2026-06-26T14:05:00.228985+00:00,stechlab-labels.bsky.social,False,en,2026-06-26T14:06:34.776511+00:00,ok,,,,,
191,https://bsky.app/profile/orpach.neocities.org/post/3mdeh5rrhjs22,at://did:plc:bfp7n6e2rpr3yo7gpqdr2tfw/app.bsky.feed.post/3mdeh5rrhjs22,bafyreibehcjikcfwhx5jaznrnudm6grzct3s4khw5h7miruzjdocy44524,orpach.neocities.org,did:plc:bfp7n6e2rpr3yo7gpqdr2tfw,2026-01-26T23:58:10.668Z,The accompanying @stechlab-labels.bsky.social labels usually tip me off before I notice the pfp.,reply,at://did:plc:h5wsnqetncv6lu2weom35lg2/app.bsky.feed.post/3mdefk3zabc2x,at://did:plc:h5wsnqetncv6lu2weom35lg2/app.bsky.feed.post/3mdefk3zabc2x,en,1,0,0,0,official mention,2026-06-26T14:05:00.228985+00:00,stechlab-labels.bsky.social,False,en,2026-06-26T14:06:34.776511+00:00,ok,,,,,
192,https://bsky.app/profile/glifo.bsky.social/post/3md4kv3loqk2c,at://did:plc:okk53n7x5nzhzutykolyqsbl/app.bsky.feed.post/3md4kv3loqk2c,bafyreid23aqa3o7m23suqablcidcusttqshpw6aa7zfpny34nbpnp5jkia,glifo.bsky.social,did:plc:okk53n7x5nzhzutykolyqsbl,2026-01-23T20:43:36.033Z,"esse aqui 

@stechlab-labels.bsky.social",reply,at://did:plc:ftmfomiu7njdo6ect5jvvr7b/app.bsky.feed.post/3md4ksrje5s2z,at://did:plc:okk53n7x5nzhzutykolyqsbl/app.bsky.feed.post/3md4kj56yjk2c,pt,1,0,1,0,official mention,2026-06-26T14:05:00.228985+00:00,stechlab-labels.bsky.social,False,fr,2026-06-26T14:06:34.776511+00:00,ok,,,,,
193,https://bsky.app/profile/orpach.neocities.org/post/3mczxupo46s2l,at://did:plc:bfp7n6e2rpr3yo7gpqdr2tfw/app.bsky.feed.post/3mczxupo46s2l,bafyreidx5a4qzyutuadtgvmgis6zvfu3u2rtt2axdpyrwrfxeewbrrjn5m,orpach.neocities.org,did:plc:bfp7n6e2rpr3yo7gpqdr2tfw,2026-01-22T19:58:02.959Z,"It's this labeller, if you didn't know: @stechlab-labels.bsky.social",reply,at://did:plc:kp5t46ppacfrtupigdhpghhx/app.bsky.feed.post/3mczxornmyk2u,at://did:plc:hbpefio3f5csc44msmbgioxz/app.bsky.feed.post/3mczqutgcnc2u,en,1,0,0,0,official mention,2026-06-26T14:05:00.228985+00:00,stechlab-labels.bsky.social,False,en,2026-06-26T14:06:34.776511+00:00,ok,,,,,
194,https://bsky.app/profile/kylepdm.bsky.social/post/3mczvnf54o22w,at://did:plc:k467o7iemu67iooxdzcfko3j/app.bsky.feed.post/3mczvnf54o22w,bafyreidlzt5luzdlnxpmuxv4ojhyp5i4ltkywqb2mkylymuzxougtpcmt4,kylepdm.bsky.social,did:plc:k467o7iemu67iooxdzcfko3j,2026-01-22T19:18:09.553Z,@stechlab-labels.bsky.social For those interested,reply,at://did:plc:bnmgovt23be6evgii6ecue72/app.bsky.feed.post/3mczv2cr3bk2c,at://did:plc:ccrabc6xdnjx4l7btvynnng4/app.bsky.feed.post/3mczuxjvl3k2x,en,0,0,0,0,official mention,2026-06-26T14:05:00.228985+00:00,stechlab-labels.bsky.social,False,en,2026-06-26T14:06:34.776511+00:00,ok,,,,,
195,https://bsky.app/profile/zeldman.bsky.social/post/3mcwqxhuqbs2c,at://did:plc:pgjpl4opnmqxxpb74n4vuabv/app.bsky.feed.post/3mcwqxhuqbs2c,bafyreignqixjt43pruhgabbj2jmcmen33rr3ivsgqwojp2n4n6gsm6yh7q,zeldman.bsky.social,did:plc:pgjpl4opnmqxxpb74n4vuabv,2026-01-21T13:16:20.043Z,"@stechlab-labels.bsky.social Friendly bug report: Erroneous label applied to my account. Says I changed my profile 5X+ yesterday, whereas I didn’t change my profile yesterday even once! Tried to share with you discreetly, but “submit appeal” function also isn’t working. (Screenshot.) More in ALT.",post,,,en,1,0,0,0,official mention,2026-06-26T14:05:00.228985+00:00,stechlab-labels.bsky.social,True,en,2026-06-26T14:06:34.776511+00:00,ok,,,,,
196,https://bsky.app/profile/raulmv.bsky.es/post/3mcvbudyolc2g,at://did:plc:is5q7ahfhl52yajkzfrujxpt/app.bsky.feed.post/3mcvbudyolc2g,bafyreihocbrij2pn6p4k7xro76hglau2tngwwlmdcigw4gpwvyafchd7ry,raulmv.bsky.es,did:plc:is5q7ahfhl52yajkzfrujxpt,2026-01-20T23:13:29.447Z,Y también os recomiendo esta @stechlab-labels.bsky.social estas 2 etiquetas chivan todos los cambios y tal 🙌,reply,at://did:plc:is5q7ahfhl52yajkzfrujxpt/app.bsky.feed.post/3mcvbrykjnk2g,at://did:plc:xbh5ctj2cdybnb5s423c2kjm/app.bsky.feed.post/3mcu2rdzifc2e,es,1,0,1,0,official mention,2026-06-26T14:05:00.228985+00:00,stechlab-labels.bsky.social,False,es,2026-06-26T14:06:34.776511+00:00,ok,,,,,
197,https://bsky.app/profile/mudfire4.cryptid.expert/post/3mcval4mdsc2v,at://did:plc:lkn7rmrm2hckgeo3odz7ahio/app.bsky.feed.post/3mcval4mdsc2v,bafyreigjtnfilpcalt7ai3vamgpyx6pq6etfottyn64hzkontb257m5jym,mudfire4.cryptid.expert,did:plc:lkn7rmrm2hckgeo3odz7ahio,2026-01-20T22:50:25.971Z,It’s @stechlab-labels.bsky.social !,reply,at://did:plc:qm3qnneqz66odimndtmazefs/app.bsky.feed.post/3mcuqnljjnc2b,at://did:plc:i5mvo22kcxsmqn6e3lgjbfnf/app.bsky.feed.post/3mctcu34plc22,en,3,0,1,0,official mention,2026-06-26T14:05:00.228985+00:00,stechlab-labels.bsky.social,False,unknown,2026-06-26T14:06:34.776511+00:00,ok,,,,,
198,https://bsky.app/profile/ufokiyo.space/post/3mcsylrmyjs22,at://did:plc:3svatvwo2rfbszv5n2y6hksd/app.bsky.feed.post/3mcsylrmyjs22,bafyreiatanc3vfdq424cpfx2bqfsntdnvlxc3ndrjcz6dsubofmghgjkee,ufokiyo.space,did:plc:3svatvwo2rfbszv5n2y6hksd,2026-01-20T01:22:18.604Z,"Actually, I should probably link it so others can subscribe to it. It helps a lot in filtering out bots, suspicious accounts and accounts doing follow for follow (then unfollowing after).

It's @stechlab-labels.bsky.social. You just need to subscribe to it to start seeing the labels on accounts.",quote,,,en,16,3,4,0,official mention,2026-06-26T14:05:00.228985+00:00,stechlab-labels.bsky.social,False,en,2026-06-26T14:06:34.776511+00:00,ok,,,,,
199,https://bsky.app/profile/bigender-tomboy.bsky.social/post/3mcsgsxopks2z,at://did:plc:nwpjupl6vd75ybbdo7m26l4x/app.bsky.feed.post/3mcsgsxopks2z,bafyreifiut4662l5ellyzf4k247ar2553h2fl6k7mmkftkey7pumb4rpuq,bigender-tomboy.bsky.social,did:plc:nwpjupl6vd75ybbdo7m26l4x,2026-01-19T20:04:12.479Z,"@stechlab-labels.bsky.social I'm new to the style of social media by #BlueSky; as a result, I was really trying to figure out how best to organize and present my profile. So I was hoping that since the submission box has refused every submission of mine, you could remove the badge off my profile.",post,,,en,0,0,0,0,official mention,2026-06-26T14:05:00.228985+00:00,stechlab-labels.bsky.social,False,en,2026-06-26T14:06:34.776511+00:00,ok,,,,,
200,https://bsky.app/profile/ducugavril.nafoforum.org/post/3mcpjdl3ie22c,at://did:plc:w4sp23lb6nuq6favabnuehxe/app.bsky.feed.post/3mcpjdl3ie22c,bafyreig5jrxk3srrg2zjvpubiej72au437ilpiihly3ctamdwwhbktezby,ducugavril.nafoforum.org,did:plc:w4sp23lb6nuq6favabnuehxe,2026-01-18T16:11:17.960Z,"Lots of false positives with this labeler, especially on ""changed username"". It doesn't work right or worse, it's malicious.

@stechlab-labels.bsky.social",post,,,en,9,3,1,0,official mention,2026-06-26T14:05:00.228985+00:00,stechlab-labels.bsky.social,True,en,2026-06-26T14:06:34.776511+00:00,ok,,,,,
201,https://bsky.app/profile/bnewbold.net/post/3mcj4ha6cpk2t,at://did:plc:44ybard66vv44zksje25o7dz/app.bsky.feed.post/3mcj4ha6cpk2t,bafyreia4rwkx4i34pmdeehduefbjs6c6g5o55ubbedcpgd7cabdngcfxnu,bnewbold.net,did:plc:44ybard66vv44zksje25o7dz,2026-01-16T03:04:43.662Z,"a couple months in, I think @stechlab-labels.bsky.social found a sweet spot as an automated labeler.

I think having the criteria in the label name and having time limited labels are both part of the success in that niche (very district from high-context manual moderation)",post,,,en,28,3,0,0,official mention,2026-06-26T14:05:00.228985+00:00,stechlab-labels.bsky.social,False,en,2026-06-26T14:06:34.776511+00:00,ok,,,,,
202,https://bsky.app/profile/ohwell561.bsky.social/post/3mci573lne22y,at://did:plc:sl3mhtzliea63ua5uvxyaup3/app.bsky.feed.post/3mci573lne22y,bafyreig3grcxsy27h7huf5rmbdlyor7nooeyqiz5f3wtf6ssdd73kkpyfy,ohwell561.bsky.social,did:plc:sl3mhtzliea63ua5uvxyaup3,2026-01-15T17:45:24.425Z,@stechlab-labels.bsky.social is how I can see the unfollows.,reply,at://did:plc:sl3mhtzliea63ua5uvxyaup3/app.bsky.feed.post/3mci54ybsis2y,at://did:plc:yo3scd6dsqwipvtjp5ua2cyi/app.bsky.feed.post/3mci4wv7z722b,en,1,0,1,0,official mention,2026-06-26T14:05:00.228985+00:00,stechlab-labels.bsky.social,False,en,2026-06-26T14:06:34.776511+00:00,ok,,,,,
203,https://bsky.app/profile/bearden64.bsky.social/post/3mchvqp6aes24,at://did:plc:ay6qhdgnx4huyni5llqva5xs/app.bsky.feed.post/3mchvqp6aes24,bafyreiclf3iuc5z2zsm36osvitvehnbayi5dhlsxfgn5v3bf4ltnn2v7ve,bearden64.bsky.social,did:plc:ay6qhdgnx4huyni5llqva5xs,2026-01-15T15:32:05.440Z,And won’t let me submit an appeal! @stechlab-labels.bsky.social,post,,,en,11,0,1,0,official mention,2026-06-26T14:05:00.228985+00:00,stechlab-labels.bsky.social,True,en,2026-06-26T14:06:34.776511+00:00,ok,,,,,
204,https://bsky.app/profile/pocoyomiya.bsky.social/post/3mcbr4ghmis22,at://did:plc:eg3lo32oe4xm6e7xsn4jesd7/app.bsky.feed.post/3mcbr4ghmis22,bafyreihv5paclorzkkcgopstdnis5xq5gnp2qwbvmifae6zd2cfy33f4yy,pocoyomiya.bsky.social,did:plc:eg3lo32oe4xm6e7xsn4jesd7,2026-01-13T04:53:11.831Z,"Blueskyであやしいアカウントを検知するためのサードパーティ製のラベルを適用させたら私自身がプロフィールを頻繁に変えすぎという理由で警告ラベルついててオモロい
私昨日10回以上プロフ変えたらしい
https://bsky.app/profile/stechlab-labels.bsky.social",post,,,ja,0,0,0,0,official mention,2026-06-26T14:05:00.228985+00:00,stechlab-labels.bsky.social,False,ja,2026-06-26T14:06:34.776511+00:00,ok,,,,,
205,https://bsky.app/profile/orpach.neocities.org/post/3mc6iszqjq22m,at://did:plc:bfp7n6e2rpr3yo7gpqdr2tfw/app.bsky.feed.post/3mc6iszqjq22m,bafyreifcaf2btqeto7mlppck5dx4ovqpk3vyiv5xwigpe5bmavz552phjy,orpach.neocities.org,did:plc:bfp7n6e2rpr3yo7gpqdr2tfw,2026-01-11T21:46:47.353Z,"There's a wide variety of posters on here.
As of yet, there's no real monoculture about it.

I like the badges from @stechlab-labels.bsky.social and @joined-labeler.shatteredsky.net to give me hints about what kind of account I'm looking at posts from.",reply,at://did:plc:vmhrtckqi7ghdoqhf3lgvm4y/app.bsky.feed.post/3mc6fbug3h22n,at://did:plc:vmhrtckqi7ghdoqhf3lgvm4y/app.bsky.feed.post/3mc6fbug3h22n,en,1,0,0,0,official mention,2026-06-26T14:05:00.228985+00:00,stechlab-labels.bsky.social,False,en,2026-06-26T14:06:34.776511+00:00,ok,,,,,
206,https://bsky.app/profile/camisnew.bsky.social/post/3mc5ytobv2u2c,at://did:plc:c6mys32olnpp2ruzmsb3hn5v/app.bsky.feed.post/3mc5ytobv2u2c,bafyreieznbhajm4sbmdafowzj6e3tnipfxtmfthkrvvdygmj5mrugdx6iu,camisnew.bsky.social,did:plc:c6mys32olnpp2ruzmsb3hn5v,2026-01-11T17:00:49.022Z,Boa! Tu já tem ideia de como cria a conta de labeler tipo @stechlab-labels.bsky.social?,reply,at://did:plc:7kl4bmgpf5gqczawbyyaedcx/app.bsky.feed.post/3mc5yic7iks2r,at://did:plc:bpg7gzwp7vp4vp2ktwuaq3uh/app.bsky.feed.post/3mc5tt77zb222,pt,1,0,1,0,official mention,2026-06-26T14:05:00.228985+00:00,stechlab-labels.bsky.social,False,pt,2026-06-26T14:06:34.776511+00:00,ok,,,,,
207,https://bsky.app/profile/camisnew.bsky.social/post/3mc5wnx4fdk2c,at://did:plc:c6mys32olnpp2ruzmsb3hn5v/app.bsky.feed.post/3mc5wnx4fdk2c,bafyreianmy6mzrkvowunxrdyimb4afiffsmzjuog3gy5wgsyh35evo6yii,camisnew.bsky.social,did:plc:c6mys32olnpp2ruzmsb3hn5v,2026-01-11T16:21:49.468Z,"Tem que habilitar pelo domínio que mencionei que é @social mesmo oh @stechlab-labels.bsky.social

Agora só tem que pesquisar como a Cornell Tech fez isso :v",reply,at://did:plc:bpg7gzwp7vp4vp2ktwuaq3uh/app.bsky.feed.post/3mc5wdmjsos22,at://did:plc:bpg7gzwp7vp4vp2ktwuaq3uh/app.bsky.feed.post/3mc5tt77zb222,pt,1,0,0,0,official mention,2026-06-26T14:05:00.228985+00:00,stechlab-labels.bsky.social,False,pt,2026-06-26T14:06:34.776511+00:00,ok,,,,,
208,https://bsky.app/profile/mykl.sparkle.blue/post/3mc3dcqv5is2d,at://did:plc:o7e3fa77monkr6ctx5hk4hct/app.bsky.feed.post/3mc3dcqv5is2d,bafyreidaq4m3t4kh2qqvcevkl3b36afxxvendemd4t7lhzesl74uskjxvi,mykl.sparkle.blue,did:plc:o7e3fa77monkr6ctx5hk4hct,2026-01-10T15:30:13.257Z,"Oh no, I’m a poaster

Thanks to @stechlab-labels.bsky.social for ruining my day",post,,,en,0,0,0,0,official mention,2026-06-26T14:05:00.228985+00:00,stechlab-labels.bsky.social,True,en,2026-06-26T14:06:34.776511+00:00,ok,,,,,
209,https://bsky.app/profile/heysita.bsky.social/post/3mbziycopmk2w,at://did:plc:rmiqp7mnwkqgtsc6mycdricg/app.bsky.feed.post/3mbziycopmk2w,bafyreidi5gkiiabqrj2izg77hbqgn6fj6pgublugh7allfgyjs5ffijoxm,heysita.bsky.social,did:plc:rmiqp7mnwkqgtsc6mycdricg,2026-01-09T22:06:25.808Z,"For any1  trying to change their settings after being alarmed about activity info being available - that wont work 

It's a label feature/research project  from Cornell Tech that users have to subscribe to in order to see other's account information. You can read more at @stechlab-labels.bsky.social",post,,,en,2,1,1,0,official mention,2026-06-26T14:05:00.228985+00:00,stechlab-labels.bsky.social,False,en,2026-06-26T14:06:34.776511+00:00,ok,,,,,
210,https://bsky.app/profile/heysita.bsky.social/post/3mbzipz4m622w,at://did:plc:rmiqp7mnwkqgtsc6mycdricg/app.bsky.feed.post/3mbzipz4m622w,bafyreib3h2zakwor5fklev356d2ufgghck4s7gbylppyk44sz2u75kohjq,heysita.bsky.social,did:plc:rmiqp7mnwkqgtsc6mycdricg,2026-01-09T22:01:47.341Z,"It's not in settings, it's a label feature from Cornell Tech that users have to subscribe to in order to see other's account information. You can find it at @stechlab-labels.bsky.social",quote,,,en,2,1,0,3,official mention,2026-06-26T14:05:00.228985+00:00,stechlab-labels.bsky.social,False,en,2026-06-26T14:06:34.776511+00:00,ok,,,,,
211,https://bsky.app/profile/oldsquida.bsky.social/post/3mbywcsz2s222,at://did:plc:wpe5wcj7y3hfv3huorblcage/app.bsky.feed.post/3mbywcsz2s222,bafyreihac7yfqi4l2oem3wewxq6go6nq7jxn3kipeh5a7nvt6jw6y33esy,oldsquida.bsky.social,did:plc:wpe5wcj7y3hfv3huorblcage,2026-01-09T16:32:17.371Z,i really like this new labeler @stechlab-labels.bsky.social,post,,,en,10,0,0,0,official mention,2026-06-26T14:05:00.228985+00:00,stechlab-labels.bsky.social,True,en,2026-06-26T14:06:34.776511+00:00,ok,,,,,
212,https://bsky.app/profile/jaybrandstetter.bsky.social/post/3mbyn73vmfk23,at://did:plc:aicigvm6dly54jt4yqkwi4bw/app.bsky.feed.post/3mbyn73vmfk23,bafyreihrzjhecesvygikcv2frn7wauaxn6lhlm2ilk4n2hk3sb2ujbksmu,jaybrandstetter.bsky.social,did:plc:aicigvm6dly54jt4yqkwi4bw,2026-01-09T13:49:08.806Z,"Gotta recommend @stechlab-labels.bsky.social , it's such a reliable value-neutral way of immediately telling who to ignore when you're reading replies",post,,,en,62,11,1,1,official mention,2026-06-26T14:05:00.228985+00:00,stechlab-labels.bsky.social,True,en,2026-06-26T14:06:34.776511+00:00,ok,,,,,
213,https://bsky.app/profile/shimaira.com/post/3mbxvzihm7k2i,at://did:plc:6assmjwnz6wlhuqouwvqziz4/app.bsky.feed.post/3mbxvzihm7k2i,bafyreigzs4gatac6roxtwgvllpta3lyxwoapzfg4d6vjaoauhogy6fp3nq,shimaira.com,did:plc:6assmjwnz6wlhuqouwvqziz4,2026-01-09T06:54:24.590Z,The label: @stechlab-labels.bsky.social,reply,at://did:plc:6assmjwnz6wlhuqouwvqziz4/app.bsky.feed.post/3mbxvxi65ds2i,at://did:plc:6assmjwnz6wlhuqouwvqziz4/app.bsky.feed.post/3mbxvxi65ds2i,en,3,0,1,0,official mention,2026-06-26T14:05:00.228985+00:00,stechlab-labels.bsky.social,False,en,2026-06-26T14:06:34.776511+00:00,ok,,,,,
214,https://bsky.app/profile/chrisjensenj.bsky.social/post/3mbxmkidl7c2u,at://did:plc:bfgo5pshua5l6zknoitrqy2e/app.bsky.feed.post/3mbxmkidl7c2u,bafyreici3uq5dilgggwsyagiuwolcv7nqo77bg7naeeozlxc7nk3fnmlyq,chrisjensenj.bsky.social,did:plc:bfgo5pshua5l6zknoitrqy2e,2026-01-09T04:04:57.461Z,@stechlab-labels.bsky.social labels + @infinitescream.bsky.social is so 2026,post,,,en,2,0,1,0,official mention,2026-06-26T14:05:00.228985+00:00,stechlab-labels.bsky.social,True,unknown,2026-06-26T14:06:34.776511+00:00,ok,,,,,
215,https://bsky.app/profile/jeffunderscore.com/post/3mbxizxpo4i2i,at://did:plc:fwml5hraptiktskrmsxgppug/app.bsky.feed.post/3mbxizxpo4i2i,bafyreidv5oszx4mmmcemz3i3xu2zip3sba7ndg3bsywxgmlpj6o5lcsira,jeffunderscore.com,did:plc:fwml5hraptiktskrmsxgppug,2026-01-09T03:02:01.936Z,@stechlab-labels.bsky.social,reply,at://did:plc:g4woxmzf4tmtaxuubj2aos62/app.bsky.feed.post/3mbxh3ljy5s2q,at://did:plc:g4woxmzf4tmtaxuubj2aos62/app.bsky.feed.post/3mbxgsmwmr22q,en,0,0,0,0,official mention,2026-06-26T14:05:00.228985+00:00,stechlab-labels.bsky.social,False,unknown,2026-06-26T14:06:34.776511+00:00,ok,,,,,
216,https://bsky.app/profile/akod.bsky.social/post/3mbx6y6aqms2k,at://did:plc:3zikshuogf27oc7phk7z4pa4/app.bsky.feed.post/3mbx6y6aqms2k,bafyreigz2ktpov3xtyyhvlj4sss2synrzitx6oxlj3i5nn7fyi6pxy4xqa,akod.bsky.social,did:plc:3zikshuogf27oc7phk7z4pa4,2026-01-09T00:02:04.246Z,So I recently found out about @stechlab-labels.bsky.social and I feel low-key called out by some of these labels. LMAO,post,,,"es,en",1,0,0,0,official mention,2026-06-26T14:05:00.228985+00:00,stechlab-labels.bsky.social,True,en,2026-06-26T14:06:34.776511+00:00,ok,,,,,
217,https://bsky.app/profile/del.winters.rodeo/post/3mbws6ufu5k2m,at://did:plc:gq5kznnsbf7jcb3a7jb7cpgp/app.bsky.feed.post/3mbws6ufu5k2m,bafyreighkcemrt6lsikqzih3qyos5ozligd2dhlarlpvkz3hxzo5cifela,del.winters.rodeo,did:plc:gq5kznnsbf7jcb3a7jb7cpgp,2026-01-08T20:13:10.175Z,It’s the @stechlab-labels.bsky.social link in the comment you replied to,reply,at://did:plc:w4mb2h6e2ahr4sjwdl6cribh/app.bsky.feed.post/3mbwry4mhik2u,at://did:plc:s6yp6jam5og3tftozaw7pjth/app.bsky.feed.post/3mbwp25pm4c26,en,1,0,0,0,official mention,2026-06-26T14:05:00.228985+00:00,stechlab-labels.bsky.social,False,en,2026-06-26T14:06:34.776511+00:00,ok,,,,,
218,https://bsky.app/profile/del.winters.rodeo/post/3mbwqg2simc2m,at://did:plc:gq5kznnsbf7jcb3a7jb7cpgp/app.bsky.feed.post/3mbwqg2simc2m,bafyreibyjvh3r5huqccenmrefjczs5gj4sp2as2e5ezolcs4u6tzxvqdoq,del.winters.rodeo,did:plc:gq5kznnsbf7jcb3a7jb7cpgp,2026-01-08T19:41:24.285Z,Subscribing to a labeler like @stechlab-labels.bsky.social and keeping them all on show badge can also be useful for identifying behavior patterns indicative of bot or troll accounts,reply,at://did:plc:xloiyfjseos3wdsglsq536oa/app.bsky.feed.post/3mbwpfcaus22y,at://did:plc:s6yp6jam5og3tftozaw7pjth/app.bsky.feed.post/3mbwp25pm4c26,en,2,0,2,0,official mention,2026-06-26T14:05:00.228985+00:00,stechlab-labels.bsky.social,False,en,2026-06-26T14:06:34.776511+00:00,ok,,,,,
219,https://bsky.app/profile/senatornyxen.bsky.social/post/3mbwd3akir22o,at://did:plc:v2algerallxwir66tkm4rtln/app.bsky.feed.post/3mbwd3akir22o,bafyreiewopvjqbbjy3mrg4ipyulbvftzqnu4tzwsoz6lnf3umw3fcgrbbu,senatornyxen.bsky.social,did:plc:v2algerallxwir66tkm4rtln,2026-01-08T15:42:42.568Z,"@stechlab-labels.bsky.social I love the idea, but it would helpful if there was an option to disable them on verified accounts and/or accounts I follow.",post,,,en,1,0,0,0,official mention,2026-06-26T14:05:00.228985+00:00,stechlab-labels.bsky.social,False,en,2026-06-26T14:06:34.776511+00:00,ok,,,,,
220,https://bsky.app/profile/furioursus.dev/post/3mbtxmzfpd225,at://did:plc:yjpusf2kbwemp7bo3yofihu3/app.bsky.feed.post/3mbtxmzfpd225,bafyreif3ch2ydrgkeurdgkk4wglbomup5r4qqaeig3f463yq3obf4mhcam,furioursus.dev,did:plc:yjpusf2kbwemp7bo3yofihu3,2026-01-07T17:12:34.675Z,"Gotta say, i’m liking a lot of the labels on @stechlab-labels.bsky.social. Specifically the mass following/unfollowing indicators are a great datapoint for determining whether or not an account is engaging topics in earnest or is just engagement farming and can be blocked without reservations.",post,,,en,3,0,0,0,official mention,2026-06-26T14:05:00.228985+00:00,stechlab-labels.bsky.social,False,en,2026-06-26T14:06:34.776511+00:00,ok,,,,,
221,https://bsky.app/profile/cornplateur.bsky.social/post/3mbt7joeeqs2a,at://did:plc:lmajktgknxlgbcf3ldseavqs/app.bsky.feed.post/3mbt7joeeqs2a,bafyreigz65xneoalhc65ctjah7k46uyfuemovzds7xfgrrdk47uabusmjq,cornplateur.bsky.social,did:plc:lmajktgknxlgbcf3ldseavqs,2026-01-07T10:01:12.631Z,"this is the labeller that i got from carbon's reposts if you need to subscribe:

@stechlab-labels.bsky.social",reply,at://did:plc:lmajktgknxlgbcf3ldseavqs/app.bsky.feed.post/3mbt7egchy22a,at://did:plc:lmajktgknxlgbcf3ldseavqs/app.bsky.feed.post/3mbt743kfok2a,en,0,0,1,0,official mention,2026-06-26T14:05:00.228985+00:00,stechlab-labels.bsky.social,False,en,2026-06-26T14:06:34.776511+00:00,ok,,,,,
222,https://bsky.app/profile/ichris.bsky.social/post/3mbrr7wd5cs2r,at://did:plc:duarqnv277snl27e4yv5b564/app.bsky.feed.post/3mbrr7wd5cs2r,bafyreib5p3gdk5vgmk7xkyboefnw4j5qnlwckfmmakncdkszrdj5a3oqay,ichris.bsky.social,did:plc:duarqnv277snl27e4yv5b564,2026-01-06T20:12:33.312Z,"This is a helpful account to enable: @stechlab-labels.bsky.social. It can help you identify accounts on Bluesky that might be doing things just for engagement / farming / social media abusive type stuff.

It just throws a label on their posts. It doesn't block them or anything. So you can decide.",post,,,en,5,2,0,0,official mention,2026-06-26T14:05:00.228985+00:00,stechlab-labels.bsky.social,False,en,2026-06-26T14:06:34.776511+00:00,ok,,,,,
223,https://bsky.app/profile/exentio.sexy/post/3mbrn6gvtvc2s,at://did:plc:gan3ycbgo4qmh3mevps7ovfc/app.bsky.feed.post/3mbrn6gvtvc2s,bafyreiff63bsvxlzcmkrm2n3i5ss5jtllg6ayvmy6nmo5zkuih2kve6iry,exentio.sexy,did:plc:gan3ycbgo4qmh3mevps7ovfc,2026-01-06T19:00:08.624Z,"It's @stechlab-labels.bsky.social, and together with some labels by @labeler.hailey.at it gives insights that can be related to an account doing something suspicious and possibly related to engagement hacking. Not all the labels are that useful, though, it's worth picking the right ones",reply,at://did:plc:3svatvwo2rfbszv5n2y6hksd/app.bsky.feed.post/3mbrkc654ak2k,at://did:plc:ld2ctjerlc7vgnvxwsjrgais/app.bsky.feed.post/3mb5gq2tixc2w,en,1,0,0,0,official mention,2026-06-26T14:05:00.228985+00:00,stechlab-labels.bsky.social,False,en,2026-06-26T14:06:34.776511+00:00,ok,,,,,
224,https://bsky.app/profile/chaunceyyaunders.bsky.social/post/3mbrlrgsfxs2a,at://did:plc:a43xa65mewc2rweozzb2tlyv/app.bsky.feed.post/3mbrlrgsfxs2a,bafyreieel6sre2q7zfgri2cbxccgtsl5vwbzndz6xhjbfwsqmfgm6hbgyy,chaunceyyaunders.bsky.social,did:plc:a43xa65mewc2rweozzb2tlyv,2026-01-06T18:34:58.564Z,ive been enjoying @stechlab-labels.bsky.social‬ lately,reply,at://did:plc:apztdp7vgoxad2dmxgmw7spq/app.bsky.feed.post/3mbrlctsumc2k,at://did:plc:apztdp7vgoxad2dmxgmw7spq/app.bsky.feed.post/3mbrlctsumc2k,en,1,0,1,0,official mention,2026-06-26T14:05:00.228985+00:00,stechlab-labels.bsky.social,False,unknown,2026-06-26T14:06:34.776511+00:00,ok,,,,,
225,https://bsky.app/profile/sesquiotic.bsky.social/post/3mbraobng2c2p,at://did:plc:mzhrncelvcicnuvszvlkbfnb/app.bsky.feed.post/3mbraobng2c2p,bafyreibhkyajg2xqg6xb644czy2d7fzwdag4jzkrxffrsnj4hwxf63hkza,sesquiotic.bsky.social,did:plc:mzhrncelvcicnuvszvlkbfnb,2026-01-06T15:16:21.334Z,These ones are from ‪@stechlab-labels.bsky.social‬,reply,at://did:plc:5acr4hyvrpxy6vzdwpodroct/app.bsky.feed.post/3mbracmwb422r,at://did:plc:mzhrncelvcicnuvszvlkbfnb/app.bsky.feed.post/3mbr6abyedk2p,en,0,0,0,0,official mention,2026-06-26T14:05:00.228985+00:00,stechlab-labels.bsky.social,False,en,2026-06-26T14:06:34.776511+00:00,ok,,,,,
226,https://bsky.app/profile/kernowshark.bsky.social/post/3mbpy4bajok2g,at://did:plc:6eca6lqfwxjozzsw54x5dkii/app.bsky.feed.post/3mbpy4bajok2g,bafyreifr67dmf4o33nfjuw3gjtjyjfj6tzqnt7hj4pqcvlfitzuslr3wre,kernowshark.bsky.social,did:plc:6eca6lqfwxjozzsw54x5dkii,2026-01-06T03:10:27.258Z,"It's stechlab-labels.bsky.social

I mostly subscribed to it to complain about it then never got round to removing it again lol",reply,at://did:plc:6eca6lqfwxjozzsw54x5dkii/app.bsky.feed.post/3mbpxzehfxk2g,at://did:plc:cfaqiryvp2b55j5pwpny7cmn/app.bsky.feed.post/3m5mhhkr57c26,en,2,0,0,0,official mention,2026-06-26T14:05:00.228985+00:00,stechlab-labels.bsky.social,False,en,2026-06-26T14:06:34.776511+00:00,ok,,,,,
227,https://bsky.app/profile/klara5.myatproto.social/post/3mbpqv7ce7s2w,at://did:plc:4kuug2gbzmmebdsfz3jbzikw/app.bsky.feed.post/3mbpqv7ce7s2w,bafyreiezo2qrxg6r2xixik46l3mwynroapwmvfmimq3it3ieh4x5lurl7i,klara5.myatproto.social,did:plc:4kuug2gbzmmebdsfz3jbzikw,2026-01-06T01:01:14.147Z,Have you seen @stechlab-labels.bsky.social?,reply,at://did:plc:xnfsrtf5kc2o5ow2qtitiqwn/app.bsky.feed.post/3mbpqrtfa7s2k,at://did:plc:xnfsrtf5kc2o5ow2qtitiqwn/app.bsky.feed.post/3mbpqrtfa7s2k,en,2,0,1,0,official mention,2026-06-26T14:05:00.228985+00:00,stechlab-labels.bsky.social,False,unknown,2026-06-26T14:06:34.776511+00:00,ok,,,,,
228,https://bsky.app/profile/mathiastck.bsky.social/post/3mbpoukwnf22e,at://did:plc:erghuqe7q3xy5c664tguw7gf/app.bsky.feed.post/3mbpoukwnf22e,bafyreidr5zm522zbjw4ph5mpxq2mtzdltx2scgukhxf5jrinl4bunfdzru,mathiastck.bsky.social,did:plc:erghuqe7q3xy5c664tguw7gf,2026-01-06T00:25:05.306Z,"I am trying @stechlab-labels.bsky.social as a labeler, found here:

bsky.app/profile/chad...

@murderbotbot.bsky.social it says you didn't take a break from bsky longer than 4 hours yesterday.",reply,at://did:plc:y3hizcx623cxspo6qpuxah7k/app.bsky.feed.post/3mbpmw2cker2c,at://did:plc:vtpyqvwce4x6gpa5dcizqecy/app.bsky.feed.post/3mbp4m2a5sd2f,en,0,0,1,0,official mention,2026-06-26T14:05:00.228985+00:00,stechlab-labels.bsky.social,False,en,2026-06-26T14:06:34.776511+00:00,ok,,,,,
229,https://bsky.app/profile/intheprairie.bsky.social/post/3mbp4st3plc2x,at://did:plc:iq7jgt5ubelgijdrdlxwg6ns/app.bsky.feed.post/3mbp4st3plc2x,bafyreicpvknb33mgpgxw2wbme74zqu3ykhxmrkkx5c6dovw3xpp4wnu5we,intheprairie.bsky.social,did:plc:iq7jgt5ubelgijdrdlxwg6ns,2026-01-05T19:01:59.394Z,"I can't recommend @stechlab-labels.bsky.social  enough. 

When I see an account with this many flags, it's obviously a bot, but why? Why change your profile multiple times to just post photos? 

Do they post generic crap to get followers, then switch to propaganda once they have a following?",post,,,en,2,0,1,0,official mention,2026-06-26T14:05:00.228985+00:00,stechlab-labels.bsky.social,True,en,2026-06-26T14:06:34.776511+00:00,ok,,,,,
230,https://bsky.app/profile/chadloder.dev/post/3mboy4jqcdc2v,at://did:plc:nywb5oene54cllowkfwouxzz/app.bsky.feed.post/3mboy4jqcdc2v,bafyreibvemoev2ubmqaorvhqczvl2htn6ifyx6z7jk7i5qbyahdkywykmu,chadloder.dev,did:plc:nywb5oene54cllowkfwouxzz,2026-01-05T17:37:56.411Z,@stechlab-labels.bsky.social has some pretty useful account labels because some of you are very weird on here,post,,,en,139,40,9,2,official mention,2026-06-26T14:05:00.228985+00:00,stechlab-labels.bsky.social,True,en,2026-06-26T14:06:34.776511+00:00,ok,,,,,
231,https://bsky.app/profile/gothpanda.dev/post/3mbosbhbyb22t,at://did:plc:3qzxdhzyw4vj5xf6fzkg22k2/app.bsky.feed.post/3mbosbhbyb22t,bafyreiangkaolfhyanfjhaoux5d5gisu4ys4kccajlfc27mkzm56fxrnim,gothpanda.dev,did:plc:3qzxdhzyw4vj5xf6fzkg22k2,2026-01-05T15:53:19.180Z,"Someone brought this up the other day, and I kinda feel like it's something I wanna bring to other folks attention:

It's a Cornell Tech project that surfaces certain account behaviors as labels, allowing you to see at a glance this info on accounts.

@stechlab-labels.bsky.social",post,,,en,1,0,1,0,official mention,2026-06-26T14:05:00.228985+00:00,stechlab-labels.bsky.social,False,en,2026-06-26T14:06:34.776511+00:00,ok,,,,,
232,https://bsky.app/profile/lvdvl.bsky.social/post/3mbopmkt34s2o,at://did:plc:zu5xe2ohvh73cfc4bkxrtifp/app.bsky.feed.post/3mbopmkt34s2o,bafyreibvvhuykjkqr3pgcszzph6uhkyij7rv77p5tnqarrdvd7zafrzn3y,lvdvl.bsky.social,did:plc:zu5xe2ohvh73cfc4bkxrtifp,2026-01-05T15:05:50.757Z,"@pronouns.diy
@kickflip.renahlee.com
@khronos.world
@joined-labeler.shatteredsky.net
are in the screenshot

i also like @stechlab-labels.bsky.social cus it's neat to see the labels pop up sometimes",reply,at://did:plc:2a6smd46wf67527gdefgzqdn/app.bsky.feed.post/3mbopghgny22h,at://did:plc:zu5xe2ohvh73cfc4bkxrtifp/app.bsky.feed.post/3mbongnxr222o,en,1,0,0,0,official mention,2026-06-26T14:05:00.228985+00:00,stechlab-labels.bsky.social,False,en,2026-06-26T14:06:34.776511+00:00,ok,,,,,
233,https://bsky.app/profile/granitetide.bsky.social/post/3mbofi3yrec2c,at://did:plc:meahz4jzfyksx7fuock3u3zd/app.bsky.feed.post/3mbofi3yrec2c,bafyreih5r5hqc5wdge662ah523dwhpbw73qcrrb3nfgu5oga2il3nz47rq,granitetide.bsky.social,did:plc:meahz4jzfyksx7fuock3u3zd,2026-01-05T12:04:23.561Z,I recommend the @stechlab-labels.bsky.social labeller if you want an insight into which folk are absolutely hopelessly addicted to posting,post,,,en,13,0,1,0,official mention,2026-06-26T14:05:00.228985+00:00,stechlab-labels.bsky.social,True,en,2026-06-26T14:06:34.776511+00:00,ok,,,,,
234,https://bsky.app/profile/forthrast.com/post/3mbnhdgqhc22l,at://did:plc:w75fzwl4ibla3witt3nk5oox/app.bsky.feed.post/3mbnhdgqhc22l,bafyreifzusycp3bhnrdvf7mz6zt6dq7bgxwyyzmhsbg4bu447554wr4v5e,forthrast.com,did:plc:w75fzwl4ibla3witt3nk5oox,2026-01-05T03:04:54.816Z,"these are @stechlab-labels.bsky.social and @labeler.hailey.at, @bossett.social is similar and @kickflip.renahlee.com is the best of the vanity labellers",reply,at://did:plc:35qh2hsenzstunhk3sv7ykhr/app.bsky.feed.post/3mbnhai6xuc2b,at://did:plc:w75fzwl4ibla3witt3nk5oox/app.bsky.feed.post/3mbngzi5lws2l,en,4,0,1,0,official mention,2026-06-26T14:05:00.228985+00:00,stechlab-labels.bsky.social,False,en,2026-06-26T14:06:34.776511+00:00,ok,,,,,
235,https://bsky.app/profile/pyronsanity.bsky.social/post/3mbm4oyrayc24,at://did:plc:ja7f6l5s72j4uyovbia2735x/app.bsky.feed.post/3mbm4oyrayc24,bafyreiftc5vgkpvc67mtuui65frvzatcruddp4yhdegfzn5cltkbofmmli,pyronsanity.bsky.social,did:plc:ja7f6l5s72j4uyovbia2735x,2026-01-04T14:21:51.905Z,"I see that I got a new account label from @stechlab-labels.bsky.social, but it’s not part of their listed labels 🤷‍♀️

These look like a way to spot follow farmers, no sleep folks, ones that spam post links, and ones that are always switching up their accounts.

Which one is “Num Low” from the list?",post,,,en,0,0,1,0,official mention,2026-06-26T14:05:00.228985+00:00,stechlab-labels.bsky.social,True,en,2026-06-26T14:06:34.776511+00:00,ok,,,,,
236,https://bsky.app/profile/ninichan.com/post/3mbly76yqy223,at://did:plc:jiyc2f6hu4fzghsw72b7d6j6/app.bsky.feed.post/3mbly76yqy223,bafyreihlwlt35uokvc7fbkjg6yvccairf5ajzercwi3wlcmcn74adspy2y,ninichan.com,did:plc:jiyc2f6hu4fzghsw72b7d6j6,2026-01-04T13:01:26.615Z,@stechlab-labels.bsky.social & @labeler.hailey.at — dua ini bagus banget. Especially the one’s Hailey made. Both combinations are great to have! 🤏🤝,reply,at://did:plc:op3f6prx72nqkv76u2sjfvd5/app.bsky.feed.post/3mblqyopjnc2d,at://did:plc:op3f6prx72nqkv76u2sjfvd5/app.bsky.feed.post/3mblqyopjnc2d,en,0,0,1,0,official mention,2026-06-26T14:05:00.228985+00:00,stechlab-labels.bsky.social,False,en,2026-06-26T14:06:34.776511+00:00,ok,,,,,
237,https://bsky.app/profile/kauko.biosynth.link/post/3mbicqpo2cc2i,at://did:plc:bovxqt3tac2yrzub4paycpvd/app.bsky.feed.post/3mbicqpo2cc2i,bafyreicyfqarhklmzlhadwwipdynvqmy4rbklblwqzf7dhumtaylsmv5ce,kauko.biosynth.link,did:plc:bovxqt3tac2yrzub4paycpvd,2026-01-03T01:59:32.981Z,I wear my @stechlab-labels.bsky.social label with pride,post,,,en,7,0,3,0,official mention,2026-06-26T14:05:00.228985+00:00,stechlab-labels.bsky.social,True,en,2026-06-26T14:06:34.776511+00:00,ok,,,,,
238,https://bsky.app/profile/surfdude29.ispost.ing/post/3mbhjiikyq223,at://did:plc:sflxm2fxohaqpfgahgdlm7rl/app.bsky.feed.post/3mbhjiikyq223,bafyreib22ll7llrvujnr6tbfuyyau4krui6hylg25v3gypkczbgbqqdrvi,surfdude29.ispost.ing,did:plc:sflxm2fxohaqpfgahgdlm7rl,2026-01-02T18:27:33.558Z,"sure, it's @stechlab-labels.bsky.social",reply,at://did:plc:r7cudfq7k5btguohatz6ji4l/app.bsky.feed.post/3mbhja2btc22d,at://did:plc:sflxm2fxohaqpfgahgdlm7rl/app.bsky.feed.post/3mbhhkdiu2225,en,1,0,1,0,official mention,2026-06-26T14:05:00.228985+00:00,stechlab-labels.bsky.social,False,fr,2026-06-26T14:06:34.776511+00:00,ok,,,,,
239,https://bsky.app/profile/colin.hoagie.fun/post/3mbfet2tehs2e,at://did:plc:l4smnmw4etii4ilv66jmdznk/app.bsky.feed.post/3mbfet2tehs2e,bafyreidg4y3sxwvaqu4ry7fgryeg4bc3jni7odejbvnqv6tucva6diunsq,colin.hoagie.fun,did:plc:l4smnmw4etii4ilv66jmdznk,2026-01-01T21:58:40.067Z,@stechlab-labels.bsky.social and @labeler.hailey.at,reply,at://did:plc:bi536wrfvtevpd3cekwijcmh/app.bsky.feed.post/3mbfenu4llc25,at://did:plc:l4smnmw4etii4ilv66jmdznk/app.bsky.feed.post/3mbfegevycs2x,en,1,0,1,0,official mention,2026-06-26T14:05:00.228985+00:00,stechlab-labels.bsky.social,False,unknown,2026-06-26T14:06:34.776511+00:00,ok,,,,,
240,https://bsky.app/profile/colin.hoagie.fun/post/3mbfeshllfc2e,at://did:plc:l4smnmw4etii4ilv66jmdznk/app.bsky.feed.post/3mbfeshllfc2e,bafyreifkkxpgkmyy2tniahwwrde63vgzzs7vp4k2nrfngc6lrkk3hcbf4e,colin.hoagie.fun,did:plc:l4smnmw4etii4ilv66jmdznk,2026-01-01T21:58:19.890Z,"@stechlab-labels.bsky.social and @labeler.hailey.at, works in any client",reply,at://did:plc:fwml5hraptiktskrmsxgppug/app.bsky.feed.post/3mbfeprg54c24,at://did:plc:l4smnmw4etii4ilv66jmdznk/app.bsky.feed.post/3mbfegevycs2x,en,1,0,0,0,official mention,2026-06-26T14:05:00.228985+00:00,stechlab-labels.bsky.social,False,en,2026-06-26T14:06:34.776511+00:00,ok,,,,,
241,https://bsky.app/profile/orpach.neocities.org/post/3mbdavbgmfk2k,at://did:plc:bfp7n6e2rpr3yo7gpqdr2tfw/app.bsky.feed.post/3mbdavbgmfk2k,bafyreidjnkimta3yzji6glc2zkclpdwjenrxm367tp4ccfiaovrx6skhpm,orpach.neocities.org,did:plc:bfp7n6e2rpr3yo7gpqdr2tfw,2026-01-01T01:42:59.654Z,"App resuming network connection, maybe.
I think those are createdAt dates though, so they could easily be spoofed if you were trying to detect it.

@stechlab-labels.bsky.social could add a label for abnormal numbers of likes, even aside from bluesky doing anything about it.",reply,at://did:plc:wh2g32kxs6xgduoibqdpne5j/app.bsky.feed.post/3mbcnmyrjd22l,at://did:plc:wh2g32kxs6xgduoibqdpne5j/app.bsky.feed.post/3mbcnlhtmwc2l,en,1,0,2,0,official mention,2026-06-26T14:05:00.228985+00:00,stechlab-labels.bsky.social,False,en,2026-06-26T14:06:34.776511+00:00,ok,,,,,
242,https://bsky.app/profile/pds.dad/post/3mbchanqqf223,at://did:plc:rnpkyqnmsw4ipey6eotbdnnf/app.bsky.feed.post/3mbchanqqf223,bafyreiealdozj44ats4pscggjaxzpkt6clebp6bmhlhbfqzv6qa6uvryxq,pds.dad,did:plc:rnpkyqnmsw4ipey6eotbdnnf,2025-12-31T18:04:04.377Z,How it feels to get hit by the “Posts a lot” label from @stechlab-labels.bsky.social,post,,,en,15,0,0,0,official mention,2026-06-26T14:05:00.228985+00:00,stechlab-labels.bsky.social,False,en,2026-06-26T14:06:34.776511+00:00,ok,,,,,
243,https://bsky.app/profile/profgabriele.com/post/3mbc7fdwn2c2c,at://did:plc:rbgwij3cs2kf4pugtbn2d3x4/app.bsky.feed.post/3mbc7fdwn2c2c,bafyreifzck34v6eleyrvzxazexuqihssaruor7z4w5hgzqom6ltolrjpmy,profgabriele.com,did:plc:rbgwij3cs2kf4pugtbn2d3x4,2025-12-31T15:43:31.925Z,so i added a labeler from @stechlab-labels.bsky.social (to detect bot-like behavior) and man some of you need to step away from the internet machine given the frequency of your posting,post,,,en,12,1,3,0,official mention,2026-06-26T14:05:00.228985+00:00,stechlab-labels.bsky.social,False,en,2026-06-26T14:06:34.776511+00:00,ok,,,,,
244,https://bsky.app/profile/haplo.bsky.social/post/3mbaygidlis2u,at://did:plc:ihmmutevzrpcesb24v7uhr4x/app.bsky.feed.post/3mbaygidlis2u,bafyreidrhkhtlkpdhw5rhex2gznqpdyyup66masvfpovn2d7y6uyqsfeku,haplo.bsky.social,did:plc:ihmmutevzrpcesb24v7uhr4x,2025-12-31T04:06:14.116Z,using @stechlab-labels.bsky.social makes this an amusing self-own,reply,at://did:plc:osg2vzhifd2tjfsvfwua7scy/app.bsky.feed.post/3mbat5poj3k2y,at://did:plc:vlpy6zuqqum5tumv7b6dw5fp/app.bsky.feed.post/3mbaslncja22b,en,4,0,1,0,official mention,2026-06-26T14:05:00.228985+00:00,stechlab-labels.bsky.social,True,en,2026-06-26T14:06:34.776511+00:00,ok,,,,,
245,https://bsky.app/profile/andreslucero.com/post/3mb2benre322a,at://did:plc:oxqw4kfykecnsafzlo6pyphf/app.bsky.feed.post/3mb2benre322a,bafyreibzyhu6p7ovbnq3oodkrmbmu7wfmasd75qglsq3oe6nvyrxw7j7sa,andreslucero.com,did:plc:oxqw4kfykecnsafzlo6pyphf,2025-12-28T11:57:38.255Z,"You can use labelers to hide profiles that have inauthentic attributes or behaviors, it cuts down on a lot of garbage:

@moderation.bsky.app 
@skywatch.blue 
@profile-labels.bossett.social 
@engagement-hacks.bsky.social
@stechlab-labels.bsky.social",reply,at://did:plc:7jay7nelegipdr7ic2dlumol/app.bsky.feed.post/3mazmbvz62s24,at://did:plc:7jay7nelegipdr7ic2dlumol/app.bsky.feed.post/3mazmbvz62s24,en,1,0,0,1,official mention,2026-06-26T14:05:00.228985+00:00,stechlab-labels.bsky.social,False,en,2026-06-26T14:06:34.776511+00:00,ok,,,,,
246,https://bsky.app/profile/dmuth.bsky.social/post/3maweplhpuk2n,at://did:plc:2zpzpbpa4rvqhosfliof3j25/app.bsky.feed.post/3maweplhpuk2n,bafyreieipfhx2sxlxiyyrhrn2badbnamxali3t6bhit3vpvt7c73kd5cly,dmuth.bsky.social,did:plc:2zpzpbpa4rvqhosfliof3j25,2025-12-26T22:46:47.217Z,"I can't say enough good things about the @stechlab-labels.bsky.social feed, because it lets me catch accounts that do things like this:",post,,,en,18,0,2,0,official mention,2026-06-26T14:05:00.228985+00:00,stechlab-labels.bsky.social,True,en,2026-06-26T14:06:34.776511+00:00,ok,,,,,
247,https://bsky.app/profile/austinzheng.bsky.social/post/3maw3kpu2o22d,at://did:plc:2b3owwl47hedxvciksw3eb6l/app.bsky.feed.post/3maw3kpu2o22d,bafyreib2qjeki7kvuv262xt4w2cupk5rgqjbiw6kx326766bbovaojdhjq,austinzheng.bsky.social,did:plc:2b3owwl47hedxvciksw3eb6l,2025-12-26T20:03:00.368Z,"I suggest using moderation labelers you trust instead (since they require actual volunteer work and are harder to misuse, + don't auto-block).

- shadowbanner.bsky.social --> 🚫 political crap
- stechlab-labels.bsky.social --> 🚫 misbehaving accts
- aimod.social (when it returns) --> 🚫 AI images",quote,,,en,1,0,0,0,official mention,2026-06-26T14:05:00.228985+00:00,stechlab-labels.bsky.social,False,en,2026-06-26T14:06:34.776511+00:00,ok,,,,,
248,https://bsky.app/profile/onedeuxtriseigo.nullpo.dev/post/3matwcncimk2q,at://did:plc:bholcpcih66qxost2lkoij4i/app.bsky.feed.post/3matwcncimk2q,bafyreibwnutxggsbpdecqhphobhkmfxstioumxzqnizurjtllhme4j2ox4,onedeuxtriseigo.nullpo.dev,did:plc:bholcpcih66qxost2lkoij4i,2025-12-25T23:23:41.075Z,"Oh if you are looking for a good list of moderation labellers:

General moderation: 
@skywatch.blue @moderation.blacksky.app @arttheft.bsky.social @asukafield.xyz (not perfect but good signals)

Useful signals for noticing bad actors: 
@stechlab-labels.bsky.social @labeler.hailey.at",reply,at://did:plc:vjahgw4ycvftaqu4jlj656ls/app.bsky.feed.post/3matre3gpyk2e,at://did:plc:vjahgw4ycvftaqu4jlj656ls/app.bsky.feed.post/3matre3gpyk2e,en,0,0,1,1,official mention,2026-06-26T14:05:00.228985+00:00,stechlab-labels.bsky.social,False,en,2026-06-26T14:06:34.776511+00:00,ok,,,,,
249,https://bsky.app/profile/xan.lol/post/3marbbladvc2r,at://did:plc:q7suwaz53ztc4mbiqyygbn43/app.bsky.feed.post/3marbbladvc2r,bafyreibvew5bhytxbbsc7sdcacrlthl7ogbyumhkbdquedjslg3nlistki,xan.lol,did:plc:q7suwaz53ztc4mbiqyygbn43,2025-12-24T22:01:57.296Z,@stechlab-labels.bsky.social (can't believe I skeeted over 50 times yesterday),reply,at://did:plc:2btolxxgou2ze2stwytv75vw/app.bsky.feed.post/3mar2j5t6se25,at://did:plc:2btolxxgou2ze2stwytv75vw/app.bsky.feed.post/3mar2j5szw225,en,3,0,0,0,official mention,2026-06-26T14:05:00.228985+00:00,stechlab-labels.bsky.social,False,unknown,2026-06-26T14:06:34.776511+00:00,ok,,,,,
250,https://bsky.app/profile/courtneymilan.com/post/3maqmpjoqas2q,at://did:plc:s5fi6htc7xhnshxxn37dg65c/app.bsky.feed.post/3maqmpjoqas2q,bafyreib3ckln5ikrnrohoofxsau2hphlvvrbwdkvripverugxehf7cgiay,courtneymilan.com,did:plc:s5fi6htc7xhnshxxn37dg65c,2025-12-24T15:53:56.854Z,"I subscribe to the @stechlab-labels.bsky.social posts-a-lot-labeler entirely so I can judge myself for my posting habits.

Time to spend less time posting today!",post,,,en,50,0,1,0,official mention,2026-06-26T14:05:00.228985+00:00,stechlab-labels.bsky.social,True,en,2026-06-26T14:06:34.776511+00:00,ok,,,,,
251,https://bsky.app/profile/innerlmnt.bsky.social/post/3maopw634v226,at://did:plc:iowhsxhaoev3v6y5fyuskrnf/app.bsky.feed.post/3maopw634v226,bafyreihobpr53ofjqpo2hjma3clnrbxht6kaxdfdheborw5or7gelach5a,innerlmnt.bsky.social,did:plc:iowhsxhaoev3v6y5fyuskrnf,2025-12-23T21:46:01.309Z,nvm found it @stechlab-labels.bsky.social,reply,at://did:plc:iowhsxhaoev3v6y5fyuskrnf/app.bsky.feed.post/3maopta73y226,at://did:plc:vckvwvcvm3zkqhkg6pzzzxqe/app.bsky.feed.post/3magoliwdqk25,en,1,0,0,0,official mention,2026-06-26T14:05:00.228985+00:00,stechlab-labels.bsky.social,False,en,2026-06-26T14:06:34.776511+00:00,ok,,,,,
252,https://bsky.app/profile/shadow.hedgie.social/post/3mamifbtp5224,at://did:plc:jso7eonpai3or3by5fx4pffi/app.bsky.feed.post/3mamifbtp5224,bafyreiaveke4bfmvrq65ng6a44atgcpjt4svuvmtytdluzdrh3wz57ikhy,shadow.hedgie.social,did:plc:jso7eonpai3or3by5fx4pffi,2025-12-23T00:25:59.163Z,Especially combined with @stechlab-labels.bsky.social labels,reply,at://did:plc:sflxm2fxohaqpfgahgdlm7rl/app.bsky.feed.post/3mamhy3fxqs2g,at://did:plc:sflxm2fxohaqpfgahgdlm7rl/app.bsky.feed.post/3mamhy3fxqs2g,en,1,0,1,0,official mention,2026-06-26T14:05:00.228985+00:00,stechlab-labels.bsky.social,False,en,2026-06-26T14:06:34.776511+00:00,ok,,,,,
253,https://bsky.app/profile/thezoikkeli.bsky.social/post/3malo3zmy7k2o,at://did:plc:wmgxmlgoakzi6aeroxxugc2t/app.bsky.feed.post/3malo3zmy7k2o,bafyreigdu5zg5iansxfrdbml6wa5izdimbsdgjoe5nrxbe5sqjoyycp7u4,thezoikkeli.bsky.social,did:plc:wmgxmlgoakzi6aeroxxugc2t,2025-12-22T16:35:31.279Z,"Also, farming followers (over 500 unfollowed recently), shown by @stechlab-labels.bsky.social labeler.",reply,at://did:plc:yk4oycdgm7mswpckg2xeeio5/app.bsky.feed.post/3maii6665vk2e,at://did:plc:yk4oycdgm7mswpckg2xeeio5/app.bsky.feed.post/3maii6665vk2e,en,1,0,0,0,official mention,2026-06-26T14:05:00.228985+00:00,stechlab-labels.bsky.social,False,en,2026-06-26T14:06:34.776511+00:00,ok,,,,,
254,https://bsky.app/profile/dr-squiddy.bsky.social/post/3magh5o3zd22t,at://did:plc:mscve5shwpb5cp2may5posmm/app.bsky.feed.post/3magh5o3zd22t,bafyreibubzjevrsffr6fn5okrqtlvhbadep42gls35xgrfiqj646l3bote,dr-squiddy.bsky.social,did:plc:mscve5shwpb5cp2may5posmm,2025-12-20T14:47:51.412Z,"I subscribed to @stechlab-labels.bsky.social a few days ago and it has been fascinating to see what's behind some of the stuff that's appeared in my feed. 

It's given me cause to stop and think before sharing daft little things I would just have happily clicked on before. Recommended.",post,,,en,1,0,1,0,official mention,2026-06-26T14:05:00.228985+00:00,stechlab-labels.bsky.social,False,en,2026-06-26T14:06:34.776511+00:00,ok,,,,,
255,https://bsky.app/profile/davidcrespo.bsky.social/post/3magfoksyc22a,at://did:plc:ctphcgyhnllfluywokibtrgb/app.bsky.feed.post/3magfoksyc22a,bafyreidb4syfb754g735an3vo5irzvxvuqymq2dys2wtwj65ryvhzowtre,davidcrespo.bsky.social,did:plc:ctphcgyhnllfluywokibtrgb,2025-12-20T14:21:30.912Z,finding @stechlab-labels.bsky.social very handy,post,,,en,13,0,3,0,official mention,2026-06-26T14:05:00.228985+00:00,stechlab-labels.bsky.social,True,en,2026-06-26T14:06:34.776511+00:00,ok,,,,,
256,https://bsky.app/profile/rocketpilot.xyz/post/3mafvlgzg522l,at://did:plc:cjal645bu3uplrsoufkvhqon/app.bsky.feed.post/3mafvlgzg522l,bafyreihyc2ro2zyv4xsqhdtcie3hirbcpfg3cr5nu5eswn5sadzrd3gdpy,rocketpilot.xyz,did:plc:cjal645bu3uplrsoufkvhqon,2025-12-20T09:33:26.396Z,"In case that link was wabby, it’s stechlab-labels.bsky.social",reply,at://did:plc:c26e25ticlddaoaajndlvuic/app.bsky.feed.post/3mafvhxxw7s2c,at://did:plc:cfy5rgqvohpdqxgu2geb5u2b/app.bsky.feed.post/3maftrgkzas2a,en,1,0,0,0,official mention,2026-06-26T14:05:00.228985+00:00,stechlab-labels.bsky.social,False,en,2026-06-26T14:06:34.776511+00:00,ok,,,,,
257,https://bsky.app/profile/paularcurtis.bsky.social/post/3macxnrs22k2z,at://did:plc:tr7tljvmuzz7asv735p23nve/app.bsky.feed.post/3macxnrs22k2z,bafyreicsnbjd53sw7bz2ctmbt63p5gqlpjyemvwjzxbyxde32zlugzmxtm,paularcurtis.bsky.social,did:plc:tr7tljvmuzz7asv735p23nve,2025-12-19T05:32:33.045Z,"If you want some insights into whether or not an account is likely a bot, or if someone (or you) might be Too Online, this experimental labeling feature is cool. Shows things like this and when one posts 50 or 100+ times a day. Just subscribe & adjust the settings!: @stechlab-labels.bsky.social",post,,,en,32,11,0,2,official mention,2026-06-26T14:05:00.228985+00:00,stechlab-labels.bsky.social,True,en,2026-06-26T14:06:34.776511+00:00,ok,,,,,
258,https://bsky.app/profile/brookie.blog/post/3macoaafkhs2z,at://did:plc:v46ojbiop5ebs5h7gaomixcc/app.bsky.feed.post/3macoaafkhs2z,bafyreigxgpbyyktcv4des7sqebr6lt4fsrqeipss7sxcsaow3lvdbgo3ve,brookie.blog,did:plc:v46ojbiop5ebs5h7gaomixcc,2025-12-19T02:43:54.945Z,current favs are @pronouns.diy  @stechlab-labels.bsky.social and @hailey.at’s new labeler @labeler.hailey.at,reply,at://did:plc:uzdfxwdzkggwc4652mdecmsg/app.bsky.feed.post/3macfzk37bk25,at://did:plc:v46ojbiop5ebs5h7gaomixcc/app.bsky.feed.post/3macayd2x2k24,en,3,0,0,0,official mention,2026-06-26T14:05:00.228985+00:00,stechlab-labels.bsky.social,False,en,2026-06-26T14:06:34.776511+00:00,ok,,,,,
259,https://bsky.app/profile/raulmv.bsky.es/post/3macn3lpy4c2o,at://did:plc:is5q7ahfhl52yajkzfrujxpt/app.bsky.feed.post/3macn3lpy4c2o,bafyreiaxnauocaa5hblcvyl4nw5iivvessuc6xsywrs5ydun7cnwo57dcu,raulmv.bsky.es,did:plc:is5q7ahfhl52yajkzfrujxpt,2025-12-19T02:23:25.309Z,@stechlab-labels.bsky.social 👀,reply,at://did:plc:oisofpd7lj26yvgiivf3lxsi/app.bsky.feed.post/3macmqwroa22n,at://did:plc:oisofpd7lj26yvgiivf3lxsi/app.bsky.feed.post/3macmqwroa22n,es,0,0,0,0,official mention,2026-06-26T14:05:00.228985+00:00,stechlab-labels.bsky.social,False,unknown,2026-06-26T14:06:34.776511+00:00,ok,,,,,
260,https://bsky.app/profile/orpach.neocities.org/post/3maaxpgrbts2j,at://did:plc:bfp7n6e2rpr3yo7gpqdr2tfw/app.bsky.feed.post/3maaxpgrbts2j,bafyreiezyx7lkdsshxn65et42duizyw5htvqylj7jjjrvdd7v3s6rg4gre,orpach.neocities.org,did:plc:bfp7n6e2rpr3yo7gpqdr2tfw,2025-12-18T10:28:09.139Z,"Well, you haven't triggered the @stechlab-labels.bsky.social label for that today.
So that's something.",reply,at://did:plc:mvqgxyogng6i3ki6ps5klhwp/app.bsky.feed.post/3maaxcvehi6bz,at://did:plc:mvqgxyogng6i3ki6ps5klhwp/app.bsky.feed.post/3maaxcvehi6bz,en,4,0,1,0,official mention,2026-06-26T14:05:00.228985+00:00,stechlab-labels.bsky.social,False,en,2026-06-26T14:06:34.776511+00:00,ok,,,,,
261,https://bsky.app/profile/mindcrime.bsky.social/post/3maa64ppitk26,at://did:plc:fjxd6b5md42nx6zppxq63ww3/app.bsky.feed.post/3maa64ppitk26,bafyreicst3pu3rwfo6bvdjjafsaop52xq5hanihexdff5hr6njsky7vmkm,mindcrime.bsky.social,did:plc:fjxd6b5md42nx6zppxq63ww3,2025-12-18T02:50:17.439Z,@stechlab-labels.bsky.social,reply,at://did:plc:gkhlgiv6hsui5gqyye2zrbd3/app.bsky.feed.post/3maa62eipb22a,at://did:plc:gkhlgiv6hsui5gqyye2zrbd3/app.bsky.feed.post/3ma7u74ahbs2v,en,1,0,1,0,official mention,2026-06-26T14:05:00.228985+00:00,stechlab-labels.bsky.social,False,unknown,2026-06-26T14:06:34.776511+00:00,ok,,,,,
262,https://bsky.app/profile/ewacat.bsky.social/post/3ma6tqloqjc2z,at://did:plc:23e6qmug2vwcnsfv2fywuy4b/app.bsky.feed.post/3ma6tqloqjc2z,bafyreigvwmsnalhh4jvy3v4guwycl5zrhtezggoeman6ueb2ihmrg6deeu,ewacat.bsky.social,did:plc:23e6qmug2vwcnsfv2fywuy4b,2025-12-17T14:11:53.409Z,got it from a labeller @stechlab-labels.bsky.social,reply,at://did:plc:lwuxfdikvtkzsxflyg2xlksu/app.bsky.feed.post/3ma6ouon3hc2j,at://did:plc:23e6qmug2vwcnsfv2fywuy4b/app.bsky.feed.post/3ma6nbuiqek27,en,1,0,0,0,official mention,2026-06-26T14:05:00.228985+00:00,stechlab-labels.bsky.social,False,unknown,2026-06-26T14:06:34.776511+00:00,ok,,,,,
263,https://bsky.app/profile/the-art-of-web.com/post/3ma4hhuwhvs2x,at://did:plc:y3vu6k7ozqpbc7rd7fgh5dug/app.bsky.feed.post/3ma4hhuwhvs2x,bafyreihlyjpp4h3quxiimrymb2myjo5kx5qruracoo4q5inv5nqz6mbeke,the-art-of-web.com,did:plc:y3vu6k7ozqpbc7rd7fgh5dug,2025-12-16T15:26:56.732Z,"Have you seen the new(?) labeller that does that?
@stechlab-labels.bsky.social",reply,at://did:plc:eyncvuomoy5dma63kbe4k6xc/app.bsky.feed.post/3ma4hdce44c2d,at://did:plc:eyncvuomoy5dma63kbe4k6xc/app.bsky.feed.post/3ma4f3qm6ws2d,en,1,0,1,0,official mention,2026-06-26T14:05:00.228985+00:00,stechlab-labels.bsky.social,False,en,2026-06-26T14:06:34.776511+00:00,ok,,,,,
264,https://bsky.app/profile/fandangos.bsky.social/post/3ma4cp7yf722p,at://did:plc:4ihmhdqbwccg4bfeskuaar63/app.bsky.feed.post/3ma4cp7yf722p,bafyreiax53afjh245hxnoxl5vj6wzq5c46zvdxxcozbeeqnzgob3hkzirm,fandangos.bsky.social,did:plc:4ihmhdqbwccg4bfeskuaar63,2025-12-16T14:01:34.496Z,@stechlab-labels.bsky.social,reply,at://did:plc:vaskeay2qch6aclpfycomxxi/app.bsky.feed.post/3ma3wwz6d4225,at://did:plc:4ihmhdqbwccg4bfeskuaar63/app.bsky.feed.post/3ma3nasmi6k2l,"pt,en",1,0,0,0,official mention,2026-06-26T14:05:00.228985+00:00,stechlab-labels.bsky.social,False,unknown,2026-06-26T14:06:34.776511+00:00,ok,,,,,
265,https://bsky.app/profile/skarfs.bsky.social/post/3ma3aqoqafk23,at://did:plc:nssbt7wocwcd3nabfbwahnyp/app.bsky.feed.post/3ma3aqoqafk23,bafyreicqqeskpygx5vrndgu2zrlcv5aljfsdqydxqigwqgvnj2ucxdtwim,skarfs.bsky.social,did:plc:nssbt7wocwcd3nabfbwahnyp,2025-12-16T03:53:56.294Z,"Found it!
@stechlab-labels.bsky.social",reply,at://did:plc:c3liusihpe5y4fh6hyilawgt/app.bsky.feed.post/3ma3a4rgpms2l,at://did:plc:c3liusihpe5y4fh6hyilawgt/app.bsky.feed.post/3ma37thiqpk2l,en,0,0,0,0,official mention,2026-06-26T14:05:00.228985+00:00,stechlab-labels.bsky.social,False,unknown,2026-06-26T14:06:34.776511+00:00,ok,,,,,
266,https://bsky.app/profile/holsety.blue/post/3ma2xhtzwf22n,at://did:plc:fxjglz3ndxxixch6t2bwh2kt/app.bsky.feed.post/3ma2xhtzwf22n,bafyreiap4i2uen3lr4zhah2zvk4loytlympwcuvlyjw4ks3h32eaab5vim,holsety.blue,did:plc:fxjglz3ndxxixch6t2bwh2kt,2025-12-16T01:07:56.188Z,This labeler is interesting @stechlab-labels.bsky.social,post,,,en,0,0,0,0,official mention,2026-06-26T14:05:00.228985+00:00,stechlab-labels.bsky.social,False,en,2026-06-26T14:06:34.776511+00:00,ok,,,,,
267,https://bsky.app/profile/carl.fish/post/3m7yv5fvfms2i,at://did:plc:rb53rjbfmnm6wmbbbof5vpo5/app.bsky.feed.post/3m7yv5fvfms2i,bafyreiby47yrasekljiwknooinytkldtd3xb5d4wpcn4fgycvcldnuqss4,carl.fish,did:plc:rb53rjbfmnm6wmbbbof5vpo5,2025-12-15T05:20:58.856Z,"Got to say, the @stechlab-labels.bsky.social tagger adds some useful context when browsing the replies.",post,,,en,3,1,0,1,official mention,2026-06-26T14:05:00.228985+00:00,stechlab-labels.bsky.social,True,en,2026-06-26T14:06:34.776511+00:00,ok,,,,,
268,https://bsky.app/profile/dame.is/post/3m7ya4uhifs2i,at://did:plc:gq4fo3u6tqzzdkjlwzpb23tj/app.bsky.feed.post/3m7ya4uhifs2i,bafyreiaiorf2n7cq4dhelj7nxwgfjpuf27ifrzhgmfttz4jxx326fojb6a,dame.is,did:plc:gq4fo3u6tqzzdkjlwzpb23tj,2025-12-14T23:04:51.985Z,"these 3 labels from @stechlab-labels.bsky.social when combined paint a pretty vivid picture of a bot/scammer/bad actor — unfollows/follows lots of accounts, posts without many breaks, and posts at a high volume",post,,,en,18,3,3,1,official mention,2026-06-26T14:05:00.228985+00:00,stechlab-labels.bsky.social,True,en,2026-06-26T14:06:34.776511+00:00,ok,,,,,
269,https://bsky.app/profile/thezoikkeli.bsky.social/post/3m7wqo7jwfs24,at://did:plc:wmgxmlgoakzi6aeroxxugc2t/app.bsky.feed.post/3m7wqo7jwfs24,bafyreiam26u552szee2brwfj7qugbc5mkbi3pe7px26tveil6a7hr4hizq,thezoikkeli.bsky.social,did:plc:wmgxmlgoakzi6aeroxxugc2t,2025-12-14T08:55:34.427Z,"Näköjään on eilen lakannut seuraamasta 500+ tiliä, muuttanut profiilia 10+ kertaa ja muutenkin muuttanut profiiliaan 10+ kertaa kuukauden sisään. ‪@stechlab-labels.bsky.social‬ on hyödyllinen metadatan paljastaja.",reply,at://did:plc:oaoond73lrojne4zc4wjbfmc/app.bsky.feed.post/3m7wgvrjgn22e,at://did:plc:oaoond73lrojne4zc4wjbfmc/app.bsky.feed.post/3m7vays7g4m2w,fi,5,1,2,0,official mention,2026-06-26T14:05:00.228985+00:00,stechlab-labels.bsky.social,False,fi,2026-06-26T14:06:34.776511+00:00,ok,,,,,
270,https://bsky.app/profile/pds.dad/post/3m7vkvvy35s2v,at://did:plc:rnpkyqnmsw4ipey6eotbdnnf/app.bsky.feed.post/3m7vkvvy35s2v,bafyreieqma3bhy3uz6msje7hafojmhox7zwqyhsr42oxgvgigwcy5bjadi,pds.dad,did:plc:rnpkyqnmsw4ipey6eotbdnnf,2025-12-13T21:39:50.651Z,"It's a couple! They're atproto/Bluesky apps call labelers. They're for mod actions to label things, but people use them for fun projects. They show up on the app and website

@recordcollector.edavis.dev 
@pds.labeler.tny.im 
@stechlab-labels.bsky.social",reply,at://did:plc:56ysecchfoi5qft4b6yh7c6h/app.bsky.feed.post/3m7vkf5u2xs2w,at://did:plc:rnpkyqnmsw4ipey6eotbdnnf/app.bsky.feed.post/3m7vephlyzk2y,en,4,0,1,0,official mention,2026-06-26T14:05:00.228985+00:00,stechlab-labels.bsky.social,False,en,2026-06-26T14:06:34.776511+00:00,ok,,,,,
271,https://bsky.app/profile/colin.hoagie.fun/post/3m7uwenrcrs2a,at://did:plc:l4smnmw4etii4ilv66jmdznk/app.bsky.feed.post/3m7uwenrcrs2a,bafyreiaruxn46yrm45gt7yh36usstjgtl44u34ykm7wzw2yrlxxvporufa,colin.hoagie.fun,did:plc:l4smnmw4etii4ilv66jmdznk,2025-12-13T15:32:16.764Z,"I really cannot overstate how much the @stechlab-labels.bsky.social labeler has changed my relationship to dumbasses on this platform. 

If I see that little yellow indicator I automatically know it’s not someone worth engaging with because their brain is just ruined.",post,,,en,4,1,0,0,official mention,2026-06-26T14:05:00.228985+00:00,stechlab-labels.bsky.social,True,en,2026-06-26T14:06:34.776511+00:00,ok,,,,,
272,https://bsky.app/profile/chaosgreml.in/post/3m7u3553srs23,at://did:plc:h3wpawnrlptr4534chevddo6/app.bsky.feed.post/3m7u3553srs23,bafyreibr7a2btqbtklprtcwwpkfa2kjllxnbmmwcivtlj6xwrwya6gnibq,chaosgreml.in,did:plc:h3wpawnrlptr4534chevddo6,2025-12-13T07:24:53.386Z,@stechlab-labels.bsky.social,reply,at://did:plc:64kdoplv62s6veonqincpgod/app.bsky.feed.post/3m7u2tggipk22,at://did:plc:h3wpawnrlptr4534chevddo6/app.bsky.feed.post/3m7u2nhgnmc23,en,1,0,0,0,official mention,2026-06-26T14:05:00.228985+00:00,stechlab-labels.bsky.social,False,unknown,2026-06-26T14:06:34.776511+00:00,ok,,,,,
273,https://bsky.app/profile/ducky.ws/post/3m7seiokn6c2c,at://did:web:didd.uk/app.bsky.feed.post/3m7seiokn6c2c,bafyreifaf6behegl5idujbvpmcbjvr43ahfuqdoelmkithu7pr4qrdbdai,ducky.ws,did:web:didd.uk,2025-12-12T15:07:04.997Z,"if you're wondering wtf i'm talking about, it's one of the labels from @stechlab-labels.bsky.social. pretty cool labeller!",reply,at://did:web:didd.uk/app.bsky.feed.post/3m7se5sttkk2c,at://did:web:didd.uk/app.bsky.feed.post/3m7se5sttkk2c,en,1,0,0,0,official mention,2026-06-26T14:05:00.228985+00:00,stechlab-labels.bsky.social,False,en,2026-06-26T14:06:34.776511+00:00,ok,,,,,
274,https://bsky.app/profile/snake.communism.quest/post/3m7rct7ibv224,at://did:plc:zyxrnrmh2vus2qqhsiwclnes/app.bsky.feed.post/3m7rct7ibv224,bafyreidzkjht5j63vgt5yja6dgx2yle3kztjhyx3tiqulchiseuixfdng4,snake.communism.quest,did:plc:zyxrnrmh2vus2qqhsiwclnes,2025-12-12T05:04:31.067Z,The other label is @stechlab-labels.bsky.social and it says you posted more than 100x yesterday,reply,at://did:plc:2g6ctmivvzx5vgcmrakwjo4i/app.bsky.feed.post/3m7rbmx323c2j,at://did:plc:2oby54vl23w3pkvf3aonionv/app.bsky.feed.post/3m7qbjehf7c2n,en,1,0,2,0,official mention,2026-06-26T14:05:00.228985+00:00,stechlab-labels.bsky.social,False,en,2026-06-26T14:06:34.776511+00:00,ok,,,,,
275,https://bsky.app/profile/flare.protogen.club/post/3m7pvjyngwc2e,at://did:plc:l2wmxye3cluoydbjmqvlyf5v/app.bsky.feed.post/3m7pvjyngwc2e,bafyreih2d4nb7lscpqcoolhezemthmliexronumg76jrl4ejmk6orakkum,flare.protogen.club,did:plc:l2wmxye3cluoydbjmqvlyf5v,2025-12-11T15:34:03.524Z,@stechlab-labels.bsky.social,reply,at://did:plc:5i4kp4xwezjocxnqimhe2oat/app.bsky.feed.post/3m7pvgh65qs2m,at://did:plc:l2wmxye3cluoydbjmqvlyf5v/app.bsky.feed.post/3m7prrqt7wk2e,en,0,0,1,0,official mention,2026-06-26T14:05:00.228985+00:00,stechlab-labels.bsky.social,False,unknown,2026-06-26T14:06:34.776511+00:00,ok,,,,,
276,https://bsky.app/profile/babyshoes4cash.com/post/3m7npse6bus2f,at://did:plc:3pcnghkif2l2bf3g3hx5spsu/app.bsky.feed.post/3m7npse6bus2f,bafyreigahn5tywt24vadwii56ztjgkpis2tgpg7awdtqxevsihl7emm35y,babyshoes4cash.com,did:plc:3pcnghkif2l2bf3g3hx5spsu,2025-12-10T18:46:02.119Z,click/tap: @stechlab-labels.bsky.social,reply,at://did:plc:ubhmfseodx6zjexcdwiu3uzb/app.bsky.feed.post/3m7npnvnhlk2n,at://did:plc:3pcnghkif2l2bf3g3hx5spsu/app.bsky.feed.post/3m7npgkgick22,en,1,0,0,0,official mention,2026-06-26T14:05:00.228985+00:00,stechlab-labels.bsky.social,False,en,2026-06-26T14:06:34.776511+00:00,ok,,,,,
277,https://bsky.app/profile/thezoikkeli.bsky.social/post/3m7n55ftltk2h,at://did:plc:wmgxmlgoakzi6aeroxxugc2t/app.bsky.feed.post/3m7n55ftltk2h,bafyreiajqv4tbrciv6jj7alwbykgxr2ts5sti4nod4lftdmemv4d4da5ui,thezoikkeli.bsky.social,did:plc:wmgxmlgoakzi6aeroxxugc2t,2025-12-10T13:12:11.871Z,"I would vouch for @stechlab-labels.bsky.social - their label is showing this account has unfollowed 100+ account in last 24h, meaning it's actively follow farming.",reply,at://did:plc:yk4oycdgm7mswpckg2xeeio5/app.bsky.feed.post/3m7mva4xp6226,at://did:plc:yk4oycdgm7mswpckg2xeeio5/app.bsky.feed.post/3m7mva4xp6226,en,1,0,0,0,official mention,2026-06-26T14:05:00.228985+00:00,stechlab-labels.bsky.social,False,en,2026-06-26T14:06:34.776511+00:00,ok,,,,,
278,https://bsky.app/profile/refrag.bsky.social/post/3m7iwl3lups2i,at://did:plc:5i7qv6sq3azq3i3yzqicf6iz/app.bsky.feed.post/3m7iwl3lups2i,bafyreiadqg645hdcvk3ygixlcs2d6c3ckdzqcv5cadpnxodv72kyes6bue,refrag.bsky.social,did:plc:5i7qv6sq3azq3i3yzqicf6iz,2025-12-08T21:03:55.748Z,"You beat me to it. I think are services for scheduling posts that exist & are used by some people, but it's much more likely that this is a bot.

The label is from this account, for anyone else interested:
@stechlab-labels.bsky.social",reply,at://did:plc:seocdgcuwjjmgiwb47wvk4bd/app.bsky.feed.post/3m7ijz5byss2k,at://did:plc:25zrllablzxyz73u5xcgdqb6/app.bsky.feed.post/3m7i65ussss2l,en,1,0,0,0,official mention,2026-06-26T14:05:00.228985+00:00,stechlab-labels.bsky.social,False,en,2026-06-26T14:06:34.776511+00:00,ok,,,,,
279,https://bsky.app/profile/nateschenkkan.bsky.social/post/3m7gxwnpjpc2m,at://did:plc:idfozrgxosvj6clz5ssugc33/app.bsky.feed.post/3m7gxwnpjpc2m,bafyreihealfwpxndnxhdugwc7voasd5c4bby3skua7zggxvlfuw3l2d2xy,nateschenkkan.bsky.social,did:plc:idfozrgxosvj6clz5ssugc33,2025-12-08T02:22:58.104Z,"I turned this labeler on a few weeks ago and I love it: @stechlab-labels.bsky.social. Automated labeling to show you which accounts post 100 times a day, 50 times a day, etc. Instructive!",post,,,en,4,0,0,0,official mention,2026-06-26T14:05:00.228985+00:00,stechlab-labels.bsky.social,False,en,2026-06-26T14:06:34.776511+00:00,ok,,,,,
280,https://bsky.app/profile/loreandordure.com/post/3m7f2mgfb7c2q,at://did:plc:rd4lmw2zthdkmj2ifdg5hrqa/app.bsky.feed.post/3m7f2mgfb7c2q,bafyreib6gnh5ffb6ryllj65jktgux2gyidxjynu6iochmd6tivcnbhooli,loreandordure.com,did:plc:rd4lmw2zthdkmj2ifdg5hrqa,2025-12-07T08:05:36.631Z,"Fair fair.

@stechlab-labels.bsky.social do an interesting set. Your account is currently decked out like a Christmas tree.",reply,at://did:plc:muhesxre7yfcuqi5ss2fskjc/app.bsky.feed.post/3m7f2jbzewk2q,at://did:plc:muhesxre7yfcuqi5ss2fskjc/app.bsky.feed.post/3m7f23ydw7k2q,en,3,0,1,0,official mention,2026-06-26T14:05:00.228985+00:00,stechlab-labels.bsky.social,False,en,2026-06-26T14:06:34.776511+00:00,ok,,,,,
281,https://bsky.app/profile/chromaphobia.bsky.social/post/3m7a2li5cgs2u,at://did:plc:ie6ogogyg4piycc2d2anawbg/app.bsky.feed.post/3m7a2li5cgs2u,bafyreigqg7colynsi7rm5fffqtczrzrudvobn6sgxk6h7thql74w6h3cg4,chromaphobia.bsky.social,did:plc:ie6ogogyg4piycc2d2anawbg,2025-12-05T08:21:46.224Z,@stechlab-labels.bsky.social,reply,at://did:plc:7tak4fspyykidnc5fymq56sv/app.bsky.feed.post/3m72csck6ls2l,at://did:plc:zt27imgyh6ffmktz2rtmj5b6/app.bsky.feed.post/3m4p4lrz42s23,en,2,0,1,0,official mention,2026-06-26T14:05:00.228985+00:00,stechlab-labels.bsky.social,False,unknown,2026-06-26T14:06:34.776511+00:00,ok,,,,,
282,https://bsky.app/profile/xan.lol/post/3m75lrwvxwk23,at://did:plc:q7suwaz53ztc4mbiqyygbn43/app.bsky.feed.post/3m75lrwvxwk23,bafyreiad64qjgmtmsmdfie3p4ba5hwydkjvw62lnlaipwcy4p47ulskdym,xan.lol,did:plc:q7suwaz53ztc4mbiqyygbn43,2025-12-04T08:51:37.435Z,unsubscribing from @recordcollector.edavis.dev cuz sorry TOO MANY (also had to disable a lot from @stechlab-labels.bsky.social),reply,at://did:plc:q7suwaz53ztc4mbiqyygbn43/app.bsky.feed.post/3m75kybqlxc2s,at://did:plc:q7suwaz53ztc4mbiqyygbn43/app.bsky.feed.post/3m75kybqlxc2s,en,0,0,0,0,official mention,2026-06-26T14:05:00.228985+00:00,stechlab-labels.bsky.social,False,en,2026-06-26T14:06:34.776511+00:00,ok,,,,,
283,https://bsky.app/profile/reneepatrice.bsky.social/post/3m74uf7gpzk27,at://did:plc:a7ofzvegmcfqa2nf2syarju6/app.bsky.feed.post/3m74uf7gpzk27,bafyreid5wyjr4hkxoouiynoqjoapuric4orlb3hfqd74i5etzfqquhbami,reneepatrice.bsky.social,did:plc:a7ofzvegmcfqa2nf2syarju6,2025-12-04T01:52:54.103Z,"These are my account labels. Some make no sense to me but whatevs.

“swan” from The Cave of Trophonius

“joined-nov-c” from Joined Labeler

“democratic-apologia” from The Shadowbanner

“leftist-scapegoating” from The Shadowbanner

“posting-num-low” from stechlab-labels.bsky.social",post,,,en,9,0,4,0,official mention,2026-06-26T14:05:00.228985+00:00,stechlab-labels.bsky.social,False,en,2026-06-26T14:06:34.776511+00:00,ok,,,,,
284,https://bsky.app/profile/wynn.pink/post/3m74nigqoss2a,at://did:plc:pk3vds2kiub2mduc5q6bqquw/app.bsky.feed.post/3m74nigqoss2a,bafyreigo6hj7dr2bnvf4c5zfgv4qgknixexgot3hkjdtz66qyiwrezipdu,wynn.pink,did:plc:pk3vds2kiub2mduc5q6bqquw,2025-12-03T23:49:26.238Z,click 👉 @stechlab-labels.bsky.social to subscribe to the labeler,reply,at://did:plc:pk3vds2kiub2mduc5q6bqquw/app.bsky.feed.post/3m74ngaomps2a,at://did:plc:pk3vds2kiub2mduc5q6bqquw/app.bsky.feed.post/3m74ngaomps2a,en,2,0,0,0,official mention,2026-06-26T14:05:00.228985+00:00,stechlab-labels.bsky.social,False,en,2026-06-26T14:06:34.776511+00:00,ok,,,,,
285,https://bsky.app/profile/dollspace.gay/post/3m73ybochhk2p,at://did:plc:dzvxvsiy3maw4iarpvizsj67/app.bsky.feed.post/3m73ybochhk2p,bafyreifosm6wsv7hfemqpifu3ylokjd75rtcx24uhkj6skmcakjpph5564,dollspace.gay,did:plc:dzvxvsiy3maw4iarpvizsj67,2025-12-03T17:29:50.703Z,"Doll has been calling the @stechlab-labels.bsky.social labeler the ""touch grass"" labeler because when it hits ""Posts a lot: more than 50 times yesterday"" it knows its time to log off",post,,,en,25,1,2,0,official mention,2026-06-26T14:05:00.228985+00:00,stechlab-labels.bsky.social,False,en,2026-06-26T14:06:34.776511+00:00,ok,,,,,
286,https://bsky.app/profile/patodeborracha.bsky.social/post/3m722lgfnfc2u,at://did:plc:ezkvnk6cih36zt7pa52jtzbs/app.bsky.feed.post/3m722lgfnfc2u,bafyreih26kw6lioguzsq64ybrmqmofnligqavfr6rxybumalj3xyno4pmq,patodeborracha.bsky.social,did:plc:ezkvnk6cih36zt7pa52jtzbs,2025-12-02T23:05:45.970Z,"🟡 NEED INTERVENTION: posted more than 500 times yesterday

In the last 24 hours this account made more than 500 posts or replies

‪@stechlab-labels.bsky.social‬",post,,,pt,11,1,0,0,official mention,2026-06-26T14:05:00.228985+00:00,stechlab-labels.bsky.social,False,en,2026-06-26T14:06:34.776511+00:00,ok,,,,,
287,https://bsky.app/profile/sbarolo.bsky.social/post/3m6xop5btfk2l,at://did:plc:6htdpszdkahdrjlg5njuv5ub/app.bsky.feed.post/3m6xop5btfk2l,bafyreida2gyez3jyr4umndvcr5mdm5lssryom2riuirdyagalljsvoclcq,sbarolo.bsky.social,did:plc:6htdpszdkahdrjlg5njuv5ub,2025-12-02T00:27:46.244Z,"The @stechlab-labels.bsky.social labeler is interesting. 
I have a different perspective on certain threads when everyone involved is labeled “this user posted more than 100 times yesterday”",post,,,en,7,1,0,0,official mention,2026-06-26T14:05:00.228985+00:00,stechlab-labels.bsky.social,False,en,2026-06-26T14:06:34.776511+00:00,ok,,,,,
288,https://bsky.app/profile/stedeco.re/post/3m6xgfvfrhk2p,at://did:plc:hmtiew7cfi5sm6sikdpamaiu/app.bsky.feed.post/3m6xgfvfrhk2p,bafyreibmpf3rrstusaksejx3wa72xxupgjm5xx5d4mwfc2gezjlubk7teu,stedeco.re,did:plc:hmtiew7cfi5sm6sikdpamaiu,2025-12-01T21:59:21.711Z,"It's a great labeler for seeing who's A Little Too Online sometimes, though. Like super big accounts.

@stechlab-labels.bsky.social",reply,at://did:plc:hmtiew7cfi5sm6sikdpamaiu/app.bsky.feed.post/3m6xgfrbf522p,at://did:plc:hmtiew7cfi5sm6sikdpamaiu/app.bsky.feed.post/3m6xgfrbf522p,en,6,1,1,1,official mention,2026-06-26T14:05:00.228985+00:00,stechlab-labels.bsky.social,False,en,2026-06-26T14:06:34.776511+00:00,ok,,,,,
289,https://bsky.app/profile/egall.bsky.social/post/3m6ujsjs6u22i,at://did:plc:o56qmbc5xf5gnrlhm3ozhgpk/app.bsky.feed.post/3m6ujsjs6u22i,bafyreicomhh3g2ikktkgbz2s3eqzu2dmbwk4na7t5v63l5dxrietnftaqq,egall.bsky.social,did:plc:o56qmbc5xf5gnrlhm3ozhgpk,2025-11-30T18:22:12.099Z,"...also a lot of the labels from @stechlab-labels.bsky.social are good markers of suspiciousness, too, although you may have to turn off some of the noisier ones:",reply,at://did:plc:o56qmbc5xf5gnrlhm3ozhgpk/app.bsky.feed.post/3m6ujmhhgu22i,at://did:plc:o56qmbc5xf5gnrlhm3ozhgpk/app.bsky.feed.post/3m6t54eovz22m,en,2,0,1,1,official mention,2026-06-26T14:05:00.228985+00:00,stechlab-labels.bsky.social,True,en,2026-06-26T14:06:34.776511+00:00,ok,,,,,
290,https://bsky.app/profile/dame.is/post/3m6sh733luc23,at://did:plc:gq4fo3u6tqzzdkjlwzpb23tj/app.bsky.feed.post/3m6sh733luc23,bafyreig7kuiz3jegttn4nuwigawndcyi55kkmxjqypsxo73aqoazfqlrg4,dame.is,did:plc:gq4fo3u6tqzzdkjlwzpb23tj,2025-11-29T22:30:12.188Z,"i knew the @stechlab-labels.bsky.social labeler was gonna be annoying for me personally despite how cool the labeler is — people see these flags on my account and immediately think i’m sus lol

reminder, my avatar changes every hour automatically! it runs on my iphone!

dame.is/writing/blog...",quote,,,en,34,5,5,0,official mention,2026-06-26T14:05:00.228985+00:00,stechlab-labels.bsky.social,False,en,2026-06-26T14:06:34.776511+00:00,ok,,,,,
291,https://bsky.app/profile/jessica.moe/post/3m6q7rmx6gs2c,at://did:plc:b3se66m7bzdy7ugoh3cjlop5/app.bsky.feed.post/3m6q7rmx6gs2c,bafyreic3fapfzhpctjzaflwr5rcbpws263zh4jgnvdccf5dlly3x6ynxby,jessica.moe,did:plc:b3se66m7bzdy7ugoh3cjlop5,2025-11-29T01:12:05.486Z,Yeap! From @stechlab-labels.bsky.social,reply,at://did:plc:isoqyxaweaefayp2jtt2f5nm/app.bsky.feed.post/3m6q7o5gk5k23,at://did:plc:b3se66m7bzdy7ugoh3cjlop5/app.bsky.feed.post/3m6q6uezqm22u,en,1,0,0,0,official mention,2026-06-26T14:05:00.228985+00:00,stechlab-labels.bsky.social,False,unknown,2026-06-26T14:06:34.776511+00:00,ok,,,,,
292,https://bsky.app/profile/thezoikkeli.bsky.social/post/3m6pckhdzws24,at://did:plc:wmgxmlgoakzi6aeroxxugc2t/app.bsky.feed.post/3m6pckhdzws24,bafyreiaslkzw3dojkko7rnlfuvpr762sozrkwebikkv77gjll3ou2asrii,thezoikkeli.bsky.social,did:plc:wmgxmlgoakzi6aeroxxugc2t,2025-11-28T16:29:06.224Z,"Also apparently unfollowed 100+ accounts yesterday. The metadata doesn't lie, and this is shown by this labeler: @stechlab-labels.bsky.social",reply,at://did:plc:p4sdz6dcmxh2rfxbmd2cax3j/app.bsky.feed.post/3m6myr3piyk2v,at://did:plc:p4sdz6dcmxh2rfxbmd2cax3j/app.bsky.feed.post/3m6myr3piyk2v,en,1,0,1,0,official mention,2026-06-26T14:05:00.228985+00:00,stechlab-labels.bsky.social,False,en,2026-06-26T14:06:34.776511+00:00,ok,,,,,
293,https://bsky.app/profile/bunkum.us/post/3m6nrjuvjt22u,at://did:plc:jwcnmli4jkle63x4oqouiylu/app.bsky.feed.post/3m6nrjuvjt22u,bafyreievie24cgfh35n4o73t5yn5b3uihdt5uos2i6opbbniv3vhnjd3km,bunkum.us,did:plc:jwcnmli4jkle63x4oqouiylu,2025-11-28T01:51:53.525Z,this is a good labeler: @stechlab-labels.bsky.social,post,,,en,10,3,0,0,official mention,2026-06-26T14:05:00.228985+00:00,stechlab-labels.bsky.social,False,en,2026-06-26T14:06:34.776511+00:00,ok,,,,,
294,https://bsky.app/profile/heartpunk.bsky.social/post/3m6lo62bzqc2w,at://did:plc:5clan7z4wsuvaffihedjv6fu/app.bsky.feed.post/3m6lo62bzqc2w,bafyreiex7t2njebwnve37qze3nwxum3qblgyo4tccmdeeowisnfgofeu6a,heartpunk.bsky.social,did:plc:5clan7z4wsuvaffihedjv6fu,2025-11-27T05:46:15.822Z,@stechlab-labels.bsky.social pssst i got the updated profile many times in last 24h badge but... i've done one profile update in roughly the last month???? jfyi. i am not bothered by it. just in case it's a bug.,post,,,en,1,0,0,0,official mention,2026-06-26T14:05:00.228985+00:00,stechlab-labels.bsky.social,False,en,2026-06-26T14:06:34.776511+00:00,ok,,,,,
295,https://bsky.app/profile/tilmonedwards.com/post/3m6ksivenw227,at://did:plc:txfqncx66asrjzitxfur3of6/app.bsky.feed.post/3m6ksivenw227,bafyreie5wicg4tl2vivbgtxfpafnjmdphpv2tbjibfio2dwjitcf4uwaju,tilmonedwards.com,did:plc:txfqncx66asrjzitxfur3of6,2025-11-26T21:31:14.992Z,@stechlab-labels.bsky.social,reply,at://did:plc:gclz4qvjgwfplh4tinwkwxqf/app.bsky.feed.post/3m6ks6ferek2l,at://did:plc:txfqncx66asrjzitxfur3of6/app.bsky.feed.post/3m6kkbc2r3c2h,en,1,0,0,0,official mention,2026-06-26T14:05:00.228985+00:00,stechlab-labels.bsky.social,False,unknown,2026-06-26T14:06:34.776511+00:00,ok,,,,,
296,https://bsky.app/profile/blog.kilasuit.org/post/3m6krsuhiss2p,at://did:plc:kzsyuofr6oxycym3hqtesbxm/app.bsky.feed.post/3m6krsuhiss2p,bafyreif4r4kxwd4worhds5nh6ltpfpoo7ymbs52gqxh2rvcvcxquqqxo2m,blog.kilasuit.org,did:plc:kzsyuofr6oxycym3hqtesbxm,2025-11-26T21:18:55.835Z,"This is a pretty good use of the labeler functionality by @stechlab-labels.bsky.social (much like the @github-labeler.bsky.social is too!)

Give it look and see if you think it's worth subscribing to",quote,,,en,0,0,0,0,official mention,2026-06-26T14:05:00.228985+00:00,stechlab-labels.bsky.social,False,en,2026-06-26T14:06:34.776511+00:00,ok,,,,,
297,https://bsky.app/profile/lucadistefano.eu/post/3m6km35a4rs2j,at://did:plc:pyx4u3ete4fo7ypvysyv2uge/app.bsky.feed.post/3m6km35a4rs2j,bafyreidggprdrmm5wspfxyknecqymohkbtcgkdeli5ar7c5q7oz63or43y,lucadistefano.eu,did:plc:pyx4u3ete4fo7ypvysyv2uge,2025-11-26T19:36:11.017Z,"BSky does not have that, but it has labels! E.g., @stechlab-labels.bsky.social
Those can be pretty useful to flag suspicious accounts 🏷️",reply,at://did:plc:2l7rmuymqmv4kyy5axcpuupj/app.bsky.feed.post/3m6k4yqp2222z,at://did:plc:2l7rmuymqmv4kyy5axcpuupj/app.bsky.feed.post/3m6k4yqp2222z,en,0,0,2,0,official mention,2026-06-26T14:05:00.228985+00:00,stechlab-labels.bsky.social,False,en,2026-06-26T14:06:34.776511+00:00,ok,,,,,
298,https://bsky.app/profile/rantlaw.bsky.social/post/3m6j4ekzhis2i,at://did:plc:is7mtapkpnvxq77sxyv64xzq/app.bsky.feed.post/3m6j4ekzhis2i,bafyreiglfumuqd7yr4ghte3kwsijluxzym4fjwzljmynjngzc5bmj2et5y,rantlaw.bsky.social,did:plc:is7mtapkpnvxq77sxyv64xzq,2025-11-26T05:22:27.863Z,This is the labeller. @stechlab-labels.bsky.social,reply,at://did:plc:is7mtapkpnvxq77sxyv64xzq/app.bsky.feed.post/3m6j4ctgnms2i,at://did:plc:is7mtapkpnvxq77sxyv64xzq/app.bsky.feed.post/3m6j4ctgnms2i,en,3,0,0,0,official mention,2026-06-26T14:05:00.228985+00:00,stechlab-labels.bsky.social,False,en,2026-06-26T14:06:34.776511+00:00,ok,,,,,
299,https://bsky.app/profile/glifo.bsky.social/post/3m6iit55y3s22,at://did:plc:okk53n7x5nzhzutykolyqsbl/app.bsky.feed.post/3m6iit55y3s22,bafyreiauajuscn4cnt4gnq5pgve4fcllts5dwr4j4jirpgdekghd4o52yq,glifo.bsky.social,did:plc:okk53n7x5nzhzutykolyqsbl,2025-11-25T23:32:41.810Z,"aqui amg

@stechlab-labels.bsky.social",reply,at://did:plc:i54eokswsbn2sc7wxtz5rj5t/app.bsky.feed.post/3m6iioa6f7k2c,at://did:plc:mfxmw54rymuood7vuabqxr43/app.bsky.feed.post/3m6ifs7f4ek2e,ia,0,0,0,0,official mention,2026-06-26T14:05:00.228985+00:00,stechlab-labels.bsky.social,False,ca,2026-06-26T14:06:34.776511+00:00,ok,,,,,
300,https://bsky.app/profile/aerifiretruck.bsky.social/post/3m6i2py37wc2v,at://did:plc:ezyohmtfftcofou4vszbtged/app.bsky.feed.post/3m6i2py37wc2v,bafyreig5lzmdji6jkob4etdks7os4nzuq6z24pxq2galkxhkwgvnzgk5am,aerifiretruck.bsky.social,did:plc:ezyohmtfftcofou4vszbtged,2025-11-25T19:20:23.427Z,One of my favorite labellers recently is @stechlab-labels.bsky.social. I have most of them turned off but Unfollowed 500+ yesterday is super helpful for spotting f4f accounts if it's not obvious already,post,,,en,8,2,3,0,official mention,2026-06-26T14:05:00.228985+00:00,stechlab-labels.bsky.social,False,en,2026-06-26T14:06:34.776511+00:00,ok,,,,,
301,https://bsky.app/profile/remfoxxi.testbench.gay/post/3m6h2khdb322x,at://did:plc:5gbwipbphmu3ku5tz5jewdkb/app.bsky.feed.post/3m6h2khdb322x,bafyreieaycfq2hbk2qtjcyyibeivjnz7ealhztdhx7oqaom7da64bg2cdu,remfoxxi.testbench.gay,did:plc:5gbwipbphmu3ku5tz5jewdkb,2025-11-25T09:44:38.354Z,"@stechlab-labels.bsky.social fuck you for labeling me with ""posting num low"" its not even in your label list wtf wtf wtf fuck fuck fuck you. 8k quality posts in a year is not ""low"" even if not an epic amount what the fuck is wrong with you disrespectful assholes? 😭",post,,,en,2,0,1,0,official mention,2026-06-26T14:05:00.228985+00:00,stechlab-labels.bsky.social,False,en,2026-06-26T14:06:34.776511+00:00,ok,,,,,
302,https://bsky.app/profile/rahaeli.bsky.social/post/3m6e7shqs7c2y,at://did:plc:ocsbmyulc2grbq3esflddyj6/app.bsky.feed.post/3m6e7shqs7c2y,bafyreid3rhox6fviaq5wjuqhurnmmvyxljfxwzvgqaqlptxwh3pec6bhxe,rahaeli.bsky.social,did:plc:ocsbmyulc2grbq3esflddyj6,2025-11-24T06:40:36.706Z,oh no @stechlab-labels.bsky.social is reading my sleep disorder for filth (I bet a history of when I have this label applied would be meaningful data for my tracking),post,,,en,157,3,6,1,official mention,2026-06-26T14:05:00.228985+00:00,stechlab-labels.bsky.social,True,en,2026-06-26T14:06:34.776511+00:00,ok,,,,,
303,https://bsky.app/profile/orpach.neocities.org/post/3m6e7rdslks2h,at://did:plc:bfp7n6e2rpr3yo7gpqdr2tfw/app.bsky.feed.post/3m6e7rdslks2h,bafyreier4s42stpnf4safxuqzaofqcztkfq555bpziwjtwrjlth2rgoqmm,orpach.neocities.org,did:plc:bfp7n6e2rpr3yo7gpqdr2tfw,2025-11-24T06:39:59.040Z,"Still on the lower tier of ""Posts a lot"" from @stechlab-labels.bsky.social.",reply,at://did:plc:xraomsuf6pvh7r2cqtdwhkvm/app.bsky.feed.post/3m6djpzyie227,at://did:plc:xraomsuf6pvh7r2cqtdwhkvm/app.bsky.feed.post/3m6djpzyie227,en,0,0,0,0,official mention,2026-06-26T14:05:00.228985+00:00,stechlab-labels.bsky.social,False,en,2026-06-26T14:06:34.776511+00:00,ok,,,,,
304,https://bsky.app/profile/erisianrite.com/post/3m6dhekloac2q,at://did:plc:vgiruqwiml7lbxnkjipwcyln/app.bsky.feed.post/3m6dhekloac2q,bafyreibrf2vojgx366exlmveu6mj7gpgjr43p63ejfrapneiwspq6m2n3u,erisianrite.com,did:plc:vgiruqwiml7lbxnkjipwcyln,2025-11-23T23:23:20.141Z,Subscribe to this labeler: @stechlab-labels.bsky.social,reply,at://did:plc:ocvteyxwxhxz5fvzwsftmfp3/app.bsky.feed.post/3m6dhai5rrs2p,at://did:plc:oe5k5kgdudinkw6jpzzfcw4q/app.bsky.feed.post/3m64cirayes2c,en,3,0,0,0,official mention,2026-06-26T14:05:00.228985+00:00,stechlab-labels.bsky.social,False,en,2026-06-26T14:06:34.776511+00:00,ok,,,,,
305,https://bsky.app/profile/egall.bsky.social/post/3m6dcqn7zfc2t,at://did:plc:o56qmbc5xf5gnrlhm3ozhgpk/app.bsky.feed.post/3m6dcqn7zfc2t,bafyreibuwkir52rxl4xa7bets54nmebcvrgm4ljvrc7zvqenisqgxmip4y,egall.bsky.social,did:plc:o56qmbc5xf5gnrlhm3ozhgpk,2025-11-23T22:00:36.849Z,"...and the other is the @stechlab-labels.bsky.social one: 
bsky.app/profile/stec...",reply,at://did:plc:o56qmbc5xf5gnrlhm3ozhgpk/app.bsky.feed.post/3m6dcomwvbc2t,at://did:plc:o56qmbc5xf5gnrlhm3ozhgpk/app.bsky.feed.post/3m6d23s4c222h,en,1,0,0,0,official mention,2026-06-26T14:05:00.228985+00:00,stechlab-labels.bsky.social,False,en,2026-06-26T14:06:34.776511+00:00,ok,,,,,
306,https://bsky.app/profile/raulmv.bsky.es/post/3m65wndtcek2y,at://did:plc:is5q7ahfhl52yajkzfrujxpt/app.bsky.feed.post/3m65wndtcek2y,bafyreidri72dum3nu4we52aghbfkeb2iqnryv4wefu6hu4d3subwdmtx3m,raulmv.bsky.es,did:plc:is5q7ahfhl52yajkzfrujxpt,2025-11-21T18:40:42.736Z,"O si no ha dormido tu cuenta, o has hecho cambios en tu cuenta etc... Te lo chiba casi todo 😂🤣 es esta: @stechlab-labels.bsky.social",reply,at://did:plc:is5q7ahfhl52yajkzfrujxpt/app.bsky.feed.post/3m65wkaq2us2y,at://did:plc:is5q7ahfhl52yajkzfrujxpt/app.bsky.feed.post/3m65vs2fooc2y,es,1,0,0,0,official mention,2026-06-26T14:05:00.228985+00:00,stechlab-labels.bsky.social,False,unknown,2026-06-26T14:06:34.776511+00:00,ok,,,,,
307,https://bsky.app/profile/andy.baio.net/post/3m65uncyqg22h,at://did:plc:lut3sp3hvhy4yjiioqmsjnqc/app.bsky.feed.post/3m65uncyqg22h,bafyreigw47ufnd5uolk2bszs3zykfo6tq4sqgizxpm6pjucje23k22feoe,andy.baio.net,did:plc:lut3sp3hvhy4yjiioqmsjnqc,2025-11-21T18:04:54.384Z,"It's from two labelers: @stechlab-labels.bsky.social and @aimod.social. You can subscribe to either with the ""Show Badge"" option and it'll display additional context for various behaviors.",reply,at://did:plc:jwn7j6zqpjrs2whknzibertx/app.bsky.feed.post/3m65tgbulzc2t,at://did:plc:zha4tsu7otgnojc7uoxhjmkr/app.bsky.feed.post/3m65p4q2qts2h,en,3,0,1,1,official mention,2026-06-26T14:05:00.228985+00:00,stechlab-labels.bsky.social,False,en,2026-06-26T14:06:34.776511+00:00,ok,,,,,
308,https://bsky.app/profile/pds.dad/post/3m64jng4q2k22,at://did:plc:rnpkyqnmsw4ipey6eotbdnnf/app.bsky.feed.post/3m64jng4q2k22,bafyreic6abyg2kt6qvyhjlpt4p5yzuut5br2bkoaco36trwy7uu5k4bmva,pds.dad,did:plc:rnpkyqnmsw4ipey6eotbdnnf,2025-11-21T05:15:26.761Z,A bit behind checking this one out. But @stechlab-labels.bsky.social has been a very interesting labeler to subscribe to,post,,,en,10,0,3,0,official mention,2026-06-26T14:05:00.228985+00:00,stechlab-labels.bsky.social,False,en,2026-06-26T14:06:34.776511+00:00,ok,,,,,
309,https://bsky.app/profile/jayfutw.bsky.social/post/3m5zwd6yg4c2x,at://did:plc:2vlgzpq5xlzbdpewtvc3bg3b/app.bsky.feed.post/3m5zwd6yg4c2x,bafyreibt3tox6k7uyue5xdqtfvr6rj2kgjfrcp54wmpnnl6sjyo7tstz3q,jayfutw.bsky.social,did:plc:2vlgzpq5xlzbdpewtvc3bg3b,2025-11-20T04:24:23.153Z,"This is a pretty useful account labeler. It tells you if the account unfollows a bunch of people at a time, if they often changed their profile, if they post excessively and a lot of other info that might indicate a bot or otherwise disingenuous account. @stechlab-labels.bsky.social",post,,,en,4,0,1,0,official mention,2026-06-26T14:05:00.228985+00:00,stechlab-labels.bsky.social,True,en,2026-06-26T14:06:34.776511+00:00,ok,,,,,
310,https://bsky.app/profile/hexmani.ac/post/3m5x5xezdnc2h,at://did:plc:5szlrh3xkfxxsuu4mo6oe6h7/app.bsky.feed.post/3m5x5xezdnc2h,bafyreickcy47ogtvw7rwz4hlrgp67bbthcdheghf6qc7kqdplihqiftb34,hexmani.ac,did:plc:5szlrh3xkfxxsuu4mo6oe6h7,2025-11-19T02:02:57.553Z,"@stechlab-labels.bsky.social probably the best addition to this website so far, the 50 posts per day label is always a good sign",reply,at://did:plc:uh3ka6mshj7oefv5s3zoctly/app.bsky.feed.post/3m5x5twisp22p,at://did:plc:5szlrh3xkfxxsuu4mo6oe6h7/app.bsky.feed.post/3m5x5lduoxs2h,en,1,0,0,0,official mention,2026-06-26T14:05:00.228985+00:00,stechlab-labels.bsky.social,False,en,2026-06-26T14:06:34.776511+00:00,ok,,,,,
311,https://bsky.app/profile/scomputer.fun/post/3m5wkou3b322b,at://did:plc:77cr2typpgny6gn5lbfp5jix/app.bsky.feed.post/3m5wkou3b322b,bafyreia7zrxl4fc5a5nhlzracyax24trvdt3cqcbnr3om7hjj5d3vggw4q,scomputer.fun,did:plc:77cr2typpgny6gn5lbfp5jix,2025-11-18T20:18:10.258Z,@stechlab-labels.bsky.social,reply,at://did:plc:gzt5tnme73omm6pqly5qy2au/app.bsky.feed.post/3m5wkl3j72s2t,at://did:plc:77cr2typpgny6gn5lbfp5jix/app.bsky.feed.post/3m5wkeoc7j22b,en,6,0,0,1,official mention,2026-06-26T14:05:00.228985+00:00,stechlab-labels.bsky.social,False,unknown,2026-06-26T14:06:34.776511+00:00,ok,,,,,
312,https://bsky.app/profile/divinecoffeebinge.bsky.social/post/3m5w6wm3kus2z,at://did:plc:gnjum2pmlmx6qunlviiqyxld/app.bsky.feed.post/3m5w6wm3kus2z,bafyreiaxb4uhcrplqsta7w2dlxs2xakkdxdicrnkpnfli3yeruuvvucavi,divinecoffeebinge.bsky.social,did:plc:gnjum2pmlmx6qunlviiqyxld,2025-11-18T16:47:45.416Z,This labeler is cool and good @stechlab-labels.bsky.social,post,,,en,3,1,0,1,official mention,2026-06-26T14:05:00.228985+00:00,stechlab-labels.bsky.social,False,en,2026-06-26T14:06:34.776511+00:00,ok,,,,,
313,https://bsky.app/profile/wynn.pink/post/3m5vtsxfesc2k,at://did:plc:pk3vds2kiub2mduc5q6bqquw/app.bsky.feed.post/3m5vtsxfesc2k,bafyreidvb456gechlwojlrkxgpkjzugeq7lgk2hvu6gjbqti7nycfy4xku,wynn.pink,did:plc:pk3vds2kiub2mduc5q6bqquw,2025-11-18T13:28:51.888Z,"ehehehe i'm tagged by @stechlab-labels.bsky.social rn for posting 100+ times in a daaaaay. 

i'm just a ✨ #chatty giiiirl ✨!",post,,,en,0,0,0,0,official mention,2026-06-26T14:05:00.228985+00:00,stechlab-labels.bsky.social,False,en,2026-06-26T14:06:34.776511+00:00,ok,,,,,
314,https://bsky.app/profile/klara5.myatproto.social/post/3m5v5lk2skk2o,at://did:plc:4kuug2gbzmmebdsfz3jbzikw/app.bsky.feed.post/3m5v5lk2skk2o,bafyreifnscrnf7fg6wtc7absfdxfnilajt6oyas6vnodoiy2tskuqfexe4,klara5.myatproto.social,did:plc:4kuug2gbzmmebdsfz3jbzikw,2025-11-18T06:51:00.714Z,"Kiva did you know you have the @stechlab-labels.bsky.social ""no break greater than 4 hours out of the last 24"" label right now?",reply,at://did:plc:gq45ysyrnsy6bnt3xwt4heyi/app.bsky.feed.post/3m5v3biju4k2p,at://did:plc:gq45ysyrnsy6bnt3xwt4heyi/app.bsky.feed.post/3m5v3biju4k2p,en,1,0,1,0,official mention,2026-06-26T14:05:00.228985+00:00,stechlab-labels.bsky.social,False,en,2026-06-26T14:06:34.776511+00:00,ok,,,,,
315,https://bsky.app/profile/ottercynic.bsky.social/post/3m5tnpaj73k25,at://did:plc:gl2wbflzhblsrazlodizue75/app.bsky.feed.post/3m5tnpaj73k25,bafyreiefrvpmhnqgdai6rda3miaohwxizmgdmd6642w5kp5jf2wccfcfzm,ottercynic.bsky.social,did:plc:gl2wbflzhblsrazlodizue75,2025-11-17T16:34:05.309Z,"Anyway check out @stechlab-labels.bsky.social to see the categories, pretty cool",reply,at://did:plc:jd7p3mn4qemevt6pjlm2bygy/app.bsky.feed.post/3m5tlralj3s2c,at://did:plc:2f6vb3pusi3gvhaewoxr463o/app.bsky.feed.post/3m5rt7z3kuc2g,en,1,0,0,0,official mention,2026-06-26T14:05:00.228985+00:00,stechlab-labels.bsky.social,False,en,2026-06-26T14:06:34.776511+00:00,ok,,,,,
316,https://bsky.app/profile/ducky.ws/post/3m5tauccklk2h,at://did:web:didd.uk/app.bsky.feed.post/3m5tauccklk2h,bafyreichvwhrrvgilvzzm5u4skntqpahkfe4y2bcfm54axggf7mvkm7jju,ducky.ws,did:web:didd.uk,2025-11-17T12:44:16.318Z,"kek, i've been dinged with the ""Posts a lot: more than 50 times yesterday"" label by @stechlab-labels.bsky.social

i ain't stopping 👀",post,,,en,7,1,0,0,official mention,2026-06-26T14:05:00.228985+00:00,stechlab-labels.bsky.social,False,en,2026-06-26T14:06:34.776511+00:00,ok,,,,,
317,https://bsky.app/profile/kernowshark.bsky.social/post/3m5t6sr4mz22c,at://did:plc:6eca6lqfwxjozzsw54x5dkii/app.bsky.feed.post/3m5t6sr4mz22c,bafyreifva4szd22vmqb5xffwxrqg64pyc52rhgdnfvxnqpjq4tl766vhxe,kernowshark.bsky.social,did:plc:6eca6lqfwxjozzsw54x5dkii,2025-11-17T12:07:37.259Z,"Baffled why @stechlab-labels.bsky.social have just labelled me ""Posting Number Low"", when I have 32,710 posts not including this one.",post,,,en,10,0,2,0,official mention,2026-06-26T14:05:00.228985+00:00,stechlab-labels.bsky.social,False,en,2026-06-26T14:06:34.776511+00:00,ok,,,,,
318,https://bsky.app/profile/broberts.lol/post/3m5pjjkgtis2p,at://did:plc:ghceioqx6u4so7egjlbkzu2z/app.bsky.feed.post/3m5pjjkgtis2p,bafyreiehw4jtbhb3e52k5ebz7nlg7f73jbzoexlcqtdzuotxtlxy4pluhi,broberts.lol,did:plc:ghceioqx6u4so7egjlbkzu2z,2025-11-16T01:08:40.466Z,Also a good example of one of my favorite recent labelers from @stechlab-labels.bsky.social,reply,at://did:plc:pmyqirafcp3jqdhrl7crpq7t/app.bsky.feed.post/3m5pjf2ama225,at://did:plc:pmyqirafcp3jqdhrl7crpq7t/app.bsky.feed.post/3m5pjf2ama225,en,19,2,1,0,official mention,2026-06-26T14:05:00.228985+00:00,stechlab-labels.bsky.social,True,en,2026-06-26T14:06:34.776511+00:00,ok,,,,,
319,https://bsky.app/profile/bexone.bsky.social/post/3m5ovbyuhvk26,at://did:plc:p366wcsu6zfuhgrakepklhxk/app.bsky.feed.post/3m5ovbyuhvk26,bafyreifyip6dit7iyowxidumuafog6gxgfc6ulqbynnwsc2rdmjehfpudu,bexone.bsky.social,did:plc:p366wcsu6zfuhgrakepklhxk,2025-11-15T19:06:32.325Z,"So far, my theory of “if they’ve got a @stechlab-labels.bsky.social lots of posts label but I’ve never seen them before in my life, they’re not worth it” is holding up",reply,at://did:plc:qiknc4t5rq7yngvz7g4aezq7/app.bsky.feed.post/3m5ouitjqss2w,at://did:plc:qiknc4t5rq7yngvz7g4aezq7/app.bsky.feed.post/3m5ougqwgo22q,en,3,0,0,0,official mention,2026-06-26T14:05:00.228985+00:00,stechlab-labels.bsky.social,False,en,2026-06-26T14:06:34.776511+00:00,ok,,,,,
320,https://bsky.app/profile/aristofontes.bsky.social/post/3m5olcyy3wc2f,at://did:plc:ezaybkq5wunfdyhqkooomndn/app.bsky.feed.post/3m5olcyy3wc2f,bafyreicezzfzz7iqarlsbqxmzkq7zgqbpnsqzocrznghgwcvdn43a5uib4,aristofontes.bsky.social,did:plc:ezaybkq5wunfdyhqkooomndn,2025-11-15T16:08:08.582Z,@stechlab-labels.bsky.social,reply,at://did:plc:6zofo5h2xf64kv2fcx5t2t4i/app.bsky.feed.post/3m5ojvlw6dc2n,at://did:plc:ezaybkq5wunfdyhqkooomndn/app.bsky.feed.post/3m5mbbewowk2v,en,1,0,1,0,official mention,2026-06-26T14:05:00.228985+00:00,stechlab-labels.bsky.social,False,unknown,2026-06-26T14:06:34.776511+00:00,ok,,,,,
321,https://bsky.app/profile/magslhalliday.bsky.social/post/3m5nxcxmqp22u,at://did:plc:vaxyggtfjgnf3o4nc52t5j6i/app.bsky.feed.post/3m5nxcxmqp22u,bafyreie2acp744yfe6cxn7peowtxhsycm36kqzitlpulxwrbmkqin5atpq,magslhalliday.bsky.social,did:plc:vaxyggtfjgnf3o4nc52t5j6i,2025-11-15T10:10:12.321Z,"In a move to stop me spending too much time on here, I’ve followed @stechlab-labels.bsky.social and picked the labels I want to see. 

Sure, it labels others too, but I do not want to see those “posted 50 times yesterday” labels on my posts.",post,,,en,2,0,1,0,official mention,2026-06-26T14:05:00.228985+00:00,stechlab-labels.bsky.social,False,en,2026-06-26T14:06:34.776511+00:00,ok,,,,,
322,https://bsky.app/profile/jaennaet.fi/post/3m5mquhmz3225,at://did:plc:cl3kuq4sxg3jpfjtom4gnamx/app.bsky.feed.post/3m5mquhmz3225,bafyreigea54gyt4rslrbmay4rpolp3j56pyyev7bhywdivdwqtnxmqkacq,jaennaet.fi,did:plc:cl3kuq4sxg3jpfjtom4gnamx,2025-11-14T22:42:03.605Z,"I've been sick too, but that just earned me a ""Posts a lot"" tag from @stechlab-labels.bsky.social 😅",reply,at://did:plc:k6acu4chiwkixvdedcmdgmal/app.bsky.feed.post/3m5moa7r2u22g,at://did:plc:k6acu4chiwkixvdedcmdgmal/app.bsky.feed.post/3m5moa7r2u22g,en,2,0,0,0,official mention,2026-06-26T14:05:00.228985+00:00,stechlab-labels.bsky.social,False,en,2026-06-26T14:06:34.776511+00:00,ok,,,,,
323,https://bsky.app/profile/aristofontes.bsky.social/post/3m5mef6zynk2v,at://did:plc:ezaybkq5wunfdyhqkooomndn/app.bsky.feed.post/3m5mef6zynk2v,bafyreie3zmo5risnrcldnrhu5kqjg2g5tkbtty7kbrkssglvzmktc7ugru,aristofontes.bsky.social,did:plc:ezaybkq5wunfdyhqkooomndn,2025-11-14T18:58:46.374Z,@stechlab-labels.bsky.social,reply,at://did:plc:ajkwqtb22mbhr23jakvw3g7n/app.bsky.feed.post/3m5md3caj2s2e,at://did:plc:ezaybkq5wunfdyhqkooomndn/app.bsky.feed.post/3m5mbbewowk2v,en,1,0,0,0,official mention,2026-06-26T14:05:00.228985+00:00,stechlab-labels.bsky.social,False,unknown,2026-06-26T14:06:34.776511+00:00,ok,,,,,
324,https://bsky.app/profile/minnesotatheist.bsky.social/post/3m5lonafmss2k,at://did:plc:yed5jldzzwhxiy7so2sj5b27/app.bsky.feed.post/3m5lonafmss2k,bafyreicn47wnl3df3uy6iwsphelcoxgxubbxmfxa6vugpwpq4c7th465yy,minnesotatheist.bsky.social,did:plc:yed5jldzzwhxiy7so2sj5b27,2025-11-14T12:29:33.919Z,"It's why I love that labeler from @stechlab-labels.bsky.social that tells you how often someone posts on this site and how often they change their profile because it shows that many of us are no better than them, at least, by going off of what you wrote.",reply,at://did:plc:jbwt2njtx5av7hi5bils6wfi/app.bsky.feed.post/3m5lnkula4c2y,at://did:plc:awkrsu65rc42u6abvzrjwuck/app.bsky.feed.post/3m5ldjnz64c2l,en,19,0,0,1,official mention,2026-06-26T14:05:00.228985+00:00,stechlab-labels.bsky.social,False,en,2026-06-26T14:06:34.776511+00:00,ok,,,,,
325,https://bsky.app/profile/lumberjackwharfie.bsky.social/post/3m5jjd2zi722z,at://did:plc:qwxpo6muwxed7yhkqdjtdq4b/app.bsky.feed.post/3m5jjd2zi722z,bafyreigfv5qeeffswaxgvtvc5j2mrtcyl6qrzhjscz7usdp7rbwu6cnqoy,lumberjackwharfie.bsky.social,did:plc:qwxpo6muwxed7yhkqdjtdq4b,2025-11-13T15:49:04.547Z,"@stechlab-labels.bsky.social is a labeler that is in some ways useful for finding bots, spammers, etc, and is in other ways useful for flagging those of us who are On Here Too Fucking Much (me)",reply,at://did:plc:cbwmhfifqwi7atjjw232cc2q/app.bsky.feed.post/3m5jj733zxk2b,at://did:plc:qwxpo6muwxed7yhkqdjtdq4b/app.bsky.feed.post/3m5jj3e7a2k2z,en,3,0,1,0,official mention,2026-06-26T14:05:00.228985+00:00,stechlab-labels.bsky.social,False,en,2026-06-26T14:06:34.776511+00:00,ok,,,,,
326,https://bsky.app/profile/flefgraph.bsky.social/post/3m5facv36ak2a,at://did:plc:ll2kb2twlf5hokfho4nrze5m/app.bsky.feed.post/3m5facv36ak2a,bafyreihf5j46ky524jliprxknwwukm5kd4xzgp3zi7ejpq7ahyqyinsnvi,flefgraph.bsky.social,did:plc:ll2kb2twlf5hokfho4nrze5m,2025-11-11T22:57:15.681Z,"J'aime énormément le labeler @stechlab-labels.bsky.social .

Surtout les parties montrant les différents types de comportements extrêmes sur le réseau...

Les gens qui ont fait plus de 100 posts dans la journée d'hier, qui n'ont pas fait de pause de plus de 4h en 24h...",post,,,fr,36,9,8,0,official mention,2026-06-26T14:05:00.228985+00:00,stechlab-labels.bsky.social,True,fr,2026-06-26T14:06:34.776511+00:00,ok,,,,,
327,https://bsky.app/profile/totallynotseth.dev/post/3m5f2w73hyc2o,at://did:plc:fyige73je24j7ppzirz67vwl/app.bsky.feed.post/3m5f2w73hyc2o,bafyreih6zmvaz7jkptxfg62ukfpxkoj3fgrhzzohvgoc6s4xhj53ugzh4i,totallynotseth.dev,did:plc:fyige73je24j7ppzirz67vwl,2025-11-11T21:20:41.260Z,Yeah it's @stechlab-labels.bsky.social,reply,at://did:plc:xxdcu7zzbkxlbdpzliwclyjg/app.bsky.feed.post/3m5f2ssspw22g,at://did:plc:fyige73je24j7ppzirz67vwl/app.bsky.feed.post/3m5f2fzu3hc2y,en,3,0,1,0,official mention,2026-06-26T14:05:00.228985+00:00,stechlab-labels.bsky.social,False,id,2026-06-26T14:06:34.776511+00:00,ok,,,,,
328,https://bsky.app/profile/dhla.me/post/3m5eulqt7ns2y,at://did:plc:l3odfkyt5n34dc5hfojvktmq/app.bsky.feed.post/3m5eulqt7ns2y,bafyreieudzphz3jgiqxwhb34u5rwq5coehbx6gn5dqepsrz32jxfrmsi64,dhla.me,did:plc:l3odfkyt5n34dc5hfojvktmq,2025-11-11T19:27:28.312Z,@informor.bsky.social @stechlab-labels.bsky.social is there a way to vote on removing the labels - a kind of community verification? E.g. seeing the warnings about frequent posting from major press outlets. Assume this is in the works?,post,,,en,0,0,0,0,official mention,2026-06-26T14:05:00.228985+00:00,stechlab-labels.bsky.social,False,en,2026-06-26T14:06:34.776511+00:00,ok,,,,,
329,https://bsky.app/profile/janesinsane.bsky.social/post/3m5elzoyh5s22,at://did:plc:bhbzqmbukvkwtln652rmzsyx/app.bsky.feed.post/3m5elzoyh5s22,bafyreib7yeaik7642gj7xtqfj5sxv7qiwdxr7qialxmr7lxljn2spnp3hu,janesinsane.bsky.social,did:plc:bhbzqmbukvkwtln652rmzsyx,2025-11-11T16:54:12.475Z,@stechlab-labels.bsky.social Please remove me from the label you assigned my account to,post,,,en,0,0,0,0,official mention,2026-06-26T14:05:00.228985+00:00,stechlab-labels.bsky.social,False,en,2026-06-26T14:06:34.776511+00:00,ok,,,,,
330,https://bsky.app/profile/glifo.bsky.social/post/3m5dbctfdis2w,at://did:plc:okk53n7x5nzhzutykolyqsbl/app.bsky.feed.post/3m5dbctfdis2w,bafyreifudsnddjoclwo67gclld6outpzdunlgnc4dhk5w6oprq2tqhl7oy,glifo.bsky.social,did:plc:okk53n7x5nzhzutykolyqsbl,2025-11-11T04:09:48.181Z,"esse aqui, Ni
@stechlab-labels.bsky.social",reply,at://did:plc:oqqfaqep3jvchxg5fsyto4no/app.bsky.feed.post/3m5dbas2yus2m,at://did:plc:okk53n7x5nzhzutykolyqsbl/app.bsky.feed.post/3m5db6w7hys2w,ia,1,0,1,0,official mention,2026-06-26T14:05:00.228985+00:00,stechlab-labels.bsky.social,False,fr,2026-06-26T14:06:34.776511+00:00,ok,,,,,
331,https://bsky.app/profile/metallizard107.bsky.social/post/3m5cswcu3ok2i,at://did:plc:4bib2dvikdu7kppteusphtcg/app.bsky.feed.post/3m5cswcu3ok2i,bafyreiete6vyequbrmiyg47r6n6rju5ko4bdbqhszjujr2ppka3t2fdmpe,metallizard107.bsky.social,did:plc:4bib2dvikdu7kppteusphtcg,2025-11-10T23:52:15.802Z,"It's a shame the label only goes up to 100 ( I hope @stechlab-labels.bsky.social will consider adding more), because I feel like there are days where he makes over 1000 posts lol",reply,at://did:plc:yjl44ckrkaif35o6jfl767vp/app.bsky.feed.post/3m5crshv2mc22,at://did:plc:yjl44ckrkaif35o6jfl767vp/app.bsky.feed.post/3m5crshv2mc22,en,3,0,0,0,official mention,2026-06-26T14:05:00.228985+00:00,stechlab-labels.bsky.social,False,en,2026-06-26T14:06:34.776511+00:00,ok,,,,,
332,https://bsky.app/profile/skeet.best/post/3m5cowlzqhc23,at://did:plc:pjdpq5sstfnpetzprwjwva62/app.bsky.feed.post/3m5cowlzqhc23,bafyreif7k5alhjr6odypyskmiepfkomxm5lkuaohluvrykdzb4zk7xnxwa,skeet.best,did:plc:pjdpq5sstfnpetzprwjwva62,2025-11-10T22:40:50.457Z,@stechlab-labels.bsky.social,reply,at://did:plc:da4qrww7zq3flsr2zialldef/app.bsky.feed.post/3m5couy6bw22c,at://did:plc:pjdpq5sstfnpetzprwjwva62/app.bsky.feed.post/3m5cot7bm722c,en,2,0,0,0,official mention,2026-06-26T14:05:00.228985+00:00,stechlab-labels.bsky.social,False,unknown,2026-06-26T14:06:34.776511+00:00,ok,,,,,
333,https://bsky.app/profile/notrimskiy.bsky.social/post/3m56ephatmk27,at://did:plc:jr53vcd6mwen3hs6svmzzzpz/app.bsky.feed.post/3m56ephatmk27,bafyreihwoadkbibnldjzs4f2b53m6dercwxarkikqa2wsqv24a5mbvxqna,notrimskiy.bsky.social,did:plc:jr53vcd6mwen3hs6svmzzzpz,2025-11-09T05:27:14.192Z,"@stechlab-labels.bsky.social is freaking excellent. Not only does it help to spot bot-shaped behaviors, but also it helps to see who is being Very Online.",post,,,en,1,0,0,0,official mention,2026-06-26T14:05:00.228985+00:00,stechlab-labels.bsky.social,False,en,2026-06-26T14:06:34.776511+00:00,ok,,,,,
334,https://bsky.app/profile/quartzcity.bsky.social/post/3m55nk6bam22s,at://did:plc:z34tohzn22qgss7tkcqbi7f7/app.bsky.feed.post/3m55nk6bam22s,bafyreical7dc3aos5q2ercz7jr4hihldthc4uhgevrxtxgo7grzu6qh6qy,quartzcity.bsky.social,did:plc:z34tohzn22qgss7tkcqbi7f7,2025-11-08T22:32:40.935Z,Recently subscribed to @stechlab-labels.bsky.social and hfs there’s a lot of freefloating Poster’s Madness out there,post,,,en,1,0,1,0,official mention,2026-06-26T14:05:00.228985+00:00,stechlab-labels.bsky.social,False,en,2026-06-26T14:06:34.776511+00:00,ok,,,,,
335,https://bsky.app/profile/mythical.pizza/post/3m535unpepk2u,at://did:plc:7wcoiykfzr5zhqk2nmzg2axg/app.bsky.feed.post/3m535unpepk2u,bafyreicyzm3zs4axa7hd7qtedhqyhtcya5q34qwlgsd2th4ptrancmrzne,mythical.pizza,did:plc:7wcoiykfzr5zhqk2nmzg2axg,2025-11-07T22:46:53.325Z,@stechlab-labels.bsky.social remove your fucking labels from my account. I craft every one of these posts with my own two hands. Tagging me as automated is an insult.,post,,,en,0,0,0,0,official mention,2026-06-26T14:05:00.228985+00:00,stechlab-labels.bsky.social,False,en,2026-06-26T14:06:34.776511+00:00,ok,,,,,
336,https://bsky.app/profile/werewolf.pizza/post/3m4yvu3uu722u,at://did:plc:nihn7fjuvzsqlal6dqskuvij/app.bsky.feed.post/3m4yvu3uu722u,bafyreiczzg4nhr3lfyfexgra7i37ncuskwh26qsumngpkshv5dmelucoey,werewolf.pizza,did:plc:nihn7fjuvzsqlal6dqskuvij,2025-11-07T01:18:05.220Z,Simply click this way: @stechlab-labels.bsky.social,reply,at://did:plc:hjviwzudgxbu5wb2dbq6guch/app.bsky.feed.post/3m4yvrj5hfk2b,at://did:plc:j5hrotody26iqi24hcusufxu/app.bsky.feed.post/3m4vjh7gw7c2i,en,0,0,0,0,official mention,2026-06-26T14:05:00.228985+00:00,stechlab-labels.bsky.social,False,en,2026-06-26T14:06:34.776511+00:00,ok,,,,,
337,https://bsky.app/profile/psl4loko.bsky.social/post/3m4yp7fb2ns2h,at://did:plc:a26ccaokiw362pifrpktwfd2/app.bsky.feed.post/3m4yp7fb2ns2h,bafyreib4mgzinar5yygqfemgmw4k63lirnilsrnc4zorihuzotjdalxafa,psl4loko.bsky.social,did:plc:a26ccaokiw362pifrpktwfd2,2025-11-06T23:19:07.962Z,Do you subscribe to the @stechlab-labels.bsky.social labeler?,reply,at://did:plc:lse7s7ycnkvuhxej6mkx4rid/app.bsky.feed.post/3m4yovrybak2z,at://did:plc:lse7s7ycnkvuhxej6mkx4rid/app.bsky.feed.post/3m4yovrybak2z,en,0,0,0,0,official mention,2026-06-26T14:05:00.228985+00:00,stechlab-labels.bsky.social,False,en,2026-06-26T14:06:34.776511+00:00,ok,,,,,
338,https://bsky.app/profile/glifo.bsky.social/post/3m4ymkg3ca22m,at://did:plc:okk53n7x5nzhzutykolyqsbl/app.bsky.feed.post/3m4ymkg3ca22m,bafyreicuvthf45lnbri3co5hgvgaebmm7vjuk7bwuneaygd2czpwpmpun4,glifo.bsky.social,did:plc:okk53n7x5nzhzutykolyqsbl,2025-11-06T22:31:36.695Z,"é esse aqui, ele tem várias opções pra comportamento inautêntico, acho que vou manter ele

@stechlab-labels.bsky.social",reply,at://did:plc:okk53n7x5nzhzutykolyqsbl/app.bsky.feed.post/3m4ylh3cn2c2m,at://did:plc:okk53n7x5nzhzutykolyqsbl/app.bsky.feed.post/3m4ylh3cn2c2m,ia,1,0,0,0,official mention,2026-06-26T14:05:00.228985+00:00,stechlab-labels.bsky.social,False,pt,2026-06-26T14:06:34.776511+00:00,ok,,,,,
339,https://bsky.app/profile/julie.radiantarray.io/post/3m4yk3f7avc2l,at://did:plc:wuxhtdovxhfcml3tks5h5l5v/app.bsky.feed.post/3m4yk3f7avc2l,bafyreiavrx67hiv74btdj6hhrk4elb5y4r27gsfkogtt54zpolgfutlwo4,julie.radiantarray.io,did:plc:wuxhtdovxhfcml3tks5h5l5v,2025-11-06T21:47:24.978Z,the @stechlab-labels.bsky.social labeler is teaching me so much today,post,,,en,1,0,0,0,official mention,2026-06-26T14:05:00.228985+00:00,stechlab-labels.bsky.social,False,en,2026-06-26T14:06:34.776511+00:00,ok,,,,,
340,https://bsky.app/profile/klara5.myatproto.social/post/3m4ybyvpows2s,at://did:plc:4kuug2gbzmmebdsfz3jbzikw/app.bsky.feed.post/3m4ybyvpows2s,bafyreig77nf5hvmvjjml4vx4zyvd4blevejfe4g33wum2vwg2wfuunp42u,klara5.myatproto.social,did:plc:4kuug2gbzmmebdsfz3jbzikw,2025-11-06T19:22:51.694Z,"Anyway, if you wanna use some _good_ labelers, I recommend:

Blacksky's: @moderation.blacksky.app
AI image labeler: @aimod.social
Opt-in pronoun labels: @pronouns.diy
Interesting profile stats that _may_ indicate questionable behavior: @profile-labels.bossett.social and @stechlab-labels.bsky.social",reply,at://did:plc:4kuug2gbzmmebdsfz3jbzikw/app.bsky.feed.post/3m4y2igwss22a,at://did:plc:4kuug2gbzmmebdsfz3jbzikw/app.bsky.feed.post/3m4y2igwss22a,en,11,3,0,1,official mention,2026-06-26T14:05:00.228985+00:00,stechlab-labels.bsky.social,False,en,2026-06-26T14:06:34.776511+00:00,ok,,,,,
341,https://bsky.app/profile/supnovagy.bsky.social/post/3m4xocllbb22e,at://did:plc:ioubgec2eif5rk4xpfnms7xt/app.bsky.feed.post/3m4xocllbb22e,bafyreicsiu32yl3ipttniu7vvdkdrueyzquwmhf3bgflebbnvlslftnf7a,supnovagy.bsky.social,did:plc:ioubgec2eif5rk4xpfnms7xt,2025-11-06T13:30:21.769Z,"Speaking of labels, I found this account @stechlab-labels.bsky.social that gives you a temporary badge label that lets you know if you posted too much within 24 hours lol

I don’t know if it counts reskeets/reshares though but damn, apparently I was too online yesterday oops",post,,,en,18,0,4,0,official mention,2026-06-26T14:05:00.228985+00:00,stechlab-labels.bsky.social,False,en,2026-06-26T14:06:34.776511+00:00,ok,,,,,
342,https://bsky.app/profile/shiroru.bsky.social/post/3m4wi3zzohk2v,at://did:plc:v2fwimktpisnh3uzdccv5c54/app.bsky.feed.post/3m4wi3zzohk2v,bafyreibg77ibgk22sz3spn4eyjg7x5sgtapmjd7qzjdf5ij7nz3hmbz7ee,shiroru.bsky.social,did:plc:v2fwimktpisnh3uzdccv5c54,2025-11-06T02:06:39.854Z,"https://bsky.app/profile/stechlab-labels.bsky.social
このラベルかな？？？（このアカウントは1日50ポスト以上してるよ～ラベルが付いてた）",reply,at://did:plc:v2fwimktpisnh3uzdccv5c54/app.bsky.feed.post/3m4wgjxzq6c2v,at://did:plc:v2fwimktpisnh3uzdccv5c54/app.bsky.feed.post/3m4wgjxzq6c2v,"ja,vo",0,0,0,0,official mention,2026-06-26T14:05:00.228985+00:00,stechlab-labels.bsky.social,False,ja,2026-06-26T14:06:34.776511+00:00,ok,,,,,
343,https://bsky.app/profile/klara5.myatproto.social/post/3m4whldq6ds23,at://did:plc:4kuug2gbzmmebdsfz3jbzikw/app.bsky.feed.post/3m4whldq6ds23,bafyreighd43lmmb6vgv2d37abo3jyyrxzlsfkwscunykod2bndpta6lqx4,klara5.myatproto.social,did:plc:4kuug2gbzmmebdsfz3jbzikw,2025-11-06T01:57:19.604Z,"I haven't seen @stechlab-labels.bsky.social identify any likely bots yet, but I appreciate the little labels on people who have been posting just way too hard.

Like, it's true, I might reconsider clicking through to the profile of someone who made >100 posts yesterday. Appropriate content warning.",post,,,en,5,1,1,0,official mention,2026-06-26T14:05:00.228985+00:00,stechlab-labels.bsky.social,False,en,2026-06-26T14:06:34.776511+00:00,ok,,,,,
344,https://bsky.app/profile/urbfuturistdem.bsky.social/post/3m4vwgk3w222q,at://did:plc:yqojanpjaudedi3fmypttdue/app.bsky.feed.post/3m4vwgk3w222q,bafyreiddhcuvib5k7rmeuqk5rwymxs35ugdzoyru7mz47vhaebqurlfdxq,urbfuturistdem.bsky.social,did:plc:yqojanpjaudedi3fmypttdue,2025-11-05T20:50:24.896Z,"@stechlab-labels.bsky.social Do you include reposts in ""posts""?",post,,,en,0,0,0,0,official mention,2026-06-26T14:05:00.228985+00:00,stechlab-labels.bsky.social,False,en,2026-06-26T14:06:34.776511+00:00,ok,,,,,
345,https://bsky.app/profile/pymundgenealogy.bsky.social/post/3m4vw5bohuc2u,at://did:plc:n5s2p3ljnxsjmzxwjtu5x4id/app.bsky.feed.post/3m4vw5bohuc2u,bafyreigyftxq5irrmehwz233molarp65tuhfnanrpz42vku5eyz4bkadca,pymundgenealogy.bsky.social,did:plc:n5s2p3ljnxsjmzxwjtu5x4id,2025-11-05T20:45:14.077Z,"I mean 
@stechlab-labels.bsky.social",reply,at://did:plc:n5s2p3ljnxsjmzxwjtu5x4id/app.bsky.feed.post/3m4vw4eqiys2u,at://did:plc:n5s2p3ljnxsjmzxwjtu5x4id/app.bsky.feed.post/3m4vw4eqiys2u,en,6,0,1,1,official mention,2026-06-26T14:05:00.228985+00:00,stechlab-labels.bsky.social,False,unknown,2026-06-26T14:06:34.776511+00:00,ok,,,,,
346,https://bsky.app/profile/pymundgenealogy.bsky.social/post/3m4vw4eqiys2u,at://did:plc:n5s2p3ljnxsjmzxwjtu5x4id/app.bsky.feed.post/3m4vw4eqiys2u,bafyreid4tmjfv4qhaqulrpwuxxgcv4qykcpqguavfsbdqqliid6i573aze,pymundgenealogy.bsky.social,did:plc:n5s2p3ljnxsjmzxwjtu5x4id,2025-11-05T20:44:43.735Z,"I've subscribed to this labeller because I can't have it be unilateral 😬

stechlab-labels.bsky.social",post,,,en,6,0,3,0,official mention,2026-06-26T14:05:00.228985+00:00,stechlab-labels.bsky.social,False,en,2026-06-26T14:06:34.776511+00:00,ok,,,,,
347,https://bsky.app/profile/vortexegg.com/post/3m4vva2vnvk2u,at://did:plc:gulgraxdu6fcjpitxjniqn55/app.bsky.feed.post/3m4vva2vnvk2u,bafyreiehlupnviquaqbkcgnrwnn6udylt74myqimzt34volw2zppd7ugqe,vortexegg.com,did:plc:gulgraxdu6fcjpitxjniqn55,2025-11-05T20:28:53.894Z,"By the way this labeler is very helpful, if for no other reason than as a signal for gauging other people’ too-onlineness.

@stechlab-labels.bsky.social",post,,,en,20,4,1,1,official mention,2026-06-26T14:05:00.228985+00:00,stechlab-labels.bsky.social,False,en,2026-06-26T14:06:34.776511+00:00,ok,,,,,
348,https://bsky.app/profile/goose.art/post/3m4upienibk2m,at://did:plc:hsqwcidfez66lwm3gxhfv5in/app.bsky.feed.post/3m4upienibk2m,bafyreifnod6rm3biwlcctoa6wbyyhzew6vsymspwdrrdef3ab5nx3dl2oq,goose.art,did:plc:hsqwcidfez66lwm3gxhfv5in,2025-11-05T09:13:30.354Z,everyone should hide this label from @stechlab-labels.bsky.social so that when someone posts too much they get put in posters purgatory until the next day,post,,,en,24,1,1,0,official mention,2026-06-26T14:05:00.228985+00:00,stechlab-labels.bsky.social,True,en,2026-06-26T14:06:34.776511+00:00,ok,,,,,
349,https://bsky.app/profile/aguyuno.bsky.social/post/3m4trybc6ik2q,at://did:plc:32wf2tdbchgci235ycgkbxi3/app.bsky.feed.post/3m4trybc6ik2q,bafyreihqhtybvl363fwbxqb2cny34rbzdfkf77gmuu5lk4pchuipmn2ni4,aguyuno.bsky.social,did:plc:32wf2tdbchgci235ycgkbxi3,2025-11-05T00:25:31.459Z,"@stechlab-labels.bsky.social‬ it's funny as fuck

ostensibly it's to point out bots but it just makes things hilarious",reply,at://did:plc:zi2k3ep3yzo34xjcwxcrkkzg/app.bsky.feed.post/3m4trwxiyhc2g,at://did:plc:2t622budf364qkodu3skkp5d/app.bsky.feed.post/3m4tip5bbs22g,en,7,1,1,0,official mention,2026-06-26T14:05:00.228985+00:00,stechlab-labels.bsky.social,False,en,2026-06-26T14:06:34.776511+00:00,ok,,,,,
350,https://bsky.app/profile/phyphor.one-dash.org/post/3m4tjopl2jk2y,at://did:plc:4prdi55toppp7fte6hs5nghn/app.bsky.feed.post/3m4tjopl2jk2y,bafyreiej2wet7rn4qwdltrvlljw7ndclt7opv62leqrcass4ttg5nt4ojy,phyphor.one-dash.org,did:plc:4prdi55toppp7fte6hs5nghn,2025-11-04T21:57:00.938Z,I am so glad I subscribed to @stechlab-labels.bsky.social so I can post this:,reply,at://did:plc:ywbm3iywnhzep3ckt6efhoh7/app.bsky.feed.post/3m4thaf7a2s2e,at://did:plc:ywbm3iywnhzep3ckt6efhoh7/app.bsky.feed.post/3m4thaf7a2s2e,en,5,0,1,1,official mention,2026-06-26T14:05:00.228985+00:00,stechlab-labels.bsky.social,True,en,2026-06-26T14:06:34.776511+00:00,ok,,,,,
351,https://bsky.app/profile/maniccage.bsky.social/post/3m4t4xaia5s2v,at://did:plc:md6tagpsc67fliqqmdbzx4bn/app.bsky.feed.post/3m4t4xaia5s2v,bafyreie6tdv2k5jph2gtef5gw6htadacmi6v4z4px2ahm6jnkii56glbaq,maniccage.bsky.social,did:plc:md6tagpsc67fliqqmdbzx4bn,2025-11-04T18:09:08.474Z,"The bot detection labeler from @stechlab-labels.bsky.social is cool, but it flagged me for posting over 50 times in a day and I don't need an app to tell me when I'm Goin Through It.",post,,,en,6,0,0,0,official mention,2026-06-26T14:05:00.228985+00:00,stechlab-labels.bsky.social,False,en,2026-06-26T14:06:34.776511+00:00,ok,,,,,
352,https://bsky.app/profile/3r1ng.bsky.social/post/3m4svlwmn2k2i,at://did:plc:6jivfqx4v7zep7uuhjxl6not/app.bsky.feed.post/3m4svlwmn2k2i,bafyreigw7dieiy35bgcto6syickiprdqxumdgcaa4lqiv2y5azzdv2y6dy,3r1ng.bsky.social,did:plc:6jivfqx4v7zep7uuhjxl6not,2025-11-04T15:57:25.748Z,"That label just says “posts a lot” which is perfect phrasing, doesn’t imply “automated/bot” and again I really like the labeler/project and recommend following: @stechlab-labels.bsky.social 

I wonder what Twitter would have been like in 2015/2016 with labels like these. 🤔",reply,at://did:plc:6jivfqx4v7zep7uuhjxl6not/app.bsky.feed.post/3m4svlvhvbk2i,at://did:plc:6jivfqx4v7zep7uuhjxl6not/app.bsky.feed.post/3m4svlpuba22i,en,3,0,0,0,official mention,2026-06-26T14:05:00.228985+00:00,stechlab-labels.bsky.social,False,en,2026-06-26T14:06:34.776511+00:00,ok,,,,,
353,https://bsky.app/profile/3r1ng.bsky.social/post/3m4svlpuba22i,at://did:plc:6jivfqx4v7zep7uuhjxl6not/app.bsky.feed.post/3m4svlpuba22i,bafyreif2uufm5zmgosd6o4oqdaycw6hkznejodz3osgx3f4rsvxrydbhcy,3r1ng.bsky.social,did:plc:6jivfqx4v7zep7uuhjxl6not,2025-11-04T15:57:25.745Z,This labeler is great: @stechlab-labels.bsky.social it labels some signals that can be associated with inauthentic / automated activity. Although the accounts I see with these labels are usually media outlets/news accounts (not the aggressive unfollowing-that’s a growth hack),post,,,en,11,3,1,1,official mention,2026-06-26T14:05:00.228985+00:00,stechlab-labels.bsky.social,True,en,2026-06-26T14:06:34.776511+00:00,ok,,,,,
354,https://bsky.app/profile/cool-handle.ebil.club/post/3m4r3r42sw22b,at://did:plc:fz7okbhusu5f2gbzx5tyncgf/app.bsky.feed.post/3m4r3r42sw22b,bafyreih7hm2usly3d6b2v3ksmcyrzio3qz3ite4wudaouo7bj7jvo5yhru,cool-handle.ebil.club,did:plc:fz7okbhusu5f2gbzx5tyncgf,2025-11-03T22:42:29.293Z,how do i get a lebel from @stechlab-labels.bsky.social,post,,,en,2,0,1,0,official mention,2026-06-26T14:05:00.228985+00:00,stechlab-labels.bsky.social,False,unknown,2026-06-26T14:06:34.776511+00:00,ok,,,,,
355,https://bsky.app/profile/willc.io/post/3m4q5xuk7fk27,at://did:plc:vd3rlwwpebit7kjwalof7b3g/app.bsky.feed.post/3m4q5xuk7fk27,bafyreiarspqtbnmh5rjp2i4xxsllsbk4asqzgjpgtotgsdwuzh5dcrtrrm,willc.io,did:plc:vd3rlwwpebit7kjwalof7b3g,2025-11-03T13:49:24.036Z,"@stechlab-labels.bsky.social Filter out the bots, yo. bsky.app/profile/stec...",post,,,en,0,0,0,0,official mention,2026-06-26T14:05:00.228985+00:00,stechlab-labels.bsky.social,False,en,2026-06-26T14:06:34.776511+00:00,ok,,,,,
356,https://bsky.app/profile/mihailim.bsky.social/post/3m4psva23ac2t,at://did:plc:kcxydgs2ex7o25a2g2htyz6c/app.bsky.feed.post/3m4psva23ac2t,bafyreibih6khlqshs562spr7adifkvttwd56d2pgjvrqk3kw25dzcnl4c4,mihailim.bsky.social,did:plc:kcxydgs2ex7o25a2g2htyz6c,2025-11-03T10:31:04.268Z,"There's a non-trivial chance you're replying to an inauthentic account there given its posting patterns, see the labels in the screenshot below. It's this labeler, btw: @stechlab-labels.bsky.social",reply,at://did:plc:dlkilhvrcrtpjgn6nh4ydiqn/app.bsky.feed.post/3m4lbbzzmq22s,at://did:plc:swgxwbir4rrimj57pf75jckf/app.bsky.feed.post/3m4jeh6de2k23,en,1,0,1,0,official mention,2026-06-26T14:05:00.228985+00:00,stechlab-labels.bsky.social,True,en,2026-06-26T14:06:34.776511+00:00,ok,,,,,
357,https://bsky.app/profile/jelenawoehr.bsky.social/post/3m4ppegogxc2v,at://did:plc:vod3g6ecxortnzyrrsivgwzc/app.bsky.feed.post/3m4ppegogxc2v,bafyreide2m55qtfkm5yidxtmrtm6yanikdem5pujrig6rfxkof3pdvnfry,jelenawoehr.bsky.social,did:plc:vod3g6ecxortnzyrrsivgwzc,2025-11-03T09:27:59.578Z,"if @stechlab-labels.bsky.social hits you with the ""posted more than 100 times yesterday"" label, your router should be legally required to unplug itself",post,,,en,13,0,0,0,official mention,2026-06-26T14:05:00.228985+00:00,stechlab-labels.bsky.social,False,en,2026-06-26T14:06:34.776511+00:00,ok,,,,,
358,https://bsky.app/profile/minnesotatheist.bsky.social/post/3m4omtogzfs2j,at://did:plc:yed5jldzzwhxiy7so2sj5b27/app.bsky.feed.post/3m4omtogzfs2j,bafyreiddopas3x5kl4a4errmhku24lhzrfodmbjsjda2ywcw2rhwza64pi,minnesotatheist.bsky.social,did:plc:yed5jldzzwhxiy7so2sj5b27,2025-11-02T23:10:10.074Z,"Getting the labeler from @stechlab-labels.bsky.social that shows how often and how much people skeet on here, it's really telling that way too many of you post way too much and spend way too much time on social media.

No judgment, just an observation.",post,,,en,0,0,0,0,official mention,2026-06-26T14:05:00.228985+00:00,stechlab-labels.bsky.social,False,en,2026-06-26T14:06:34.776511+00:00,ok,,,,,
359,https://bsky.app/profile/burstofhope.itch.io/post/3m4oiobd7bs2e,at://did:plc:3qfjp275pibdbkyywl5nhcu7/app.bsky.feed.post/3m4oiobd7bs2e,bafyreihgor5yi2qncg6z3jlggd65pq2qjthec3qobqqchh2f62f5fjnqyy,burstofhope.itch.io,did:plc:3qfjp275pibdbkyywl5nhcu7,2025-11-02T21:55:33.563Z,"@stechlab-labels.bsky.social Is really contextualizing posting behaviors on this platform, highly recommend subscribing",post,,,en,10,4,1,0,official mention,2026-06-26T14:05:00.228985+00:00,stechlab-labels.bsky.social,False,en,2026-06-26T14:06:34.776511+00:00,ok,,,,,
360,https://bsky.app/profile/ahryyc.bsky.social/post/3m4oenxvla22z,at://did:plc:ps2d3b7kuk7wws22dbrrs3lc/app.bsky.feed.post/3m4oenxvla22z,bafyreid2ljhqwp3k4j32u2bl3stwff3yhv64qauyurw23p526kecdxmcv4,ahryyc.bsky.social,did:plc:ps2d3b7kuk7wws22dbrrs3lc,2025-11-02T20:43:48.727Z,This seems like a handy tool for BlueSky! @stechlab-labels.bsky.social,post,,,en,1,0,0,0,official mention,2026-06-26T14:05:00.228985+00:00,stechlab-labels.bsky.social,False,en,2026-06-26T14:06:34.776511+00:00,ok,,,,,
361,https://bsky.app/profile/mikeriverso.bsky.social/post/3m4nrombm4s2x,at://did:plc:pytxycyhu6ql3flqs2qmkuub/app.bsky.feed.post/3m4nrombm4s2x,bafyreieiujxespzba74q7qy6rrqf7vaiukdkeq3v4tj2csjt727wqmerpi,mikeriverso.bsky.social,did:plc:pytxycyhu6ql3flqs2qmkuub,2025-11-02T15:04:08.997Z,"One thing I’ve missed from old Twitter for a long time was good signal-to-noise tools, to see who’s taking up an inordinate amount of my feed. Turns out someone’s made a labeller for that. Bonus that it also includes some anti-spam signals. 

@stechlab-labels.bsky.social",post,,,en,0,1,0,0,official mention,2026-06-26T14:05:00.228985+00:00,stechlab-labels.bsky.social,False,en,2026-06-26T14:06:34.776511+00:00,ok,,,,,
362,https://bsky.app/profile/informor.bsky.social/post/3m4ng76cba22a,at://did:plc:p56fqcvdu32phbpagcrweavg/app.bsky.feed.post/3m4ng76cba22a,bafyreic3bq75klwbg3hyx2proynmbvvhi4u2uqygedshaxqh44bkoo35zm,informor.bsky.social,did:plc:p56fqcvdu32phbpagcrweavg,2025-11-02T11:38:39.864Z,"Looks like it was discovered by some, so we are soft-launching. Here's the link

stechlab-labels.bsky.social",reply,at://did:plc:l3odfkyt5n34dc5hfojvktmq/app.bsky.feed.post/3m3gaaqks6c2v,at://did:plc:p56fqcvdu32phbpagcrweavg/app.bsky.feed.post/3m3g74rqlp22r,en,5,0,3,0,official mention,2026-06-26T14:05:00.228985+00:00,stechlab-labels.bsky.social,False,en,2026-06-26T14:06:34.776511+00:00,ok,,,,,
363,https://bsky.app/profile/informor.bsky.social/post/3m4ng6sxqnc2a,at://did:plc:p56fqcvdu32phbpagcrweavg/app.bsky.feed.post/3m4ng6sxqnc2a,bafyreidgch7lwnnp4hw2zwihpnxjarp2ojrc2sqr2r5pqhgg7uz66ggod4,informor.bsky.social,did:plc:p56fqcvdu32phbpagcrweavg,2025-11-02T11:38:27.985Z,"Looks like it was discovered by some, so we are soft-launching. Here's the link

stechlab-labels.bsky.social",reply,at://did:plc:mpdezz4nkre7vyift2rttggl/app.bsky.feed.post/3m3gagn6iqs2r,at://did:plc:p56fqcvdu32phbpagcrweavg/app.bsky.feed.post/3m3g74rqlp22r,en,2,0,0,0,official mention,2026-06-26T14:05:00.228985+00:00,stechlab-labels.bsky.social,False,en,2026-06-26T14:06:34.776511+00:00,ok,,,,,
364,https://bsky.app/profile/kerry.bsky.social/post/3m4n7rvivuk2w,at://did:plc:mrf7by2oyj6xepppzbwacmde/app.bsky.feed.post/3m4n7rvivuk2w,bafyreiazsc7cixxcw7miwrh7om7jtw4hd4sq3viy4h56qgpl3wezbff7iu,kerry.bsky.social,did:plc:mrf7by2oyj6xepppzbwacmde,2025-11-02T09:43:51.985Z,"This bsky labeler is possibly the best tool I’ve ever encountered for social media. Highly recommended. It’s bonkers to see accounts that post 50 or even 100 times a day.

@stechlab-labels.bsky.social",post,,,en,2,0,1,0,official mention,2026-06-26T14:05:00.228985+00:00,stechlab-labels.bsky.social,False,en,2026-06-26T14:06:34.776511+00:00,ok,,,,,
365,https://bsky.app/profile/jedgarnaut.bsky.social/post/3m4mzyhcwdd2e,at://did:plc:lk33cvnzprvg27z3ao27rfgd/app.bsky.feed.post/3m4mzyhcwdd2e,bafyreih5sr3cv3vu4mxoaebjrscx6sve622phasnrwhljaa4npaptwbwjy,jedgarnaut.bsky.social,did:plc:lk33cvnzprvg27z3ao27rfgd,2025-11-02T08:00:09.449817+00:00,"𝗩𝗜𝗕𝗘 𝗖𝗛𝗘𝗖𝗞: Negative

""Confusion over inability to subscribe to intriguing and useful @stechlab-labels.bsky.social labeler""",post,,,,0,0,0,0,official mention,2026-06-26T14:05:00.228985+00:00,stechlab-labels.bsky.social,False,en,2026-06-26T14:06:34.776511+00:00,ok,,,,,
366,https://bsky.app/profile/clpolk.com/post/3m4mn7uu3hs2d,at://did:plc:ln3gpltnasf2s65hinoqc3s4/app.bsky.feed.post/3m4mn7uu3hs2d,bafyreifsla4bsmo7vn5hxvv7cgiqykog6c7sghkctbnmzmiwi56vkwkxua,clpolk.com,did:plc:ln3gpltnasf2s65hinoqc3s4,2025-11-02T04:11:39.971Z,"huh. @stechlab-labels.bsky.social seems like it's doing something *actually interesting* and *actually useful* with its labeler, and I can't subscribe to it and I don't know why",post,,,en,14,3,2,0,official mention,2026-06-26T14:05:00.228985+00:00,stechlab-labels.bsky.social,False,en,2026-06-26T14:06:34.776511+00:00,ok,,,,,
367,https://bsky.app/profile/loveemmarose.bsky.social/post/3m4ma7ynd322p,at://did:plc:ucgnqgp56aykmfzaf4lbhiig/app.bsky.feed.post/3m4ma7ynd322p,bafyreiddomglgufxcsgakhqs7gsdrjeguxdagfpacmlwh6glb6emk7drpa,loveemmarose.bsky.social,did:plc:ucgnqgp56aykmfzaf4lbhiig,2025-11-02T00:19:05.300Z,"This labeller was highlighted by a Bluesky staff member in a post yesterday and I subscribed

It gives info about accounts - that we can adjust - and then interpret how we want @stechlab-labels.bsky.social

Anyone got good tips about Bluesky you‘ve discovered that are helpful?

#Bluesky #Information",post,,,en,6,0,1,0,official mention,2026-06-26T14:05:00.228985+00:00,stechlab-labels.bsky.social,False,en,2026-06-26T14:06:34.776511+00:00,ok,,,,,
368,https://bsky.app/profile/7hird.dev/post/3m4lcvueq6s2e,at://did:plc:z46zh55ljmgogiammxofkrqz/app.bsky.feed.post/3m4lcvueq6s2e,bafyreibkfcd2mndjpo7ql25n3fetjzjq7idvfh2ktwbsjx4ohv3xgkhyou,7hird.dev,did:plc:z46zh55ljmgogiammxofkrqz,2025-11-01T15:34:26.766Z,"Loving @stechlab-labels.bsky.social. The 'posted more than 50 times yesterday' label is remarkably well correlated with content I want off my feed. Anyone know of a good way to filter that with exceptions for news organizations and stuff?
#atproto #labels",post,,,en,2,0,1,0,official mention,2026-06-26T14:05:00.228985+00:00,stechlab-labels.bsky.social,False,en,2026-06-26T14:06:34.776511+00:00,ok,,,,,
369,https://bsky.app/profile/7hird.dev/post/3m4lbi4wayk2e,at://did:plc:z46zh55ljmgogiammxofkrqz/app.bsky.feed.post/3m4lbi4wayk2e,bafyreic3rxcyo7x4vc6whdvabevpw7rqslihcj7sjrj6oguuqrrqyod27u,7hird.dev,did:plc:z46zh55ljmgogiammxofkrqz,2025-11-01T15:08:52.225Z,"Seems like good advice, but I love how algorithmic choice makes it more complex.

For example, @stechlab-labels.bsky.social says you posted over 50 times yesterday. My assumption is that post frequency is negatively correlated with average post quality. Soon, this will make you less visible to me.",reply,at://did:plc:4hawmtgzjx3vclfyphbhfn7v/app.bsky.feed.post/3m4ktef6he22m,at://did:plc:4hawmtgzjx3vclfyphbhfn7v/app.bsky.feed.post/3m4ktef6he22m,en,0,0,1,0,official mention,2026-06-26T14:05:00.228985+00:00,stechlab-labels.bsky.social,False,en,2026-06-26T14:06:34.776511+00:00,ok,,,,,
370,https://bsky.app/profile/leonenglish.bsky.social/post/3m4l66ztddc2z,at://did:plc:k4xwfxkeenn2mf7ewexhgb5b/app.bsky.feed.post/3m4l66ztddc2z,bafyreid7u2trm2ljggenpy2wl4whnilkfga4x6xlz5mbax2i2owmd4kr6m,leonenglish.bsky.social,did:plc:k4xwfxkeenn2mf7ewexhgb5b,2025-11-01T14:10:05.770Z,@stechlab-labels.bsky.social why you gotta attack me like this,post,,,en,2,0,0,0,official mention,2026-06-26T14:05:00.228985+00:00,stechlab-labels.bsky.social,True,en,2026-06-26T14:06:34.776511+00:00,ok,,,,,
371,https://bsky.app/profile/practicalnecromancy.com/post/3m4l54wjdgc2q,at://did:plc:n4bpbcxiuk6klndr6k7jmizb/app.bsky.feed.post/3m4l54wjdgc2q,bafyreibbulckhohjgkpkyr4pxf2suvmvxc6oyukzsqb323fnadu2l3z2f4,practicalnecromancy.com,did:plc:n4bpbcxiuk6klndr6k7jmizb,2025-11-01T13:51:01.443Z,Really appreciating the @stechlab-labels.bsky.social labeled - already helped me figure out a couple likely fake accounts I was following…,post,,,en,0,0,0,0,official mention,2026-06-26T14:05:00.228985+00:00,stechlab-labels.bsky.social,False,en,2026-06-26T14:06:34.776511+00:00,ok,,,,,
372,https://bsky.app/profile/cwonus.org/post/3m4ktjkcp2k2z,at://did:plc:h6as5sk7tfqvvnqvfrlnnwqn/app.bsky.feed.post/3m4ktjkcp2k2z,bafyreiazi3yksdrcf3oydjyiqcl6ppzvsro27wybfwedusa2n5oeqgxi64,cwonus.org,did:plc:h6as5sk7tfqvvnqvfrlnnwqn,2025-11-01T10:59:07.435Z,@stechlab-labels.bsky.social,reply,at://did:plc:ge43iv5sow44urfxjlarmswc/app.bsky.feed.post/3m4kteqh6d22z,at://did:plc:h6as5sk7tfqvvnqvfrlnnwqn/app.bsky.feed.post/3m4ksneiqxc2w,en,1,0,0,0,official mention,2026-06-26T14:05:00.228985+00:00,stechlab-labels.bsky.social,False,unknown,2026-06-26T14:06:34.776511+00:00,ok,,,,,
373,https://bsky.app/profile/scissors.myatproto.social/post/3m4jx32tkh22j,at://did:plc:pfuwnava4i7xpbx6khgyflyv/app.bsky.feed.post/3m4jx32tkh22j,bafyreif7ufu6go7s36dobhfdbnoa647kvmiik4efhzkwsxthvcf2ljej24,scissors.myatproto.social,did:plc:pfuwnava4i7xpbx6khgyflyv,2025-11-01T02:29:56.675Z,OMG THIS LABELER @stechlab-labels.bsky.social,post,,,en,24,11,5,1,official mention,2026-06-26T14:05:00.228985+00:00,stechlab-labels.bsky.social,False,de,2026-06-26T14:06:34.776511+00:00,ok,,,,,
374,https://bsky.app/profile/alexbenzer.com/post/3m4izt26f2k22,at://did:plc:gsbue2dtbtqzw5du5btlh7p2/app.bsky.feed.post/3m4izt26f2k22,bafyreigylp2hsp4qyf5g2qintjlrivh4djlrvoruhxz6656p25ujpmqsjy,alexbenzer.com,did:plc:gsbue2dtbtqzw5du5btlh7p2,2025-10-31T17:46:29.034Z,this labeler is seriously amazing @stechlab-labels.bsky.social,post,,,en,41,6,3,3,official mention,2026-06-26T14:05:00.228985+00:00,stechlab-labels.bsky.social,False,en,2026-06-26T14:06:34.776511+00:00,ok,,,,,
375,https://bsky.app/profile/davidcel.is/post/3m4inemila22g,at://did:plc:so3nphemmrxnh63ye3c4x6dg/app.bsky.feed.post/3m4inemila22g,bafyreicfhydhxvidrp4czypqcpjgorgauvvcqavmqq7wsrr3jmbn5aydb4,davidcel.is,did:plc:so3nphemmrxnh63ye3c4x6dg,2025-10-31T14:03:40.023Z,Labeler of Shame: @stechlab-labels.bsky.social,post,,,en,0,0,0,0,official mention,2026-06-26T14:05:00.228985+00:00,stechlab-labels.bsky.social,False,en,2026-06-26T14:06:34.776511+00:00,ok,,,,,
376,https://bsky.app/profile/gyro.bsky.social/post/3m4in2fegr22o,at://did:plc:msg3kxijir4stqqtimp2sk7c/app.bsky.feed.post/3m4in2fegr22o,bafyreietffz5qzi3iadlcobgg4kdnkmsrg443imvxrzkcwsfcxnfdytkya,gyro.bsky.social,did:plc:msg3kxijir4stqqtimp2sk7c,2025-10-31T13:57:57.004Z,unrelated to anything I have some bad news: @stechlab-labels.bsky.social  has begun telling you to touch grass /lh,reply,at://did:plc:vszw3ess46odfhnzdsy4huae/app.bsky.feed.post/3m4i35x6u7k2l,at://did:plc:vszw3ess46odfhnzdsy4huae/app.bsky.feed.post/3m4i32kd7nk2x,en,4,0,1,0,official mention,2026-06-26T14:05:00.228985+00:00,stechlab-labels.bsky.social,True,en,2026-06-26T14:06:34.776511+00:00,ok,,,,,
377,https://bsky.app/profile/arathunku.com/post/3m4ikquzivs2k,at://did:plc:yww4iq4ogs7f4bmqbiwfzbck/app.bsky.feed.post/3m4ikquzivs2k,bafyreibc4t25ckcas7bid56sfg46f6ui337ev5rwsvga3k7qnutfg5a43a,arathunku.com,did:plc:yww4iq4ogs7f4bmqbiwfzbck,2025-10-31T13:16:50.396Z,"Ohh, that sounds nice @stechlab-labels.bsky.social 

Great idea for labeler",post,,,en,2,0,0,0,official mention,2026-06-26T14:05:00.228985+00:00,stechlab-labels.bsky.social,False,en,2026-06-26T14:06:34.776511+00:00,ok,,,,,
378,https://bsky.app/profile/lietkynes.bsky.social/post/3m4iahx2k3k2a,at://did:plc:2v6hhiqvxwxrpklkg2utwske/app.bsky.feed.post/3m4iahx2k3k2a,bafyreibjjnqafygv2yhffafxyqrspbmca5umn633qflebeyqcifkrtkeoy,lietkynes.bsky.social,did:plc:2v6hhiqvxwxrpklkg2utwske,2025-10-31T10:12:53.118Z,"So far the @stechlab-labels.bsky.social labeler has just told me which of the people I follow are truly unhinged poasters (i.e., making >50 or >100x skeets per day)

But I do curate my follows pretty tightly despite the fairly high number of them; the only bots I follow are intentional & handcrafted",post,,,en,0,0,0,0,official mention,2026-06-26T14:05:00.228985+00:00,stechlab-labels.bsky.social,False,en,2026-06-26T14:06:34.776511+00:00,ok,,,,,
379,https://bsky.app/profile/bnewbold.net/post/3m4hsjgxxx22u,at://did:plc:44ybard66vv44zksje25o7dz/app.bsky.feed.post/3m4hsjgxxx22u,bafyreicc3gncgy5spolh4ltbim5uxq6h2yfeahy3oufjfcb57yke4txdue,bnewbold.net,did:plc:44ybard66vv44zksje25o7dz,2025-10-31T06:03:10.980Z,check out @stechlab-labels.bsky.social,post,,,en,63,12,0,5,official mention,2026-06-26T14:05:00.228985+00:00,stechlab-labels.bsky.social,False,en,2026-06-26T14:06:34.776511+00:00,ok,,,,,
380,https://bsky.app/profile/rainy.pet/post/3m4hq66rqqc27,at://did:plc:tzrpqyerzt37pyj54hh52xrz/app.bsky.feed.post/3m4hq66rqqc27,bafyreigm2zskc6vdtwkckaqxofmojv4qsjmuzbe5xlf2lea7rzi4e3tpqm,rainy.pet,did:plc:tzrpqyerzt37pyj54hh52xrz,2025-10-31T05:21:05.806Z,@stechlab-labels.bsky.social,reply,at://did:plc:4prkargawaafljpw576fztej/app.bsky.feed.post/3m4hq5mpgus2d,at://did:plc:tzrpqyerzt37pyj54hh52xrz/app.bsky.feed.post/3m4hq4tmglk27,en,2,0,0,0,official mention,2026-06-26T14:05:00.228985+00:00,stechlab-labels.bsky.social,False,unknown,2026-06-26T14:06:34.776511+00:00,ok,,,,,
381,https://bsky.app/profile/aly.codes/post/3m4hglmipak2i,at://did:plc:zntngpowgd6rorjt3haywj36/app.bsky.feed.post/3m4hglmipak2i,bafyreifwn2c42u7ltmuzgt5lhzicd3fnnsnozzy2v2o6umm25joxbhg7jy,aly.codes,did:plc:zntngpowgd6rorjt3haywj36,2025-10-31T02:29:38.978Z,@stechlab-labels.bsky.social is really really good for blocking spam and bots,post,,,en,42,10,7,5,official mention,2026-06-26T14:05:00.228985+00:00,stechlab-labels.bsky.social,False,en,2026-06-26T14:06:34.776511+00:00,ok,,,,,
382,https://bsky.app/profile/nkgarg.bsky.social/post/3m4h5nyyvh22z,at://did:plc:6ysaocl4wbig54tsqox4a2f5/app.bsky.feed.post/3m4h5nyyvh22z,bafyreifknegqkr2aok3uxz4dqhohbfbezd7y75a6fupgywasj3n4aeevfu,nkgarg.bsky.social,did:plc:6ysaocl4wbig54tsqox4a2f5,2025-10-30T23:49:55.523Z,The @stechlab-labels.bsky.social labeler is indeed very useful to weed out who to follow,quote,,,en,19,3,1,0,official mention,2026-06-26T14:05:00.228985+00:00,stechlab-labels.bsky.social,False,en,2026-06-26T14:06:34.776511+00:00,ok,,,,,
383,https://bsky.app/profile/dame.is/post/3m4h5eb6mr22m,at://did:plc:gq4fo3u6tqzzdkjlwzpb23tj/app.bsky.feed.post/3m4h5eb6mr22m,bafyreidwg5j7kdwa2djtyyz7auwrgqgixbgv6omldn32kb7xna4wtvos2m,dame.is,did:plc:gq4fo3u6tqzzdkjlwzpb23tj,2025-10-30T23:44:28.551Z,"seriously the @stechlab-labels.bsky.social labeler is hella cool, some really interesting data that they’re processing and flagging",reply,at://did:plc:gq4fo3u6tqzzdkjlwzpb23tj/app.bsky.feed.post/3m4h52u3mh22m,at://did:plc:gq4fo3u6tqzzdkjlwzpb23tj/app.bsky.feed.post/3m4h4s4v54s2m,en,63,11,2,12,official mention,2026-06-26T14:05:00.228985+00:00,stechlab-labels.bsky.social,True,en,2026-06-26T14:06:34.776511+00:00,ok,,,,,
384,https://bsky.app/profile/dame.is/post/3m4h52u3mh22m,at://did:plc:gq4fo3u6tqzzdkjlwzpb23tj/app.bsky.feed.post/3m4h52u3mh22m,bafyreie5zkt33oevjpsepy7q7pg7hx5msdop2iz3cauj3kdz3wy3rtqgwe,dame.is,did:plc:gq4fo3u6tqzzdkjlwzpb23tj,2025-10-30T23:39:12.832Z,lol @jcsalterego.bsky.social has the “Posts a lot: more than 100 times yesterday” label from @stechlab-labels.bsky.social,reply,at://did:plc:gq4fo3u6tqzzdkjlwzpb23tj/app.bsky.feed.post/3m4h4wleqe22m,at://did:plc:gq4fo3u6tqzzdkjlwzpb23tj/app.bsky.feed.post/3m4h4s4v54s2m,en,20,0,2,0,official mention,2026-06-26T14:05:00.228985+00:00,stechlab-labels.bsky.social,True,en,2026-06-26T14:06:34.776511+00:00,ok,,,,,
385,https://bsky.app/profile/dame.is/post/3m4h4s4v54s2m,at://did:plc:gq4fo3u6tqzzdkjlwzpb23tj/app.bsky.feed.post/3m4h4s4v54s2m,bafyreietjpjylpuzkqo3cfqd3dlw6btoizgsz74qxhzsccwxnmx7aivpje,dame.is,did:plc:gq4fo3u6tqzzdkjlwzpb23tj,2025-10-30T23:34:20.067Z,"here are a couple of newer atproto/bsky labelers i found recently that also seem to be quite useful:

@stechlab-labels.bsky.social
@girlbye.social
@pds.labeler.tny.im

my account is labeled by the stechlab one cause of my automated dynamic avatar — causes my profile data to change every hour 🤠",post,,,en,46,7,2,2,official mention,2026-06-26T14:05:00.228985+00:00,stechlab-labels.bsky.social,True,en,2026-06-26T14:06:34.776511+00:00,ok,,,,,
386,https://bsky.app/profile/refrag.bsky.social/post/3m4glr66fuk2v,at://did:plc:5i7qv6sq3azq3i3yzqicf6iz/app.bsky.feed.post/3m4glr66fuk2v,bafyreigwa327oi4byefyhhxqzexo2eqf4tfmlk56wznnb4sursx7zn2cuq,refrag.bsky.social,did:plc:5i7qv6sq3azq3i3yzqicf6iz,2025-10-30T18:29:34.259Z,"I just came across a labeler that is interesting. Many of its labels are for the kinds of behaviors bots might engage in. Check it out:

@stechlab-labels.bsky.social",post,,,en,20,8,5,2,official mention,2026-06-26T14:05:00.228985+00:00,stechlab-labels.bsky.social,False,en,2026-06-26T14:06:34.776511+00:00,ok,,,,,
387,https://bsky.app/profile/hornfiskmpersille.eurosky.social/post/3m3y4xuxdxk23,at://did:plc:bvflvmvnitgrjkj72zw73fum/app.bsky.feed.post/3m3y4xuxdxk23,bafyreihp3zm6gnqxk5kltlckkugxr54dssc7rr3pyzrdi2kkmdqcqywgmq,hornfiskmpersille.eurosky.social,did:plc:bvflvmvnitgrjkj72zw73fum,2025-10-25T00:27:37.007Z,"stechlab-labels.bsky.social er en konto som æh laver statistik. Jeg ved ikk rigtigt hvad jeg skal mene om det. Men det er nogle spøjse ting, den tæller, fx hvor ofte man ændrer sit handle",post,,,da,1,0,2,0,official mention,2026-06-26T14:05:00.228985+00:00,stechlab-labels.bsky.social,False,da,2026-06-26T14:06:34.776511+00:00,ok,,,,,
388,https://bsky.app/profile/xan.lol/post/3m3xqqniid22g,at://did:plc:q7suwaz53ztc4mbiqyygbn43/app.bsky.feed.post/3m3xqqniid22g,bafyreib7hti7l2kwhplsz57eg3s74rdau3kjy3kvjzbfwaiqlfwmncaqry,xan.lol,did:plc:q7suwaz53ztc4mbiqyygbn43,2025-10-24T20:48:49.391Z,@kickflip.renahlee.com @labeler.bikesky.social @khronos.world @stechlab-labels.bsky.social,reply,at://did:plc:wpr63uqnrodpq4lolakjlrdv/app.bsky.feed.post/3m3xklvrtn22n,at://did:plc:q7suwaz53ztc4mbiqyygbn43/app.bsky.feed.post/3m3xkieqduk27,en,0,0,0,0,official mention,2026-06-26T14:05:00.228985+00:00,stechlab-labels.bsky.social,False,unknown,2026-06-26T14:06:34.776511+00:00,ok,,,,,
389,https://bsky.app/profile/heidimswheidi.bsky.social/post/3m3vyqbbtic2n,at://did:plc:gyhte3mhbswfx45li3q554id/app.bsky.feed.post/3m3vyqbbtic2n,bafyreiduycfhvbizeutgrbuzgazzltay3oj2sk7ez7x6nx7pykkqaaa6gm,heidimswheidi.bsky.social,did:plc:gyhte3mhbswfx45li3q554id,2025-10-24T04:06:27.051Z,"@stechlab-labels.bsky.social Remove the label you placed on my account. I don't wish to be part of your supposed ""research"" for Cornell. I didn't sign up to have my account analyzed or studied. I didn't agree to it; I wasn't even aware of it. You've violated BlueSky's TOS & you've been reported.",post,,,en,6,0,0,0,official mention,2026-06-26T14:05:00.228985+00:00,stechlab-labels.bsky.social,False,en,2026-06-26T14:06:34.776511+00:00,ok,,,,,
390,https://bsky.app/profile/benhammerhead.bsky.social/post/3m3uqdhjcuc2k,at://did:plc:ttekm6mh6zvkzvv4ihvm7csj/app.bsky.feed.post/3m3uqdhjcuc2k,bafyreiditioz7i4qrejw3vpcirkk6hdnlujan4jtc3vvfncdhyi6rdlxs4,benhammerhead.bsky.social,did:plc:ttekm6mh6zvkzvv4ihvm7csj,2025-10-23T16:03:27.708Z,"What is “posting num mid” and why put me on this list?

@stechlab-labels.bsky.social",post,,,en,1,0,1,0,official mention,2026-06-26T14:05:00.228985+00:00,stechlab-labels.bsky.social,False,en,2026-06-26T14:06:34.776511+00:00,ok,,,,,
391,https://bsky.app/profile/xan.lol/post/3m3kxqoe5422n,at://did:plc:q7suwaz53ztc4mbiqyygbn43/app.bsky.feed.post/3m3kxqoe5422n,bafyreige27glbet2geb5rq7jac5w6wxcnif7vcsmboa3c6yzzy7jfj4uka,xan.lol,did:plc:q7suwaz53ztc4mbiqyygbn43,2025-10-19T18:49:29.883Z,"I use Bluesky
@kickflip.renahlee.com
@khronos.world
@aimod.social
@arttheft.bsky.social
@skywatch.blue
@us-gov-funding.bsky.social
@profile-labels.bossett.social
@blackskyweb.xyz
@nagare.pds.bsky.In4.net
@bottags.bsky.social
@pds.labeler.tny.im
@stechlab-labels.bsky.social",reply,at://did:plc:uzdfxwdzkggwc4652mdecmsg/app.bsky.feed.post/3m3kbnfuccc24,at://did:plc:q7suwaz53ztc4mbiqyygbn43/app.bsky.feed.post/3m3jpv77rv22m,en,5,0,0,0,official mention,2026-06-26T14:05:00.228985+00:00,stechlab-labels.bsky.social,False,unknown,2026-06-26T14:06:34.776511+00:00,ok,,,,,
392,https://bsky.app/profile/xan.lol/post/3m3jq6omz722l,at://did:plc:q7suwaz53ztc4mbiqyygbn43/app.bsky.feed.post/3m3jq6omz722l,bafyreicacolmi5ymagkx5varzfgh3bm7hoib3dwccjsgzfoduozit3kmni,xan.lol,did:plc:q7suwaz53ztc4mbiqyygbn43,2025-10-19T07:01:30.276Z,@stechlab-labels.bsky.social cool labeler! but I don't think I've changed parts of my profile that much in the last month!! Are follows part of that? I've barely edited my profile description.,reply,at://did:plc:lgb2xgd64n3swnh7jbtgpvhl/app.bsky.feed.post/3m3jp2it4jc2o,at://did:plc:q7suwaz53ztc4mbiqyygbn43/app.bsky.feed.post/3m3jotukl6s2m,en,1,0,0,0,official mention,2026-06-26T14:05:00.228985+00:00,stechlab-labels.bsky.social,False,en,2026-06-26T14:06:34.776511+00:00,ok,,,,,
393,https://bsky.app/profile/raulmv.bsky.es/post/3m3aymrlkbc2h,at://did:plc:is5q7ahfhl52yajkzfrujxpt/app.bsky.feed.post/3m3aymrlkbc2h,bafyreigq5h3tefjnnjpvzl3i5c6ebaaqxvivmdoqirq2ooclxut3mgr764,raulmv.bsky.es,did:plc:is5q7ahfhl52yajkzfrujxpt,2025-10-15T19:38:35.420Z,"Llevo como una semana usando esta etiqueta de moderación @stechlab-labels.bsky.social y buah os la recomiendo, chiva todos los comportamientos de las cuentas 😂

Y si no os mola x comportamiento, podéis meter shadowban a quienes queráis que tenga x etiqueta (pero que sólo os afecta a vosotros)",post,,,es,0,0,1,0,official mention,2026-06-26T14:05:00.228985+00:00,stechlab-labels.bsky.social,False,es,2026-06-26T14:06:34.776511+00:00,ok,,,,,
394,https://bsky.app/profile/dobescrusher.bsky.social/post/3m2hxq57egs26,at://did:plc:eb7p5vcqq7xlb3ilmfy3zjaf/app.bsky.feed.post/3m2hxq57egs26,bafyreibtvxs4rip7grojgxs3whzmjph5ouhr2l47dog5lc3vszstvgbome,dobescrusher.bsky.social,did:plc:eb7p5vcqq7xlb3ilmfy3zjaf,2025-10-05T20:46:01.071Z,"@stechlab-labels.bsky.social could you remove the label applied to my acccount. Me choosing to unfollow a lot of accounts is not a regular occurrence, it was a matter of necessity after basically just importing all my twitter follows indiscriminately.",post,,,en,2,0,0,0,official mention,2026-06-26T14:05:00.228985+00:00,stechlab-labels.bsky.social,False,en,2026-06-26T14:06:34.776511+00:00,ok,,,,,
395,https://bsky.app/profile/kenmhaggerty.bsky.social/post/3mp554xctas23,at://did:plc:ujhreou64mdvuf5z4pflnuk2/app.bsky.feed.post/3mp554xctas23,bafyreie77gptbugfzmkp66blvp46a4llgkfbn44qa7n2fwuosynwxhqsqa,kenmhaggerty.bsky.social,did:plc:ujhreou64mdvuf5z4pflnuk2,2026-06-25T19:12:26.871Z,Account Activity Labeler! bsky.app/profile/stec...,reply,at://did:plc:cnyoagvcaroalhb33wen47eg/app.bsky.feed.post/3mp54ivxj5s2l,at://did:plc:cnyoagvcaroalhb33wen47eg/app.bsky.feed.post/3mp53zwp6hk2l,en,4,0,2,0,official mention,2026-06-26T14:05:00.228985+00:00,bsky.app/profile/stec,False,en,2026-06-26T14:06:34.776511+00:00,ok,,,,,
396,https://bsky.app/profile/bigfez.bsky.social/post/3moynddnyt22h,at://did:plc:crii7q273wotczrzfrd3m4yr/app.bsky.feed.post/3moynddnyt22h,bafyreifzv5fi72etevbsl7xextwx63m2z3bbiapgva677rxtnyaw7ehcxa,bigfez.bsky.social,did:plc:crii7q273wotczrzfrd3m4yr,2026-06-24T00:19:02.323Z,"Yeah, I find it useful to subscribe to a labeller like this one (others exist) which flags up eg 'unfollowed 50+ people yday) and other stuff that really should be flagged. 

If you just 'follow back' everyone you are helping malicious actors and disinformation spreaders.

bsky.app/profile/stec...",reply,at://did:plc:2bij7yypmcuvwyz4gyqwtluy/app.bsky.feed.post/3moy47rwnts2s,at://did:plc:2bij7yypmcuvwyz4gyqwtluy/app.bsky.feed.post/3moy47rwnts2s,en,1,0,0,0,official mention,2026-06-26T14:05:00.228985+00:00,bsky.app/profile/stec,False,en,2026-06-26T14:06:34.776511+00:00,ok,,,,,
397,https://bsky.app/profile/acinixys.bsky.social/post/3mou3vtwvck2b,at://did:plc:7cojiebl7ubdx7bxv6pmlbkm/app.bsky.feed.post/3mou3vtwvck2b,bafyreienzkppv7lljpfz5onn3gj3f5bjtqjdsixhb2zgaz6jzav6v7pfhu,acinixys.bsky.social,did:plc:7cojiebl7ubdx7bxv6pmlbkm,2026-06-22T04:56:37.067Z,"Yeah
Subscribe to this

bsky.app/profile/stec...",reply,at://did:plc:qcpfq7jwrjjq3iiobkmqw6d5/app.bsky.feed.post/3moswd3xiwc2x,at://did:plc:xy6tjlsgcxht6wvubvmg6nop/app.bsky.feed.post/3moqig6okzs25,en,1,0,0,0,official mention,2026-06-26T14:05:00.228985+00:00,bsky.app/profile/stec,False,en,2026-06-26T14:06:34.776511+00:00,ok,,,,,
398,https://bsky.app/profile/codesloth.bsky.social/post/3motnvdbhjc2j,at://did:plc:5gqvhyruiauc44dgnkachhmv/app.bsky.feed.post/3motnvdbhjc2j,bafyreifsyxxjtzppzkhxcoj3nhly2ayfk6hyzthz75wzoeirgbsan5oiae,codesloth.bsky.social,did:plc:5gqvhyruiauc44dgnkachhmv,2026-06-22T00:45:47.202Z,not sure why you wouldn’t just share the link bsky.app/profile/stec...,reply,at://did:plc:hlmt2ablujd6hjbltzw365qw/app.bsky.feed.post/3motk472rac2h,at://did:plc:mejjela4pax4sinutor7au4u/app.bsky.feed.post/3motfgpdk3c2s,en,0,0,0,0,official mention,2026-06-26T14:05:00.228985+00:00,bsky.app/profile/stec,False,en,2026-06-26T14:06:34.776511+00:00,ok,,,,,
399,https://bsky.app/profile/kikkoman.eurosky.social/post/3motb2l3c722o,at://did:plc:kmiw46pwb7la5lzr5d7fpnbn/app.bsky.feed.post/3motb2l3c722o,bafyreif7pnez7gtousr3bjfy5jqajahdn2wt4xy2qqsg5wltdzk2grmeqa,kikkoman.eurosky.social,did:plc:kmiw46pwb7la5lzr5d7fpnbn,2026-06-21T20:56:04.516Z,"ils vont nous remplir le firehose de pisse...

pour mettre en évidence les comptes qui sont suspicieusement actifs, je recommande cet étiquette :
bsky.app/profile/stec...",quote,,,fr,2,1,2,1,official mention,2026-06-26T14:05:00.228985+00:00,bsky.app/profile/stec,False,fr,2026-06-26T14:06:34.776511+00:00,ok,,,,,
400,https://bsky.app/profile/shukichu.bsky.social/post/3mossohn4js2k,at://did:plc:3qgvmz4qpasp2s7i2b6oehcy/app.bsky.feed.post/3mossohn4js2k,bafyreie6cdf4dn45siob3vw6mjkxqkujwkel447yomgpqh7zuu2ngraw3e,shukichu.bsky.social,did:plc:3qgvmz4qpasp2s7i2b6oehcy,2026-06-21T16:38:45.867Z,bsky.app/profile/stec... !!,reply,at://did:plc:hli6m4iewswvs6scnjwbuizd/app.bsky.feed.post/3mosrl2nlrk2i,at://did:plc:hli6m4iewswvs6scnjwbuizd/app.bsky.feed.post/3mosnbit43s2p,en,2,0,0,0,official mention,2026-06-26T14:05:00.228985+00:00,bsky.app/profile/stec,False,unknown,2026-06-26T14:06:34.776511+00:00,ok,,,,,
401,https://bsky.app/profile/zmcadler.bsky.social/post/3mospyok5wc22,at://did:plc:tvykhhrcwuuyggiswnfae7yl/app.bsky.feed.post/3mospyok5wc22,bafyreicf7nooaz4hdekot3wuacppl4geq4hher6oevvqzvukwnyj5vjwhi,zmcadler.bsky.social,did:plc:tvykhhrcwuuyggiswnfae7yl,2026-06-21T15:50:47.427Z,Basically they’re little context providers about the accounts you interact with and when you’re subscribed to one you see those account labels. Here’s a good one: bsky.app/profile/stec...,reply,at://did:plc:pqs7zfzfku3c5qyu3k4lel4c/app.bsky.feed.post/3mosp57vco223,at://did:plc:4llrhdclvdlmmynkwsmg5tdc/app.bsky.feed.post/3moiskz25cv23,en,2,0,1,0,official mention,2026-06-26T14:05:00.228985+00:00,bsky.app/profile/stec,False,en,2026-06-26T14:06:34.776511+00:00,ok,,,,,
402,https://bsky.app/profile/dobescrusher.bsky.social/post/3moqta3stys2b,at://did:plc:eb7p5vcqq7xlb3ilmfy3zjaf/app.bsky.feed.post/3moqta3stys2b,bafyreifeuym4jxaxlo3gycgvym35cvqjnmuouxucdmgxytwfu3q7olj7ra,dobescrusher.bsky.social,did:plc:eb7p5vcqq7xlb3ilmfy3zjaf,2026-06-20T21:43:17.976Z,Check this thing out haha bsky.app/profile/stec...,reply,at://did:plc:y2ils7fdyh3yc6bliqinorbb/app.bsky.feed.post/3moqt4o2jhs2q,at://did:plc:y2ils7fdyh3yc6bliqinorbb/app.bsky.feed.post/3moqsqa2mnc2q,en,1,0,0,0,official mention,2026-06-26T14:05:00.228985+00:00,bsky.app/profile/stec,False,en,2026-06-26T14:06:34.776511+00:00,ok,,,,,
403,https://bsky.app/profile/silverbeard.bsky.social/post/3mophu5lf722u,at://did:plc:k46x6eqya6ocm3jdr5iigxdx/app.bsky.feed.post/3mophu5lf722u,bafyreie6m74d7f3ywvrnhqie56breg2qt3eferxv34va23hdpxvowjq6ue,silverbeard.bsky.social,did:plc:k46x6eqya6ocm3jdr5iigxdx,2026-06-20T08:47:06.277Z,"Found it! That's pretty useful! 

bsky.app/profile/stec...",reply,at://did:plc:ay6qhdgnx4huyni5llqva5xs/app.bsky.feed.post/3mopfq4ca6k2c,at://did:plc:ay6qhdgnx4huyni5llqva5xs/app.bsky.feed.post/3mopez67h422c,en,9,0,6,0,official mention,2026-06-26T14:05:00.228985+00:00,bsky.app/profile/stec,False,en,2026-06-26T14:06:34.776511+00:00,ok,,,,,
404,https://bsky.app/profile/leah.teague.bio/post/3mondi5ujfk2c,at://did:plc:yi6wekkadgshkvhchw3rrhis/app.bsky.feed.post/3mondi5ujfk2c,bafyreifzhnvyokdttemsxn6qwklkpwvscj2teiyjbrgf5buzxsxgtg6zxe,leah.teague.bio,did:plc:yi6wekkadgshkvhchw3rrhis,2026-06-19T12:23:29.478Z,"Naw, the Account Activity Labeler is a pretty good judge of whether you have Posters Syndrome, and you're in the clear. bsky.app/profile/stec...",reply,at://did:plc:52t3v66fldzmpsnyfyovnbk4/app.bsky.feed.post/3mon666hl7c2m,at://did:plc:52t3v66fldzmpsnyfyovnbk4/app.bsky.feed.post/3mon666hl7c2m,en,1,0,0,0,official mention,2026-06-26T14:05:00.228985+00:00,bsky.app/profile/stec,False,en,2026-06-26T14:06:34.776511+00:00,ok,,,,,
405,https://bsky.app/profile/aphiii.bsky.social/post/3mojgshg3fs2q,at://did:plc:52k55cns5bxj3jzff2qmnjgq/app.bsky.feed.post/3mojgshg3fs2q,bafyreicpqntyepkzhie46uq2uegrq3ju3wejsboqddovbanje6ytvyev2q,aphiii.bsky.social,did:plc:52k55cns5bxj3jzff2qmnjgq,2026-06-17T23:12:17.308Z,"Activity label
bsky.app/profile/stec...",reply,at://did:plc:b7vpz7mpsqoghk4etbhua3l6/app.bsky.feed.post/3mojbkwefn22x,at://did:plc:3o3r74zkbgelqxdthsdrdra2/app.bsky.feed.post/3moj7di6nrs24,"en,pl",0,0,0,0,official mention,2026-06-26T14:05:00.228985+00:00,bsky.app/profile/stec,False,en,2026-06-26T14:06:34.776511+00:00,ok,,,,,
406,https://bsky.app/profile/prettyhatmachine.bsky.social/post/3moe7vudj7c2o,at://did:plc:ef5d3i3gml75xfjss2g2oixm/app.bsky.feed.post/3moe7vudj7c2o,bafyreieowx7czqnj7bd64yvlpmpb5qwfkjtxen6dfolovuoustzolq4gdu,prettyhatmachine.bsky.social,did:plc:ef5d3i3gml75xfjss2g2oixm,2026-06-15T21:25:36.634Z,bsky.app/profile/stec...,reply,at://did:plc:ef5d3i3gml75xfjss2g2oixm/app.bsky.feed.post/3moe7u56hr22o,at://did:plc:qyi33ppddppmec2ydyuvbf4y/app.bsky.feed.post/3modu2wx4ps2v,en,1,0,0,0,official mention,2026-06-26T14:05:00.228985+00:00,bsky.app/profile/stec,False,unknown,2026-06-26T14:06:34.776511+00:00,ok,,,,,
407,https://bsky.app/profile/lobsterdog.bsky.social/post/3mobeewzpdk2d,at://did:plc:doswfnxnhzjsovi2tcax2itk/app.bsky.feed.post/3mobeewzpdk2d,bafyreic63ppys2hskxhe4ttccp6b5uhnngnss2jql2yikuisn4oojyfnoi,lobsterdog.bsky.social,did:plc:doswfnxnhzjsovi2tcax2itk,2026-06-14T18:07:38.526Z,bsky.app/profile/stec...,reply,at://did:plc:s326cjaykxxfbca5mmsptnqw/app.bsky.feed.post/3mobdwduxxk26,at://did:plc:s326cjaykxxfbca5mmsptnqw/app.bsky.feed.post/3mobdwduxxk26,en,0,0,1,0,official mention,2026-06-26T14:05:00.228985+00:00,bsky.app/profile/stec,False,unknown,2026-06-26T14:06:34.776511+00:00,ok,,,,,
408,https://bsky.app/profile/hennell.bsky.social/post/3mo5twdbtws2z,at://did:plc:y3n6pkqjha5wysl7th2z4axg/app.bsky.feed.post/3mo5twdbtws2z,bafyreiefcfmmly3qendnfd3rsqitptmpcppzbylg3m5y67mzqnptf7mjzq,hennell.bsky.social,did:plc:y3n6pkqjha5wysl7th2z4axg,2026-06-13T08:35:08.964Z,"I added this labeller to my bsky, but as well as revealing bots, it's really highlighting how terminally online some of y'all are

bsky.app/profile/stec...",post,,,en,0,0,0,0,official mention,2026-06-26T14:05:00.228985+00:00,bsky.app/profile/stec,True,en,2026-06-26T14:06:34.776511+00:00,ok,,,,,
409,https://bsky.app/profile/frogjail.bsky.social/post/3mnxanzqtj22a,at://did:plc:grln4joagljby7hvjxyqlowl/app.bsky.feed.post/3mnxanzqtj22a,bafyreihlavjirn3pekfd4cykdm6pgbqx3t3dqhul4u2opll5uqbs3aowem,frogjail.bsky.social,did:plc:grln4joagljby7hvjxyqlowl,2026-06-10T17:34:31.020Z,yeah it's this one! i mostly just use it to see who posts a ridiculous amount per day bsky.app/profile/stec...,reply,at://did:plc:pvfccpd4obabfypqd6ic7wlq/app.bsky.feed.post/3mnx7staxss2s,at://did:plc:grln4joagljby7hvjxyqlowl/app.bsky.feed.post/3mnx3u7qcy22a,en,1,0,1,0,official mention,2026-06-26T14:05:00.228985+00:00,bsky.app/profile/stec,False,en,2026-06-26T14:06:34.776511+00:00,ok,,,,,
410,https://bsky.app/profile/notokayfabe.bsky.social/post/3mnwz3vr2722u,at://did:plc:6ambolgwn7wghojmydeo4yjh/app.bsky.feed.post/3mnwz3vr2722u,bafyreieptcpnatlcrhdzoqybdcmcidbzo2xk63clxdbejswnykwvb5zx64,notokayfabe.bsky.social,did:plc:6ambolgwn7wghojmydeo4yjh,2026-06-10T15:19:06.660Z,you joke but it's right here and I love it bsky.app/profile/stec...,reply,at://did:plc:qjzrpzlcmir3bkss4b5nh6ox/app.bsky.feed.post/3mnwyzo34wc2x,at://did:plc:qjzrpzlcmir3bkss4b5nh6ox/app.bsky.feed.post/3mnwyzo34wc2x,en,6,0,0,1,official mention,2026-06-26T14:05:00.228985+00:00,bsky.app/profile/stec,False,en,2026-06-26T14:06:34.776511+00:00,ok,,,,,
411,https://bsky.app/profile/feraldeer.bsky.social/post/3mnwyqevu2c2s,at://did:plc:ldqrgp3mkt2xsclylt4qlsgf/app.bsky.feed.post/3mnwyqevu2c2s,bafyreig3hhd6fcru2irftd3wzl6xhxoqgpgbd2r7minxadejp65p33blim,feraldeer.bsky.social,did:plc:ldqrgp3mkt2xsclylt4qlsgf,2026-06-10T15:12:39.894Z,"bsky.app/profile/stec...

this one tells you how good you are at postes",reply,at://did:plc:asb3rgscdkkv636buq6blof6/app.bsky.feed.post/3mnwyavw2ys2x,at://did:plc:asb3rgscdkkv636buq6blof6/app.bsky.feed.post/3mnwyavw2ys2x,en,2,0,1,0,official mention,2026-06-26T14:05:00.228985+00:00,bsky.app/profile/stec,False,en,2026-06-26T14:06:34.776511+00:00,ok,,,,,
412,https://bsky.app/profile/knitterkim.bsky.social/post/3mnwqdhmbus27,at://did:plc:mhu7awluuvo7a4z2rsr6duf6/app.bsky.feed.post/3mnwqdhmbus27,bafyreibnivn4ftvkf2w25emvp6iemv2bn37mowmrauwyof5vxrlckianya,knitterkim.bsky.social,did:plc:mhu7awluuvo7a4z2rsr6duf6,2026-06-10T12:42:16.583Z,"Hey, if you’re also finding the annoying rage bait accounts on here bad, a great way to filter them out is to subscribe to this Labeler. It tells you who posts incessantly, changes their profile picture frequently. I just saw one this am who posted over 100 times yesterday. bsky.app/profile/stec...",post,,,en,6,0,2,0,official mention,2026-06-26T14:05:00.228985+00:00,bsky.app/profile/stec,False,en,2026-06-26T14:06:34.776511+00:00,ok,,,,,
413,https://bsky.app/profile/statsbywill.bsky.social/post/3mnwhpvduj22i,at://did:plc:oc5iwgzuduigtu4zgben74df/app.bsky.feed.post/3mnwhpvduj22i,bafyreidxf4ovhwubmiuumqmsukds5xfrtm3sk4pj7nrtiuxqlk3ps6juyy,statsbywill.bsky.social,did:plc:oc5iwgzuduigtu4zgben74df,2026-06-10T10:08:09.962Z,New funniest tool in Bluesky history. Names redacted to protect the innocent (and to spot people I’m not in a mood to follow) bsky.app/profile/stec...,post,,,en,4,0,1,0,official mention,2026-06-26T14:05:00.228985+00:00,bsky.app/profile/stec,True,en,2026-06-26T14:06:34.776511+00:00,ok,,,,,
414,https://bsky.app/profile/magslhalliday.bsky.social/post/3mnwhhgwkb22d,at://did:plc:vaxyggtfjgnf3o4nc52t5j6i/app.bsky.feed.post/3mnwhhgwkb22d,bafyreict5jqbmq3ior2tuk7illitd6mvizo547oz6csqe7ykqtqvzxbkmm,magslhalliday.bsky.social,did:plc:vaxyggtfjgnf3o4nc52t5j6i,2026-06-10T10:03:26.412Z,"The “either terminally online or a bot” labeller is a fave. 

bsky.app/profile/stec...",reply,at://did:plc:e7qyf2qa6ldb5gjlqza5zbtj/app.bsky.feed.post/3mnwgtdjcs22o,at://did:plc:e7qyf2qa6ldb5gjlqza5zbtj/app.bsky.feed.post/3mnwgtdjcs22o,en,5,0,2,0,official mention,2026-06-26T14:05:00.228985+00:00,bsky.app/profile/stec,False,en,2026-06-26T14:06:34.776511+00:00,ok,,,,,
415,https://bsky.app/profile/caelan.bsky.social/post/3mnwgsuem2c2o,at://did:plc:e7qyf2qa6ldb5gjlqza5zbtj/app.bsky.feed.post/3mnwgsuem2c2o,bafyreifcokl5qafeqje6zv3xdsblcnl2im6z52cyvo6ehbefql6znzoja4,caelan.bsky.social,did:plc:e7qyf2qa6ldb5gjlqza5zbtj,2026-06-10T09:51:55.861Z,"bsky.app/profile/stec...

Really helps you know who not to engage with lol",reply,at://did:plc:5c6lbp4uiibmlswayzrs7nbr/app.bsky.feed.post/3mnwbkarvwc2z,at://did:plc:e7qyf2qa6ldb5gjlqza5zbtj/app.bsky.feed.post/3mnvfy3prhs2s,en,1,0,0,0,official mention,2026-06-26T14:05:00.228985+00:00,bsky.app/profile/stec,False,en,2026-06-26T14:06:34.776511+00:00,ok,,,,,
416,https://bsky.app/profile/eternalcatwar.bsky.social/post/3mnwfgpdyfs2f,at://did:plc:5bqteazd7cgu5dzhjtjajrdu/app.bsky.feed.post/3mnwfgpdyfs2f,bafyreict5gdqlziucjwsmwa2jxu6rdn5cjlwqucveutk6bhy7i6avpkbum,eternalcatwar.bsky.social,did:plc:5bqteazd7cgu5dzhjtjajrdu,2026-06-10T09:27:14.203Z,"I got you boo

bsky.app/profile/stec...",reply,at://did:plc:oc5iwgzuduigtu4zgben74df/app.bsky.feed.post/3mnwfdwzpy22a,at://did:plc:yjl44ckrkaif35o6jfl767vp/app.bsky.feed.post/3mnwfboebw22f,en,1,0,0,0,official mention,2026-06-26T14:05:00.228985+00:00,bsky.app/profile/stec,False,unknown,2026-06-26T14:06:34.776511+00:00,ok,,,,,
417,https://bsky.app/profile/dwightwedding.bsky.social/post/3mnu5cdpcok24,at://did:plc:l6xxmtbuhmeyguwwebx5bcws/app.bsky.feed.post/3mnu5cdpcok24,bafyreido2wfkpey4tul3fijssqf4qaopfagerb6dbfq3e5hboc6lxoaioi,dwightwedding.bsky.social,did:plc:l6xxmtbuhmeyguwwebx5bcws,2026-06-09T11:56:18.355Z,bsky.app/profile/stec...,reply,at://did:plc:nk6efosrm4mc7a653vsn3obn/app.bsky.feed.post/3mnu4vwym7k2v,at://did:plc:e7qyf2qa6ldb5gjlqza5zbtj/app.bsky.feed.post/3mnu4ikchqk25,en,6,0,0,0,official mention,2026-06-26T14:05:00.228985+00:00,bsky.app/profile/stec,False,unknown,2026-06-26T14:06:34.776511+00:00,ok,,,,,
418,https://bsky.app/profile/drunk.moe/post/3mnb2wsones2m,at://did:plc:dadnngq7hpnuglhxm556wgzi/app.bsky.feed.post/3mnb2wsones2m,bafyreibee4jzm2gp74ow2twz5gnafzfm2zxl6xfgszto6hezuk5jytbzjy,drunk.moe,did:plc:dadnngq7hpnuglhxm556wgzi,2026-06-01T21:53:28.904Z,buddy r u ok bsky.app/profile/stec...,post,,,en,7,0,1,0,official mention,2026-06-26T14:05:00.228985+00:00,bsky.app/profile/stec,False,cy,2026-06-26T14:06:34.776511+00:00,ok,,,,,
419,https://bsky.app/profile/martinoberg.bsky.social/post/3mn37csvbys2j,at://did:plc:hpn2fqfoyv4lsmlklbuecdgt/app.bsky.feed.post/3mn37csvbys2j,bafyreiankdwwzzsuahxobowwtnupaje73ub4i5bdd5e3vdmfqgrjywjlce,martinoberg.bsky.social,did:plc:hpn2fqfoyv4lsmlklbuecdgt,2026-05-30T13:55:48.312Z,Om någon skulle leta efter den: bsky.app/profile/stec...,reply,at://did:plc:hpn2fqfoyv4lsmlklbuecdgt/app.bsky.feed.post/3mn37a2dakc2j,at://did:plc:bs3pls3mqadgsosoobdkivhl/app.bsky.feed.post/3mn2tznl7l22t,sv,0,0,0,0,official mention,2026-06-26T14:05:00.228985+00:00,bsky.app/profile/stec,False,sv,2026-06-26T14:06:34.776511+00:00,ok,,,,,
420,https://bsky.app/profile/killlthehype.blacksky.app/post/3mmnesg43fc2s,at://did:plc:2gwenrmsrgvxkmesnc4l2pun/app.bsky.feed.post/3mmnesg43fc2s,bafyreidairkhannpe26ddmpg32fyat4mdids2oke7gm72ghduumhqgzjl4,killlthehype.blacksky.app,did:plc:2gwenrmsrgvxkmesnc4l2pun,2026-05-25T01:56:44.146Z,Activity labeler bsky.app/profile/stec...,reply,at://did:plc:3njuoagvqxeebpz4lqiax67t/app.bsky.feed.post/3mmncwnhcns2l,at://did:plc:2gwenrmsrgvxkmesnc4l2pun/app.bsky.feed.post/3mmncu3lqic2s,en,0,0,0,1,official mention,2026-06-26T14:05:00.228985+00:00,bsky.app/profile/stec,False,en,2026-06-26T14:06:34.776511+00:00,ok,,,,,
421,https://bsky.app/profile/rvnwings.bsky.social/post/3mmi6lyvu222e,at://did:plc:q6tsycjvvqszayeomyekosa6/app.bsky.feed.post/3mmi6lyvu222e,bafyreifsr44v4sncizavjrxtmql6l4bpakphfad3u2lmf5s2clxqhypgvy,rvnwings.bsky.social,did:plc:q6tsycjvvqszayeomyekosa6,2026-05-23T00:22:27.840Z,bsky.app/profile/stec...,reply,at://did:plc:7rgfqqg3jbrvhea5wlhy2hjd/app.bsky.feed.post/3mmhve4sdcs2i,at://did:plc:iko4q4khw4vpkirf4cbdmt6a/app.bsky.feed.post/3mmgob7vark2e,en,1,1,0,0,official mention,2026-06-26T14:05:00.228985+00:00,bsky.app/profile/stec,False,unknown,2026-06-26T14:06:34.776511+00:00,ok,,,,,
422,https://bsky.app/profile/dominaludorum.bsky.social/post/3mme3ylmjz22e,at://did:plc:pihzys6zqlngjtuwkjp267ii/app.bsky.feed.post/3mme3ylmjz22e,bafyreigr4a7icblbyul2twmkzhtin4futbtwazzbg5dgxynd3asfxsv4sa,dominaludorum.bsky.social,did:plc:pihzys6zqlngjtuwkjp267ii,2026-05-21T09:25:09.932Z,"It's this labeler!

bsky.app/profile/stec...

You can follow it and configure it to pick out criteria to notify you of, and yeah, it's been very helpful to find out bots, or otherwise people who have poster's madness.",reply,at://did:plc:zf2fvvhukl7n7up7stnr2bv5/app.bsky.feed.post/3mme3s5z3zc2z,at://did:plc:pihzys6zqlngjtuwkjp267ii/app.bsky.feed.post/3mmdkpcgnmc2i,en,1,0,1,0,official mention,2026-06-26T14:05:00.228985+00:00,bsky.app/profile/stec,False,en,2026-06-26T14:06:34.776511+00:00,ok,,,,,
423,https://bsky.app/profile/crissakentavr.bsky.social/post/3mmcw4pshqc2i,at://did:plc:jbwxai6k52bd2jl7i6k3knsx/app.bsky.feed.post/3mmcw4pshqc2i,bafyreickjqyn47ssqgv6v5ynamteonp5ej66vwqphye5m2oqdbkskiyx2u,crissakentavr.bsky.social,did:plc:jbwxai6k52bd2jl7i6k3knsx,2026-05-20T22:07:26.349Z,"Exactly!  50 is like, two warning labels up on bsky.app/profile/stec...",reply,at://did:plc:xysfnyw4ziozad7mwuiuhr7e/app.bsky.feed.post/3mm5aukiwk22y,at://did:plc:vi2grzfali5xn5rh2ny2n4d4/app.bsky.feed.post/3mm5ajdhy2k2e,en,1,0,0,0,official mention,2026-06-26T14:05:00.228985+00:00,bsky.app/profile/stec,False,en,2026-06-26T14:06:34.776511+00:00,ok,,,,,
424,https://bsky.app/profile/lambdachro.bsky.social/post/3mm7sxbtbvs25,at://did:plc:jvx7pavqnhvqehw2wjf2n7lo/app.bsky.feed.post/3mm7sxbtbvs25,bafyreigb74og7zi6nkskox5gnq4eoabydkvxakgngntw6y4okadfxs6hdm,lambdachro.bsky.social,did:plc:jvx7pavqnhvqehw2wjf2n7lo,2026-05-19T16:32:43.483Z,bsky.app/profile/stec...,post,,,fr,0,0,0,0,official mention,2026-06-26T14:05:00.228985+00:00,bsky.app/profile/stec,False,unknown,2026-06-26T14:06:34.776511+00:00,ok,,,,,
425,https://bsky.app/profile/piedrocx.bsky.social/post/3mm7cpx6vjs2g,at://did:plc:7gs5gqfrk6ywu2x3febc6tiy/app.bsky.feed.post/3mm7cpx6vjs2g,bafyreie7ri2lir24gpg3kwlzm36g7jpbzswlvnvzzidn74e53vgiyocv2i,piedrocx.bsky.social,did:plc:7gs5gqfrk6ywu2x3febc6tiy,2026-05-19T11:42:17.580Z,"está mais perto de vc do que imagina kkkkk 
depois q eu comecei a usar esse labler eu me surpreendi com gnt q posta mais de 100x no dia 

bsky.app/profile/stec...",reply,at://did:plc:dyefqlh3bxv3ounu7l2dbjer/app.bsky.feed.post/3mm7cbcrr6s2p,at://did:plc:vlhae4apk56tqfidzo7rc7jh/app.bsky.feed.post/3mm7bx4qb4k2u,pt,0,0,0,0,official mention,2026-06-26T14:05:00.228985+00:00,bsky.app/profile/stec,False,pt,2026-06-26T14:06:34.776511+00:00,ok,,,,,
426,https://bsky.app/profile/slop.guru/post/3mlxsryc6dk2b,at://did:plc:m35vbufs3p776tqijqcreg2k/app.bsky.feed.post/3mlxsryc6dk2b,bafyreignbkehl7apljt4fius5yxyb3qdvo7zulf4leyc3yxnd4ooxir5lm,slop.guru,did:plc:m35vbufs3p776tqijqcreg2k,2026-05-16T12:08:27.807Z,this labeler from cornell: bsky.app/profile/stec...,reply,at://did:plc:ilco332bup6bva7l322ijf4g/app.bsky.feed.post/3mlx2irlvks2d,at://did:plc:m35vbufs3p776tqijqcreg2k/app.bsky.feed.post/3mlconn52ec22,en,1,0,1,0,official mention,2026-06-26T14:05:00.228985+00:00,bsky.app/profile/stec,False,en,2026-06-26T14:06:34.776511+00:00,ok,,,,,
427,https://bsky.app/profile/mjelectriz.bsky.social/post/3mls6tbpujk2x,at://did:plc:45yurxiw6g3fzowoov73xrkm/app.bsky.feed.post/3mls6tbpujk2x,bafyreiextlkeaxdmq6r4sl3qqz37dqteyhwvgyfavdogrgwtclegkbqhem,mjelectriz.bsky.social,did:plc:45yurxiw6g3fzowoov73xrkm,2026-05-14T06:27:57.717Z,"Es este labeler 

bsky.app/profile/stec...",reply,at://did:plc:5dsjqltxtsnb5vjmhcmwgvew/app.bsky.feed.post/3mls5wukhbc2m,at://did:plc:45yurxiw6g3fzowoov73xrkm/app.bsky.feed.post/3mlrch6jw3c2x,es,2,0,1,0,official mention,2026-06-26T14:05:00.228985+00:00,bsky.app/profile/stec,False,es,2026-06-26T14:06:34.776511+00:00,ok,,,,,
428,https://bsky.app/profile/bigfez.bsky.social/post/3mlrgkv47r22q,at://did:plc:crii7q273wotczrzfrd3m4yr/app.bsky.feed.post/3mlrgkv47r22q,bafyreihm5jxf65zsmv7lbqui72wtogul7sk66mg4b4axjkxnqejqfds3ya,bigfez.bsky.social,did:plc:crii7q273wotczrzfrd3m4yr,2026-05-13T23:13:46.252Z,"I have found this labeller quite useful:
bsky.app/profile/stec...",reply,at://did:plc:xurjtu2wa2akyi64gab34ahg/app.bsky.feed.post/3mlraik5mt22q,at://did:plc:xurjtu2wa2akyi64gab34ahg/app.bsky.feed.post/3mlpqitf6fc2q,en,0,0,1,0,official mention,2026-06-26T14:05:00.228985+00:00,bsky.app/profile/stec,False,en,2026-06-26T14:06:34.776511+00:00,ok,,,,,
429,https://bsky.app/profile/mjelectriz.bsky.social/post/3mlrebzf64k2g,at://did:plc:45yurxiw6g3fzowoov73xrkm/app.bsky.feed.post/3mlrebzf64k2g,bafyreifnuea5c4ynvs3bjei237bacl6h4zwlwpbsrzecq7zlf4dgicvob4,mjelectriz.bsky.social,did:plc:45yurxiw6g3fzowoov73xrkm,2026-05-13T22:33:01.265Z,"This one

bsky.app/profile/stec...",reply,at://did:plc:kqs2qgrivzumqwtqehcfli7r/app.bsky.feed.post/3mlrdwphks22a,at://did:plc:kqs2qgrivzumqwtqehcfli7r/app.bsky.feed.post/3mlrdwphks22a,es,0,0,1,0,official mention,2026-06-26T14:05:00.228985+00:00,bsky.app/profile/stec,False,en,2026-06-26T14:06:34.776511+00:00,ok,,,,,
430,https://bsky.app/profile/girl-fighter.bsky.social/post/3mlqn365xqk2z,at://did:plc:6r5zldyoq4jgferucsztvfko/app.bsky.feed.post/3mlqn365xqk2z,bafyreifswr5qud73bd75hculg66r34herdz67tei4r52ci4qfmorh45elu,girl-fighter.bsky.social,did:plc:6r5zldyoq4jgferucsztvfko,2026-05-13T15:37:35.330Z,some of them are too easy to trigger but “unfollowed 1000 yesterday” is so good for noticing junk accounts bsky.app/profile/stec...,reply,at://did:plc:52mvdatwvaojmlt4oiozawwy/app.bsky.feed.post/3mlqmx7k6jc2o,at://did:plc:52mvdatwvaojmlt4oiozawwy/app.bsky.feed.post/3mlqmx7k6jc2o,en,3,0,1,0,official mention,2026-06-26T14:05:00.228985+00:00,bsky.app/profile/stec,False,en,2026-06-26T14:06:34.776511+00:00,ok,,,,,
431,https://bsky.app/profile/tiffanyleigh.bsky.social/post/3mlqiuzgc4k2d,at://did:plc:v2i25uvial3o2j33yozcv6ot/app.bsky.feed.post/3mlqiuzgc4k2d,bafyreie4vwningm5yzilbiopa4k7ysao7pp7zbgiehs6lx2ga223jvi7yi,tiffanyleigh.bsky.social,did:plc:v2i25uvial3o2j33yozcv6ot,2026-05-13T14:22:34.055Z,"Link to the labeler is here 
bsky.app/profile/stec...",reply,at://did:plc:v2i25uvial3o2j33yozcv6ot/app.bsky.feed.post/3mlqiuzfwfk2d,at://did:plc:v2i25uvial3o2j33yozcv6ot/app.bsky.feed.post/3mlqiuzfwfk2d,en,1,0,1,0,official mention,2026-06-26T14:05:00.228985+00:00,bsky.app/profile/stec,False,en,2026-06-26T14:06:34.776511+00:00,ok,,,,,
432,https://bsky.app/profile/raichana.bsky.social/post/3mlq3z2ixi22o,at://did:plc:ssdcn5wacn4zasyl24evdjvg/app.bsky.feed.post/3mlq3z2ixi22o,bafyreih2ih5lp3pfp5nwqkgu6dlqsq3fgt7vm72zrjb4b6afjflwiec3pm,raichana.bsky.social,did:plc:ssdcn5wacn4zasyl24evdjvg,2026-05-13T10:32:10.776Z,"bsky.app/profile/stec... is the labeller! Its nice and customizable and a good heads up of possible bot/scam/follow 4 follow acticity
I mostly use the mass unfollow or changed profile info/user name flags",reply,at://did:plc:3qgvmz4qpasp2s7i2b6oehcy/app.bsky.feed.post/3mlpg52q7cs2g,at://did:plc:ssdcn5wacn4zasyl24evdjvg/app.bsky.feed.post/3mlpazazuc22o,en,1,1,1,0,official mention,2026-06-26T14:05:00.228985+00:00,bsky.app/profile/stec,False,en,2026-06-26T14:06:34.776511+00:00,ok,,,,,
433,https://bsky.app/profile/jomot.bsky.social/post/3mleqql2fuc2e,at://did:plc:kxneb3oy2lcehy6kpsdswxf6/app.bsky.feed.post/3mleqql2fuc2e,bafyreibxzif3yqyppoyrk3r7abd67dsxk5w2qy7ltzerm7cffwkbulisly,jomot.bsky.social,did:plc:kxneb3oy2lcehy6kpsdswxf6,2026-05-08T22:11:17.853Z,"Aquela de atividades da conta

bsky.app/profile/stec...",reply,at://did:plc:s7yl26wnv47ppv3frpobaft3/app.bsky.feed.post/3mlek4aeqtk2x,at://did:plc:kxneb3oy2lcehy6kpsdswxf6/app.bsky.feed.post/3mk7b5oo46s2n,"an,av,pt",0,0,1,0,official mention,2026-06-26T14:05:00.228985+00:00,bsky.app/profile/stec,False,pt,2026-06-26T14:06:34.776511+00:00,ok,,,,,
434,https://bsky.app/profile/fimoseosbourne.bsky.social/post/3mlecpdhifc2u,at://did:plc:zjgzdqej4b5ay4ccolsjzyle/app.bsky.feed.post/3mlecpdhifc2u,bafyreihj72fhi5rg2uacywx22gi3xzj5j3ranfep2p4n34k64fo2rxcoxi,fimoseosbourne.bsky.social,did:plc:zjgzdqej4b5ay4ccolsjzyle,2026-05-08T18:00:03.953Z,"mais uma vez vendo que a pauta do dia é uma conta ilegitima com comportamento suspeito e espalhando a palavra do rotulador de contas:

bsky.app/profile/stec...",quote,,,pt,6,1,1,0,official mention,2026-06-26T14:05:00.228985+00:00,bsky.app/profile/stec,False,pt,2026-06-26T14:06:34.776511+00:00,ok,,,,,
435,https://bsky.app/profile/loveshy.icu/post/3mlebf7r7es24,at://did:plc:52ailkaueiomks7deesbo4uq/app.bsky.feed.post/3mlebf7r7es24,bafyreidn7swovvqc272udg3thfct4qsl3ogl6oz25quum67ck3j2d5ohmq,loveshy.icu,did:plc:52ailkaueiomks7deesbo4uq,2026-05-08T17:36:30.790Z,I come bearing gifts bsky.app/profile/stec...,reply,at://did:plc:6tug5iys7tltqdu454u3kond/app.bsky.feed.post/3mleabib72226,at://did:plc:vszw3ess46odfhnzdsy4huae/app.bsky.feed.post/3mldylwqnf22e,en,2,0,0,0,official mention,2026-06-26T14:05:00.228985+00:00,bsky.app/profile/stec,False,en,2026-06-26T14:06:34.776511+00:00,ok,,,,,
436,https://bsky.app/profile/skylorbeck.website/post/3mlbxsg7gec2d,at://did:plc:wvepxyvahpawnjlzvsqlxemc/app.bsky.feed.post/3mlbxsg7gec2d,bafyreid7g2wugtisdksj2hjsj7uaqtnm7v5rm6vadhnvuzqviz6ttm4yqu,skylorbeck.website,did:plc:wvepxyvahpawnjlzvsqlxemc,2026-05-07T19:39:36.861Z,bsky.app/profile/stec...,reply,at://did:plc:khx74ydks4kc2z4vxg4gfma7/app.bsky.feed.post/3mlbqpkslfs2a,at://did:plc:wvepxyvahpawnjlzvsqlxemc/app.bsky.feed.post/3mlbhee3xfs2q,en,1,0,1,0,official mention,2026-06-26T14:05:00.228985+00:00,bsky.app/profile/stec,False,unknown,2026-06-26T14:06:34.776511+00:00,ok,,,,,
437,https://bsky.app/profile/aparker.io/post/3mkzv7bngc22v,at://did:plc:gttrfs4hfmrclyxvwkwcgpj7/app.bsky.feed.post/3mkzv7bngc22v,bafyreicsio3am55cswcxtbn4krydar3ixqpkhjeazc6fkradv2r7hyohgm,aparker.io,did:plc:gttrfs4hfmrclyxvwkwcgpj7,2026-05-04T14:31:49.152Z,anyone know what happened to bsky.app/profile/stec...,post,,,en,4,1,1,0,official mention,2026-06-26T14:05:00.228985+00:00,bsky.app/profile/stec,False,en,2026-06-26T14:06:34.776511+00:00,ok,,,,,
438,https://bsky.app/profile/squirrelloot.bsky.social/post/3mkta6a7cnk27,at://did:plc:34fuhgncldgvpl43x6e4bjt4/app.bsky.feed.post/3mkta6a7cnk27,bafyreifqjd4dzhsmu34mantxeqblm3zsa77y42otuhdinudjbj6lk4rwnu,squirrelloot.bsky.social,did:plc:34fuhgncldgvpl43x6e4bjt4,2026-05-01T22:59:27.078Z,"Interesting labeler passed on by a friend

bsky.app/profile/stec...",post,,,en,1,0,0,0,official mention,2026-06-26T14:05:00.228985+00:00,bsky.app/profile/stec,False,en,2026-06-26T14:06:34.776511+00:00,ok,,,,,
439,https://bsky.app/profile/thermohellfire.bsky.social/post/3mkt24kaskc2d,at://did:plc:dnsev6lwzbyepaj6hv5ktmqk/app.bsky.feed.post/3mkt24kaskc2d,bafyreiedszigbcz2qzxtisadsluwfzpeqqwsiv4en7tizaobw5efoxm7ia,thermohellfire.bsky.social,did:plc:dnsev6lwzbyepaj6hv5ktmqk,2026-05-01T21:11:08.052Z,"bsky.app/profile/stec... one GOOD tool i use is this labeler. if someone's posting over 100 times a day they're probably not a real person and if they're real, do you really want to interact with Poasters Georg who posts 90,000 times a day, is an outlier and never should've been counte?",quote,,,en,4,0,0,0,official mention,2026-06-26T14:05:00.228985+00:00,bsky.app/profile/stec,False,en,2026-06-26T14:06:34.776511+00:00,ok,,,,,
440,https://bsky.app/profile/pica.media/post/3mksrdts5gs2b,at://did:plc:ifhlrzskcmspwyuzhjld65mr/app.bsky.feed.post/3mksrdts5gs2b,bafyreigjith2j67hr3sanvs3b24wu3zmzmarlwkt4ahoeduz2h466vpp4i,pica.media,did:plc:ifhlrzskcmspwyuzhjld65mr,2026-05-01T18:34:09.263Z,"Aliás, muito útil meu bot favorito kkkk

bsky.app/profile/stec...",reply,at://did:plc:3gkot4qq3uzuvubg6hjnio4n/app.bsky.feed.post/3mkr6iutufs26,at://did:plc:3gkot4qq3uzuvubg6hjnio4n/app.bsky.feed.post/3mkr6iutufs26,pt,1,0,1,0,official mention,2026-06-26T14:05:00.228985+00:00,bsky.app/profile/stec,False,unknown,2026-06-26T14:06:34.776511+00:00,ok,,,,,
441,https://bsky.app/profile/rich.lafferty.ca/post/3mkq25rvo622c,at://did:plc:jldsdoe5mqnqgqcgqdrs44av/app.bsky.feed.post/3mkq25rvo622c,bafyreihcvo6knlmqfdlptoof5qkpclcczguvw4625jdsf2hinnvejcnnem,rich.lafferty.ca,did:plc:jldsdoe5mqnqgqcgqdrs44av,2026-04-30T16:33:49.559Z,"btw it is this labeler which is excellent (run by Cornell researchers!) 

bsky.app/profile/stec...",reply,at://did:plc:jldsdoe5mqnqgqcgqdrs44av/app.bsky.feed.post/3mkq25r3jas2c,at://did:plc:5ggrdjcno27omroqpqljpqqp/app.bsky.feed.post/3mkpawa4gxc2u,en,6,0,1,0,official mention,2026-06-26T14:05:00.228985+00:00,bsky.app/profile/stec,False,en,2026-06-26T14:06:34.776511+00:00,ok,,,,,
442,https://bsky.app/profile/candice.eastcoastcandice.com/post/3mkppxbpqr227,at://did:plc:yfrcctkzzyl7davc7cwunon6/app.bsky.feed.post/3mkppxbpqr227,bafyreiccur434fszns2u6sy5nezooln3iilpiqdrt2himpjzk4dq2pu7ly,candice.eastcoastcandice.com,did:plc:yfrcctkzzyl7davc7cwunon6,2026-04-30T13:31:14.699Z,"I asked him last night, it's bsky.app/profile/stec... 

Just subscribe and it will give you the same data, all except the bluesky elder tag one.",reply,at://did:plc:qjkfxe5ey3xblz4xl3s773sk/app.bsky.feed.post/3mkp76vtq622i,at://did:plc:jldsdoe5mqnqgqcgqdrs44av/app.bsky.feed.post/3mkokk6prl22j,en,3,0,0,0,official mention,2026-06-26T14:05:00.228985+00:00,bsky.app/profile/stec,False,en,2026-06-26T14:06:34.776511+00:00,ok,,,,,
443,https://bsky.app/profile/aftd.dev/post/3mkou5dopus24,at://did:plc:xkgokneb3dqrgv55j2yxxont/app.bsky.feed.post/3mkou5dopus24,bafyreigpbysnz2gilahivgb5jvjm6pvqlpkucqtl54dapwfarkrqfunh3q,aftd.dev,did:plc:xkgokneb3dqrgv55j2yxxont,2026-04-30T05:13:33.307Z,My hot take is that bsky.app/profile/stec... labels should be on by default for everyone.,reply,at://did:plc:trqqcu6a3xwkmserqrohveu5/app.bsky.feed.post/3mkoq2uibms2f,at://did:plc:trqqcu6a3xwkmserqrohveu5/app.bsky.feed.post/3mkoq2uibms2f,en,0,0,1,0,official mention,2026-06-26T14:05:00.228985+00:00,bsky.app/profile/stec,True,en,2026-06-26T14:06:34.776511+00:00,ok,,,,,
444,https://bsky.app/profile/joy.bleak.life/post/3mkorzz2e7s2q,at://did:plc:ypnnp56jnn4b5gkqmeoshdmp/app.bsky.feed.post/3mkorzz2e7s2q,bafyreigqjwlhrqfhvlvvqu3txwdc33gbpk3acckhqd36feut6mradcgyyi,joy.bleak.life,did:plc:ypnnp56jnn4b5gkqmeoshdmp,2026-04-30T04:35:54.018Z,Shout out to the Cornel Uni labeller for detecting stuff like this bsky.app/profile/stec...,reply,at://did:plc:ypnnp56jnn4b5gkqmeoshdmp/app.bsky.feed.post/3mkortae3qc2q,at://did:plc:trqqcu6a3xwkmserqrohveu5/app.bsky.feed.post/3mkopp6tejs2f,en,0,0,0,0,official mention,2026-06-26T14:05:00.228985+00:00,bsky.app/profile/stec,False,en,2026-06-26T14:06:34.776511+00:00,ok,,,,,
445,https://bsky.app/profile/breadsticc.art/post/3mknhwzrr5k2v,at://did:plc:j4iszdg72q3cd2mhavc6ajmf/app.bsky.feed.post/3mknhwzrr5k2v,bafyreiahvqnzo2dot3up5oi2tmg5wtdtnpf64nh7wfz6ziws2un2xkwxzi,breadsticc.art,did:plc:j4iszdg72q3cd2mhavc6ajmf,2026-04-29T16:02:36.964Z,"This is the labeler in the screenshot: 
bsky.app/profile/stec...

This is another labeler I recommend, good for spotting bots: 
bsky.app/profile/prof...",reply,at://did:plc:oj2mpk4rtthdjxezvieyew7j/app.bsky.feed.post/3mknh7snt5c2t,at://did:plc:j4iszdg72q3cd2mhavc6ajmf/app.bsky.feed.post/3mkngu77jss2v,en,3,2,1,0,official mention,2026-06-26T14:05:00.228985+00:00,bsky.app/profile/stec,False,en,2026-06-26T14:06:34.776511+00:00,ok,,,,,
446,https://bsky.app/profile/khthoniaa.bsky.social/post/3mklosixuws2a,at://did:plc:b6enskf433t4taqluyerhzpx/app.bsky.feed.post/3mklosixuws2a,bafyreicds7axtovwpnddqc3crjkoddn2flg4wguraevm2asy5y4a7qeaoa,khthoniaa.bsky.social,did:plc:b6enskf433t4taqluyerhzpx,2026-04-28T23:00:01.840Z,"This one is also helpful: It's an automatic labeler that detects spammy activity and labels other accounts accordingly:

bsky.app/profile/stec...",reply,at://did:plc:b6enskf433t4taqluyerhzpx/app.bsky.feed.post/3mkloqn7llc2a,at://did:plc:b6enskf433t4taqluyerhzpx/app.bsky.feed.post/3mklo73rik22a,en,2,0,1,0,official mention,2026-06-26T14:05:00.228985+00:00,bsky.app/profile/stec,False,en,2026-06-26T14:06:34.776511+00:00,ok,,,,,
447,https://bsky.app/profile/stoffeloni.bsky.social/post/3mkkno7erpk2v,at://did:plc:rg56xpxubk2xdkm57jcih532/app.bsky.feed.post/3mkkno7erpk2v,bafyreifidbj2czv5z3swrxdc7rlf5tyecesjdxi7x3rlflovx6dyxlga7a,stoffeloni.bsky.social,did:plc:rg56xpxubk2xdkm57jcih532,2026-04-28T13:07:04.079Z,HAAAAhahahah achso bsky.app/profile/stec...,reply,at://did:plc:pu5wyr3ijuh644xn53nvyfaf/app.bsky.feed.post/3mkknnatszc2y,at://did:plc:rg56xpxubk2xdkm57jcih532/app.bsky.feed.post/3mkkn3erxvs2v,de,1,0,1,0,official mention,2026-06-26T14:05:00.228985+00:00,bsky.app/profile/stec,False,so,2026-06-26T14:06:34.776511+00:00,ok,,,,,
448,https://bsky.app/profile/jtrofe.com/post/3mkkjqmv35c2i,at://did:plc:6c4ieafkid6qzfq6626yt463/app.bsky.feed.post/3mkkjqmv35c2i,bafyreidvq5xxfnc26yboccdriduqs7f4vu52mppamsrxjhbc7kqsh76t5y,jtrofe.com,did:plc:6c4ieafkid6qzfq6626yt463,2026-04-28T11:56:50.385Z,"You're clean, it's a labeler for people who post a lot

bsky.app/profile/stec...",reply,at://did:plc:iraauv5jp2mavnqdveeka6pp/app.bsky.feed.post/3mkkjkxnk6k2n,at://did:plc:6c4ieafkid6qzfq6626yt463/app.bsky.feed.post/3mkkigbrmbs2i,en,4,0,4,0,official mention,2026-06-26T14:05:00.228985+00:00,bsky.app/profile/stec,False,en,2026-06-26T14:06:34.776511+00:00,ok,,,,,
449,https://bsky.app/profile/selphie.etheirys.social/post/3mkj2m7erm22m,at://did:plc:jap3ln6gmgq7sjpivwyf46lt/app.bsky.feed.post/3mkj2m7erm22m,bafyreih2fzwkh6mhffbitxssim6cm7aew2k47bxm7djxnvff3hb45h4ulm,selphie.etheirys.social,did:plc:jap3ln6gmgq7sjpivwyf46lt,2026-04-27T21:53:16.136Z,It is this labeler! bsky.app/profile/stec...,reply,at://did:plc:icpzy26sdwuah74uywhvgnaz/app.bsky.feed.post/3mkj2jmhidc2p,at://did:plc:jap3ln6gmgq7sjpivwyf46lt/app.bsky.feed.post/3mkiox4pdec2c,en,1,1,1,0,official mention,2026-06-26T14:05:00.228985+00:00,bsky.app/profile/stec,False,en,2026-06-26T14:06:34.776511+00:00,ok,,,,,
450,https://bsky.app/profile/allcapsnospaces.bsky.social/post/3mki3hc7jmc2b,at://did:plc:gzs2qzidsrjfg5jgxqtbyabx/app.bsky.feed.post/3mki3hc7jmc2b,bafyreibvn6arjgthb4miiupz4bzz2lur6ebsm2l35ykflli2uxbuzkzcnq,allcapsnospaces.bsky.social,did:plc:gzs2qzidsrjfg5jgxqtbyabx,2026-04-27T12:35:45.341Z,"Als Werkzeug finde ich account labeler ganz hilfreich, auch wenn  die immer angepasst werden müssen. 
Zb:
bsky.app/profile/stec...
Die zig Varianten von ""replies often"" sind bei mir aus, aber zu sehen wenn jemand 50+ posts am Tag raus haut, hilft mir hin und wieder zu sehen wie die Leute arbeiten.",reply,at://did:plc:7tqeczmppbudmdnewcpu7ghe/app.bsky.feed.post/3mkhhq2ozvk2w,at://did:plc:oe4vskam5doey56hnuxhhpss/app.bsky.feed.post/3mkhh6mt2a223,de,0,0,0,0,official mention,2026-06-26T14:05:00.228985+00:00,bsky.app/profile/stec,False,de,2026-06-26T14:06:34.776511+00:00,ok,,,,,
451,https://bsky.app/profile/debmerriam.bsky.social/post/3mkfy2lmhd226,at://did:plc:6nslcl2akmro7c62dxcrmfax/app.bsky.feed.post/3mkfy2lmhd226,bafyreigiqjt534y6wrcy7bieb5ez2gu7ztx5n2ynjugy22tyotzhefc3yi,debmerriam.bsky.social,did:plc:6nslcl2akmro7c62dxcrmfax,2026-04-26T16:29:38.293Z,Here is a direct link to the Account Activity Labeller: bsky.app/profile/stec...,reply,at://did:plc:6nslcl2akmro7c62dxcrmfax/app.bsky.feed.post/3mkfxxsvxc226,at://did:plc:6nslcl2akmro7c62dxcrmfax/app.bsky.feed.post/3mkfxxsvdr226,en,1,0,0,0,official mention,2026-06-26T14:05:00.228985+00:00,bsky.app/profile/stec,False,en,2026-06-26T14:06:34.776511+00:00,ok,,,,,
452,https://bsky.app/profile/echoisweird.shop/post/3mkfugjgl422v,at://did:plc:psy3ot336muc3w6w6wx4ryqa/app.bsky.feed.post/3mkfugjgl422v,bafyreig3mckwm7fve5pzdv3fkhvjjm57rih4peg6gn4omcf67d6ofi5yj4,echoisweird.shop,did:plc:psy3ot336muc3w6w6wx4ryqa,2026-04-26T15:24:43.687Z,"This thing has helped me block/mute SO MANY spam accounts that float across my feed. It just shows you when an account posts like 50 times a day:

bsky.app/profile/stec...",post,,,en,61,11,2,0,official mention,2026-06-26T14:05:00.228985+00:00,bsky.app/profile/stec,False,en,2026-06-26T14:06:34.776511+00:00,ok,,,,,
453,https://bsky.app/profile/clockvaudeville.bsky.social/post/3mkbqnl52yk2s,at://did:plc:nanydn6fyd2qrav4xzg6dnoh/app.bsky.feed.post/3mkbqnl52yk2s,bafyreigictwqc44rnmsxuucckeoyesos32jxk7n2xhy5mo4c44q2qc7y2q,clockvaudeville.bsky.social,did:plc:nanydn6fyd2qrav4xzg6dnoh,2026-04-25T00:06:26.435Z,bsky.app/profile/stec...,reply,at://did:plc:rlmaerw47rbff7f7n7lmelka/app.bsky.feed.post/3mkbqeiff7s2n,at://did:plc:rlmaerw47rbff7f7n7lmelka/app.bsky.feed.post/3mkbpnukp622n,en,1,0,0,0,official mention,2026-06-26T14:05:00.228985+00:00,bsky.app/profile/stec,False,unknown,2026-06-26T14:06:34.776511+00:00,ok,,,,,
454,https://bsky.app/profile/kelestrian.bsky.social/post/3mkaovwtwns2i,at://did:plc:gzt5tnme73omm6pqly5qy2au/app.bsky.feed.post/3mkaovwtwns2i,bafyreihfiel2z4vjri2i54a45d436lq22odhexwyooioc7nydmy5wn2nke,kelestrian.bsky.social,did:plc:gzt5tnme73omm6pqly5qy2au,2026-04-24T14:02:39.931Z,bsky.app/profile/stec...,reply,at://did:plc:ysfr5ddjy6sslthhuh2nnql4/app.bsky.feed.post/3mkaovyokn22k,at://did:plc:ysfr5ddjy6sslthhuh2nnql4/app.bsky.feed.post/3mkadz235622p,en,0,0,0,0,official mention,2026-06-26T14:05:00.228985+00:00,bsky.app/profile/stec,False,unknown,2026-06-26T14:06:34.776511+00:00,ok,,,,,
455,https://bsky.app/profile/ghanito.eurosky.social/post/3mk7ylybe7s2o,at://did:plc:vcxc6q7api5gd235xuwg4tvu/app.bsky.feed.post/3mk7ylybe7s2o,bafyreihvcksgiql2fhzusqtj6gjpmpswj34ekirjcuseoc5j76tkpfrima,ghanito.eurosky.social,did:plc:vcxc6q7api5gd235xuwg4tvu,2026-04-24T07:23:23.555Z,"Esta ferramenta serve para ver cousas que fai xente con moito vicio.
Poden ser xente de ben todo o día online ou bots.
Hai pouco descubrín que tamén vale para sacarlle as cores a eses que seguen as centos de contas para ver se lle fan follow back e despois fan unfollow.
bsky.app/profile/stec...",post,,,gl,4,0,1,0,official mention,2026-06-26T14:05:00.228985+00:00,bsky.app/profile/stec,False,es,2026-06-26T14:06:34.776511+00:00,ok,,,,,
456,https://bsky.app/profile/hexadecibelle.fyi/post/3mk3egfvygk27,at://did:plc:d7ngvhti66ppiser2eplbpw6/app.bsky.feed.post/3mk3egfvygk27,bafyreia2sgzbrccsx2kztquekvfd6zuaty5fpfmneomc5bagcpu73bcifq,hexadecibelle.fyi,did:plc:d7ngvhti66ppiser2eplbpw6,2026-04-22T11:11:42.746Z,"this one?

bsky.app/profile/stec...",reply,at://did:plc:lwuxfdikvtkzsxflyg2xlksu/app.bsky.feed.post/3mk3e6mqqus2s,at://did:plc:lwuxfdikvtkzsxflyg2xlksu/app.bsky.feed.post/3mk3e6mqqus2s,en,0,0,1,0,official mention,2026-06-26T14:05:00.228985+00:00,bsky.app/profile/stec,False,en,2026-06-26T14:06:34.776511+00:00,ok,,,,,
457,https://bsky.app/profile/mxsaturn.gay/post/3mk23ffwp4225,at://did:plc:43vnjgtrf7m65vwkt3ciec2g/app.bsky.feed.post/3mk23ffwp4225,bafyreifadzaqyxzhwukmpjjedww3hv46rpm76wwu6ssjcmwq7mohrzj7wi,mxsaturn.gay,did:plc:43vnjgtrf7m65vwkt3ciec2g,2026-04-21T22:57:25.800Z,here you go! bsky.app/profile/stec...,reply,at://did:plc:b6enskf433t4taqluyerhzpx/app.bsky.feed.post/3mk23dbz2hk2x,at://did:plc:43vnjgtrf7m65vwkt3ciec2g/app.bsky.feed.post/3mk22vur5n225,en,2,0,1,0,official mention,2026-06-26T14:05:00.228985+00:00,bsky.app/profile/stec,False,unknown,2026-06-26T14:06:34.776511+00:00,ok,,,,,
458,https://bsky.app/profile/breadsticc.art/post/3mjv5ucndq22r,at://did:plc:j4iszdg72q3cd2mhavc6ajmf/app.bsky.feed.post/3mjv5ucndq22r,bafyreiapwjpeslq7x6y2eibfaochnavv5upzpaskb4e44lxavgot46u3em,breadsticc.art,did:plc:j4iszdg72q3cd2mhavc6ajmf,2026-04-19T23:58:14.457Z,"Labeler is this one btw: 
bsky.app/profile/stec...",reply,at://did:plc:j4iszdg72q3cd2mhavc6ajmf/app.bsky.feed.post/3mjv5sjbhok2r,at://did:plc:j4iszdg72q3cd2mhavc6ajmf/app.bsky.feed.post/3mjv5sjbhok2r,en,7,2,3,0,official mention,2026-06-26T14:05:00.228985+00:00,bsky.app/profile/stec,False,en,2026-06-26T14:06:34.776511+00:00,ok,,,,,
459,https://bsky.app/profile/michaelbishop.me/post/3mjsm5emqpk2z,at://did:plc:ulxk572dnu5v56yssqyupulk/app.bsky.feed.post/3mjsm5emqpk2z,bafyreibmjguyznuscw5clqvux7qwxm3vw26d3tz323bo4dzmlovx3hu55i,michaelbishop.me,did:plc:ulxk572dnu5v56yssqyupulk,2026-04-18T23:35:51.694Z,This is the labeler bsky.app/profile/stec...,reply,at://did:plc:ulxk572dnu5v56yssqyupulk/app.bsky.feed.post/3mjsm3kngls2z,at://did:plc:ulxk572dnu5v56yssqyupulk/app.bsky.feed.post/3mjsm3kngls2z,en,0,0,0,0,official mention,2026-06-26T14:05:00.228985+00:00,bsky.app/profile/stec,False,en,2026-06-26T14:06:34.776511+00:00,ok,,,,,
460,https://bsky.app/profile/swizzard.pizza/post/3mjowpiz4ek2w,at://did:plc:xydueznukwpv3esjwcexd676/app.bsky.feed.post/3mjowpiz4ek2w,bafyreieawfxplqpiazgu5z4ae6clmedgpa6kyqutvhl463a57xyr2nag7a,swizzard.pizza,did:plc:xydueznukwpv3esjwcexd676,2026-04-17T12:34:18.739Z,that's not bsky official that's bsky.app/profile/stec...,reply,at://did:plc:rhwy5nosamjx5wvk4sx6avxu/app.bsky.feed.post/3mjowht4t7k24,at://did:plc:rhwy5nosamjx5wvk4sx6avxu/app.bsky.feed.post/3mjowgpq36224,en,0,0,1,0,official mention,2026-06-26T14:05:00.228985+00:00,bsky.app/profile/stec,False,en,2026-06-26T14:06:34.776511+00:00,ok,,,,,
461,https://bsky.app/profile/foxgrrl.bsky.social/post/3mjma6b6wpk27,at://did:plc:g6upn5vo6kbqffgtdo32hnoi/app.bsky.feed.post/3mjma6b6wpk27,bafyreidzaacymtxljtvuz6zqdcdr3mps27tt23cqxe5ibjmflkc4jje6dy,foxgrrl.bsky.social,did:plc:g6upn5vo6kbqffgtdo32hnoi,2026-04-16T10:45:38.318Z,"Subscribe to this:

bsky.app/profile/stec...",reply,at://did:plc:lfyt6rfngolzfxfdohddflfm/app.bsky.feed.post/3mjlw52dqps22,at://did:plc:uebh4o2jjus4nzvyv3pffssb/app.bsky.feed.post/3mjlcdrddzmuf,en,3,0,0,0,official mention,2026-06-26T14:05:00.228985+00:00,bsky.app/profile/stec,False,en,2026-06-26T14:06:34.776511+00:00,ok,,,,,
462,https://bsky.app/profile/redshiftsinger.bsky.social/post/3mjkpf5ujrs2p,at://did:plc:jtl6fplze2tg2no3pnxyjoyr/app.bsky.feed.post/3mjkpf5ujrs2p,bafyreig7sgjkbfrems2xizjteganjr6dzfnwgwczidnwytbroucgueh3ga,redshiftsinger.bsky.social,did:plc:jtl6fplze2tg2no3pnxyjoyr,2026-04-15T20:12:36.353Z,"bsky.app/profile/stec...

It’s very useful! Not all the labels indicate inauthentic activity to an equal degree, and of course honest bots (eg “posts photos of bugs every hour” bot that is labeled as such) aren’t a bad thing, but it adds context  at a glance to help evaluate credibility!",reply,at://did:plc:dyren5sjn344pufmhczacgi7/app.bsky.feed.post/3mjkp2kxgss2o,at://did:plc:njwcnt4qsdno2lhebdq34m2o/app.bsky.feed.post/3mjjqiqrfik2i,en,3,0,1,0,official mention,2026-06-26T14:05:00.228985+00:00,bsky.app/profile/stec,False,en,2026-06-26T14:06:34.776511+00:00,ok,,,,,
463,https://bsky.app/profile/vyxalion.bsky.social/post/3mjk7onh64s2b,at://did:plc:spek65dp7zlf3wskugztt6tz/app.bsky.feed.post/3mjk7onh64s2b,bafyreiegzxrokylbsr3biw457miizrtosfwks46b7svjlvvjbuqxaoicsq,vyxalion.bsky.social,did:plc:spek65dp7zlf3wskugztt6tz,2026-04-15T15:31:34.782Z,"Hey! Les follow farmers...
On vous voit!

Merci à ce labeler!
bsky.app/profile/stec...",post,,,fr,0,0,1,0,official mention,2026-06-26T14:05:00.228985+00:00,bsky.app/profile/stec,True,fr,2026-06-26T14:06:34.776511+00:00,ok,,,,,
464,https://bsky.app/profile/authorcaseywolfe.bsky.social/post/3mjigaluf5c2a,at://did:plc:3mfwrxonntoicblnx7577jp7/app.bsky.feed.post/3mjigaluf5c2a,bafyreiek4nj3cebbh4fluktm35o25dcu76todowrlnjhux4ecsq45rtzt4,authorcaseywolfe.bsky.social,did:plc:3mfwrxonntoicblnx7577jp7,2026-04-14T22:23:40.114Z,"AI Labeler:
bsky.app/profile/labe...

Account Activity Labeler:
bsky.app/profile/stec...",reply,at://did:plc:3mfwrxonntoicblnx7577jp7/app.bsky.feed.post/3mgdotuu6ic2t,at://did:plc:3mfwrxonntoicblnx7577jp7/app.bsky.feed.post/3mgdotutyms2t,en,2,0,0,0,official mention,2026-06-26T14:05:00.228985+00:00,bsky.app/profile/stec,False,en,2026-06-26T14:06:34.776511+00:00,ok,,,,,
465,https://bsky.app/profile/ninja4e20.bsky.social/post/3mjhoqn6sgk2c,at://did:plc:tgnchqzmoflbco4in2eg4eyy/app.bsky.feed.post/3mjhoqn6sgk2c,bafyreifojwu44j7e2hrqosow24esepqr4oy5t5fhjyfv6r5u3lju3s4odu,ninja4e20.bsky.social,did:plc:tgnchqzmoflbco4in2eg4eyy,2026-04-14T15:23:08.570Z,"Esse serviço aqui é interessante pra algumas coisas também
bsky.app/profile/stec...",reply,at://did:plc:xgwilwgow3m4qqpeqzurzmge/app.bsky.feed.post/3mjhodap4yk22,at://did:plc:xgwilwgow3m4qqpeqzurzmge/app.bsky.feed.post/3mjhodap4yk22,pt,2,0,1,1,official mention,2026-06-26T14:05:00.228985+00:00,bsky.app/profile/stec,False,pt,2026-06-26T14:06:34.776511+00:00,ok,,,,,
466,https://bsky.app/profile/drakonis.bsky.social/post/3mjhi2hbp4c2r,at://did:plc:gnqrgmjvo5iv6wtk7cbzafjh/app.bsky.feed.post/3mjhi2hbp4c2r,bafyreic7gujd2wvn4lnixkkkk6b3rfnlygsvbi2u2bhvaadipwcwxyshgu,drakonis.bsky.social,did:plc:gnqrgmjvo5iv6wtk7cbzafjh,2026-04-14T13:23:21.726Z,it's here btw. highly recommended for prompt evaluations of insincere pests and keyboard warriors bsky.app/profile/stec...,reply,at://did:plc:gnqrgmjvo5iv6wtk7cbzafjh/app.bsky.feed.post/3mjhhnr6x3c2r,at://did:plc:gnqrgmjvo5iv6wtk7cbzafjh/app.bsky.feed.post/3mjhhnr6x3c2r,en,1,0,0,0,official mention,2026-06-26T14:05:00.228985+00:00,bsky.app/profile/stec,False,en,2026-06-26T14:06:34.776511+00:00,ok,,,,,
467,https://bsky.app/profile/peddrinn.bsky.social/post/3mjg5yvas7k2d,at://did:plc:wqce3kqw24qjunovwcghkxvp/app.bsky.feed.post/3mjg5yvas7k2d,bafyreifgshoq26vrkrvwzml5bjilbmpd432ppdywvbit4dsx7eydkfnu5m,peddrinn.bsky.social,did:plc:wqce3kqw24qjunovwcghkxvp,2026-04-14T00:50:52.107Z,"É no próprio app msm, vc se inscreve no labeler e configura oq quer que ele te mostre

bsky.app/profile/stec...

Esse é oq eu to usando",reply,at://did:plc:td5d3uwxi6ep5kvg7d3pqrqo/app.bsky.feed.post/3mjg5utzea227,at://did:plc:wqce3kqw24qjunovwcghkxvp/app.bsky.feed.post/3mjg4txc7x22d,pt,1,0,1,0,official mention,2026-06-26T14:05:00.228985+00:00,bsky.app/profile/stec,False,pt,2026-06-26T14:06:34.776511+00:00,ok,,,,,
468,https://bsky.app/profile/mariegardiner.bsky.social/post/3mjc2xviqic2b,at://did:plc:nxanllsnda2w3lxcns2govzj/app.bsky.feed.post/3mjc2xviqic2b,bafyreidcqf7osl7jqdkwuzo2ppep7qssc5ee3jdbj5t6xjywsgvxwlhq7u,mariegardiner.bsky.social,did:plc:nxanllsnda2w3lxcns2govzj,2026-04-12T09:45:58.638Z,"On that, this labeller is really helpful for catching some of those types of accounts. You can see when people are changing their profile info often, following/unfollowing huge amounts of people, posting with no break across the day etc.

bsky.app/profile/stec...",quote,,,en,11,0,1,0,official mention,2026-06-26T14:05:00.228985+00:00,bsky.app/profile/stec,False,en,2026-06-26T14:06:34.776511+00:00,ok,,,,,
469,https://bsky.app/profile/cucururucucu.bsky.social/post/3mjauju2nas27,at://did:plc:ams6ehjxrrtesrnlv6oqxw7h/app.bsky.feed.post/3mjauju2nas27,bafyreigz2wab63lfvesrwd5mkh4y3e6k4adyve7h55gfhc5qikixea5qwe,cucururucucu.bsky.social,did:plc:ams6ehjxrrtesrnlv6oqxw7h,2026-04-11T22:18:05.174Z,"@marcelmfa.bsky.social esse aqui é o label de atividades 

bsky.app/profile/stec...",post,,,pt,1,0,1,0,official mention,2026-06-26T14:05:00.228985+00:00,bsky.app/profile/stec,False,pt,2026-06-26T14:06:34.776511+00:00,ok,,,,,
470,https://bsky.app/profile/deryckeleven.bsky.social/post/3mj3zb2uofs2p,at://did:plc:hsj7yqdhqc6hs3dcsbpjj5l4/app.bsky.feed.post/3mj3zb2uofs2p,bafyreib24ucjrzls2wpwanpkzvqf7vth5b2nnt6x3nsne55oxi4zna5tpa,deryckeleven.bsky.social,did:plc:hsj7yqdhqc6hs3dcsbpjj5l4,2026-04-09T23:59:20.347Z,"Dang, this Account Activity Labeler (bsky.app/profile/stec...) might make things easier.",post,,,en,1,0,1,0,official mention,2026-06-26T14:05:00.228985+00:00,bsky.app/profile/stec,True,en,2026-06-26T14:06:34.776511+00:00,ok,,,,,
471,https://bsky.app/profile/minimaxir.bsky.social/post/3miwojamwe22m,at://did:plc:oxaernim5mj2mmy3ytrvb42n/app.bsky.feed.post/3miwojamwe22m,bafyreigwlftwftdtzhdjc2y4czooy3otksfjlyozqkgosuogihd7tlkdue,minimaxir.bsky.social,did:plc:oxaernim5mj2mmy3ytrvb42n,2026-04-07T21:03:44.969Z,bsky.app/profile/stec...,reply,at://did:plc:vaskeay2qch6aclpfycomxxi/app.bsky.feed.post/3miwobkwav22i,at://did:plc:oxaernim5mj2mmy3ytrvb42n/app.bsky.feed.post/3miwj6oelks23,en,2,0,0,0,official mention,2026-06-26T14:05:00.228985+00:00,bsky.app/profile/stec,False,unknown,2026-06-26T14:06:34.776511+00:00,ok,,,,,
472,https://bsky.app/profile/mdprt.eurosky.social/post/3miw4efuxcc2e,at://did:plc:5li5auomdflpr5h762oumqy6/app.bsky.feed.post/3miw4efuxcc2e,bafyreiakwxrb7yofmr3h2jehfftklutehfo2xvpo7zxstl656ghgfxoxt4,mdprt.eurosky.social,did:plc:5li5auomdflpr5h762oumqy6,2026-04-07T15:38:55.328Z,Pincha aquí: bsky.app/profile/stec...,reply,at://did:plc:cphlzps36onqcc7k7wnnlxqc/app.bsky.feed.post/3mivxypf46s24,at://did:plc:yvhi6r33ustdpsaamkyjcugc/app.bsky.feed.post/3miswl5pcbk2p,"en,es",1,0,3,0,official mention,2026-06-26T14:05:00.228985+00:00,bsky.app/profile/stec,True,ca,2026-06-26T14:06:34.776511+00:00,ok,,,,,
473,https://bsky.app/profile/tuttopassa.baby/post/3miuezjejok22,at://did:plc:7xhrht622xtdgo66o5w6ty53/app.bsky.feed.post/3miuezjejok22,bafyreihbijipdg572cax2hhlahxlt444wohpkqvbbcuclkgr5czpdls5bq,tuttopassa.baby,did:plc:7xhrht622xtdgo66o5w6ty53,2026-04-06T23:08:34.106Z,é só assinar esse labeler bsky.app/profile/stec... e configurar quais labels vice quer mostrar,reply,at://did:plc:zvad4vh4lzj57jxmvoaif23p/app.bsky.feed.post/3miuencvbzk2h,at://did:plc:omoh7gav7loakmn44f22kovf/app.bsky.feed.post/3miu5pbn2t22y,pt,1,0,1,0,official mention,2026-06-26T14:05:00.228985+00:00,bsky.app/profile/stec,False,ca,2026-06-26T14:06:34.776511+00:00,ok,,,,,
474,https://bsky.app/profile/adelarge.bsky.social/post/3miqymbq22k22,at://did:plc:zm7jte6za4yfgiam7hs25r7m/app.bsky.feed.post/3miqymbq22k22,bafyreihty4bi5dc453rpyrrrap6lsa2tpbqd6opulh4yvz6z7s7kqljmpa,adelarge.bsky.social,did:plc:zm7jte6za4yfgiam7hs25r7m,2026-04-05T14:48:25.771Z,Eso es porque estás suscrita a esto bsky.app/profile/stec...,reply,at://did:plc:i25nwjv3rdwr6hbve3wtxj7i/app.bsky.feed.post/3miqyhssmh22c,at://did:plc:i25nwjv3rdwr6hbve3wtxj7i/app.bsky.feed.post/3miqyhssmh22c,es,3,0,2,0,official mention,2026-06-26T14:05:00.228985+00:00,bsky.app/profile/stec,False,es,2026-06-26T14:06:34.776511+00:00,ok,,,,,
475,https://bsky.app/profile/jaimegti16v.bsky.social/post/3mint4ao4as2g,at://did:plc:gjxlxwsikra73a32p7wohn6v/app.bsky.feed.post/3mint4ao4as2g,bafyreibgbhd7b7pte3xt2qlnf3e6tkgrgglufxse3bfbzwbwiklm2zyujm,jaimegti16v.bsky.social,did:plc:gjxlxwsikra73a32p7wohn6v,2026-04-04T08:31:59.863Z,bsky.app/profile/stec...,reply,at://did:plc:76bm7bwv2t3bckggudcdjfoo/app.bsky.feed.post/3minsx334uk2h,at://did:plc:edjrwocpb526zyg3ffmgt5bg/app.bsky.feed.post/3mimtuu42ls24,es,3,0,2,0,official mention,2026-06-26T14:05:00.228985+00:00,bsky.app/profile/stec,False,unknown,2026-06-26T14:06:34.776511+00:00,ok,,,,,
476,https://bsky.app/profile/hbomatts.bsky.social/post/3mimrjwoqik2z,at://did:plc:svcld2gdfmsbnybhkjoyj6j5/app.bsky.feed.post/3mimrjwoqik2z,bafyreih3xmj6hp4qhs4qeawb6faf7nykcupxix57ixvas335rwqnxdcwrm,hbomatts.bsky.social,did:plc:svcld2gdfmsbnybhkjoyj6j5,2026-04-03T22:31:11.938Z,bsky.app/profile/stec...,reply,at://did:plc:svcld2gdfmsbnybhkjoyj6j5/app.bsky.feed.post/3mimrbxtips2z,at://did:plc:svcld2gdfmsbnybhkjoyj6j5/app.bsky.feed.post/3mimrbxtips2z,en,0,0,0,0,official mention,2026-06-26T14:05:00.228985+00:00,bsky.app/profile/stec,False,unknown,2026-06-26T14:06:34.776511+00:00,ok,,,,,
477,https://bsky.app/profile/drewblagrim.bsky.social/post/3miksqb5bv22j,at://did:plc:c6pkxlexpekmayx4hgrit463/app.bsky.feed.post/3miksqb5bv22j,bafyreib5avxkl5pkkow5sija2wi24irtgi3wv5pctcrfpa5dyt7lpmscra,drewblagrim.bsky.social,did:plc:c6pkxlexpekmayx4hgrit463,2026-04-03T03:47:18.477Z,"Labellers are a quite useful moderation tool.

bsky.app/profile/skyw...

bsky.app/profile/stec...",reply,at://did:plc:p572wxnsuoogcrhlfrlizlrb/app.bsky.feed.post/3mii7lqzm2c2i,at://did:plc:p572wxnsuoogcrhlfrlizlrb/app.bsky.feed.post/3mii7lqzm2c2i,en,2,0,1,0,official mention,2026-06-26T14:05:00.228985+00:00,bsky.app/profile/stec,True,fr,2026-06-26T14:06:34.776511+00:00,ok,,,,,
478,https://bsky.app/profile/yussona.bsky.social/post/3mijcflbcds2l,at://did:plc:yoxiohs2cwv2zsuksbgz4azb/app.bsky.feed.post/3mijcflbcds2l,bafyreiebaec4xux3mldiwudc77o3soxcquto4wblyw2l5qhixd7sltqc7m,yussona.bsky.social,did:plc:yoxiohs2cwv2zsuksbgz4azb,2026-04-02T13:22:20.404Z,"Se alguém quiser um label útil pra ver de a conta só vai te usar como número 

Ele te mostra label se a pessoa fez um follow em massa (ou seja, conta que segue só para desseguir depois para só ganhar número)

bsky.app/profile/stec...",post,,,pt,0,0,1,0,official mention,2026-06-26T14:05:00.228985+00:00,bsky.app/profile/stec,False,pt,2026-06-26T14:06:34.776511+00:00,ok,,,,,
479,https://bsky.app/profile/fimoseosbourne.bsky.social/post/3mihyazum7s24,at://did:plc:zjgzdqej4b5ay4ccolsjzyle/app.bsky.feed.post/3mihyazum7s24,bafyreih46kmkdaty4q5a63cuf5taxkhcj5sivsicqtfm7kevgj662m2nxq,fimoseosbourne.bsky.social,did:plc:zjgzdqej4b5ay4ccolsjzyle,2026-04-02T00:48:10.787Z,"aqui o labeler pra quem tiver interesse:
bsky.app/profile/stec...",reply,at://did:plc:zjgzdqej4b5ay4ccolsjzyle/app.bsky.feed.post/3mihy7btzw224,at://did:plc:zjgzdqej4b5ay4ccolsjzyle/app.bsky.feed.post/3mihy4wobk224,pt,60,12,4,6,official mention,2026-06-26T14:05:00.228985+00:00,bsky.app/profile/stec,False,ca,2026-06-26T14:06:34.776511+00:00,ok,,,,,
480,https://bsky.app/profile/theactualbrian.bsky.social/post/3migpzqzeq22p,at://did:plc:4jegfjhlgz44trcquyckfomr/app.bsky.feed.post/3migpzqzeq22p,bafyreiezffkec2bmkvbfcdjklujcozmc4go7wb2gqhkgrsqkck475wm4vi,theactualbrian.bsky.social,did:plc:4jegfjhlgz44trcquyckfomr,2026-04-01T12:48:16.952Z,"Just subscribe and turn on it off what you want to see.

bsky.app/profile/stec...",reply,at://did:plc:2kpe74s7z4tjnugwwc5cuura/app.bsky.feed.post/3mig7eek3n22g,at://did:plc:6euhcuyl2znmwxmwrroapcp3/app.bsky.feed.post/3mifin6jphe2a,en,3,0,1,0,official mention,2026-06-26T14:05:00.228985+00:00,bsky.app/profile/stec,False,en,2026-06-26T14:06:34.776511+00:00,ok,,,,,
481,https://bsky.app/profile/totesmyname.bsky.social/post/3miffo62tvk2a,at://did:plc:ass2zbniv45z26xervcbsgr3/app.bsky.feed.post/3miffo62tvk2a,bafyreic5suxruqoazsdde572t4nj4nqzvurk3hhkeaeq7wykfniim5gpay,totesmyname.bsky.social,did:plc:ass2zbniv45z26xervcbsgr3,2026-04-01T00:10:10.822Z,"bsky.app/profile/stec...

tbh this labeler  really adds a lot of context to basically everything on here.",post,,,en,0,0,0,0,official mention,2026-06-26T14:05:00.228985+00:00,bsky.app/profile/stec,False,en,2026-06-26T14:06:34.776511+00:00,ok,,,,,
482,https://bsky.app/profile/ushouseequality.bsky.social/post/3mif2pueu6c2i,at://did:plc:7p4jgxtpaa2aimdicg7tzvqx/app.bsky.feed.post/3mif2pueu6c2i,bafyreihtqx66yrf2boylo4f6ztnyyfibrofvqbuwunz2rucf7miqajuoeu,ushouseequality.bsky.social,did:plc:7p4jgxtpaa2aimdicg7tzvqx,2026-03-31T20:54:16.612Z,bsky.app/profile/stec...,post,,,en,0,0,0,0,official mention,2026-06-26T14:05:00.228985+00:00,bsky.app/profile/stec,False,unknown,2026-06-26T14:06:34.776511+00:00,ok,,,,,
483,https://bsky.app/profile/novaquinn78.bsky.social/post/3mieug36uyk2s,at://did:plc:rbfpdtssy2qxkzp47agzolth/app.bsky.feed.post/3mieug36uyk2s,bafyreiefu5xcixm2jbntak2ly4lfufk4pdj3jv55hrgluym556uzvavj6i,novaquinn78.bsky.social,did:plc:rbfpdtssy2qxkzp47agzolth,2026-03-31T19:01:25.762Z,This labeler that flags high volume accounts is incredibly useful. bsky.app/profile/stec... it flags many of the accounts in the pile-on as having replied over 50 or 100 times per day.,reply,at://did:plc:6hit5rjdbmlnscmuk4bbtmuc/app.bsky.feed.post/3miestedlac2j,at://did:plc:6hit5rjdbmlnscmuk4bbtmuc/app.bsky.feed.post/3miestedlac2j,en,26,3,2,2,official mention,2026-06-26T14:05:00.228985+00:00,bsky.app/profile/stec,False,en,2026-06-26T14:06:34.776511+00:00,ok,,,,,
484,https://bsky.app/profile/novaquinn78.bsky.social/post/3mieuduvuak2s,at://did:plc:rbfpdtssy2qxkzp47agzolth/app.bsky.feed.post/3mieuduvuak2s,bafyreiayvr5vk6yyd3yys3jhkknleprdejxhjygf3odr4gowgksbuhgfa4,novaquinn78.bsky.social,did:plc:rbfpdtssy2qxkzp47agzolth,2026-03-31T19:00:12.064Z,This labeler that flags high volume accounts is incredibly useful. bsky.app/profile/stec... it flags many of the accounts in the pile-on as having replied over 50 or 100 times per day.,reply,at://did:plc:6h7b2i6ttw3l4t7pvbvxdith/app.bsky.feed.post/3miesanldck22,at://did:plc:6h7b2i6ttw3l4t7pvbvxdith/app.bsky.feed.post/3miesanldck22,en,8,0,1,0,official mention,2026-06-26T14:05:00.228985+00:00,bsky.app/profile/stec,False,en,2026-06-26T14:06:34.776511+00:00,ok,,,,,
485,https://bsky.app/profile/t4tcisphobe.hellstar.plus/post/3micl3qs23k2a,at://did:plc:nisukvmm4q6dk332d65ohbk7/app.bsky.feed.post/3micl3qs23k2a,bafyreieedzyljyoqtumt6qslqj5xfmcuqzwbhbvli7gcu6jwzw57y2la2e,t4tcisphobe.hellstar.plus,did:plc:nisukvmm4q6dk332d65ohbk7,2026-03-30T21:09:16.159Z,"if u mean seeing the unfollows, you can subscribe to this labeler and choose what it shows u:
bsky.app/profile/stec...",reply,at://did:plc:ivfxmbn7nefvxlvyn72hvc54/app.bsky.feed.post/3mickxoplts26,at://did:plc:nisukvmm4q6dk332d65ohbk7/app.bsky.feed.post/3mickaeq6422a,en,1,0,1,0,official mention,2026-06-26T14:05:00.228985+00:00,bsky.app/profile/stec,False,en,2026-06-26T14:06:34.776511+00:00,ok,,,,,
486,https://bsky.app/profile/spiritcrowart.bsky.social/post/3mickj5672c2v,at://did:plc:yenbppf3miowsqgxqe4q624r/app.bsky.feed.post/3mickj5672c2v,bafyreickcvnqa3i3eakncu4cjlmoxxi33z4a372lhh7vo2rjzz2ctssusm,spiritcrowart.bsky.social,did:plc:yenbppf3miowsqgxqe4q624r,2026-03-30T20:58:51.605Z,"I found this labeler really useful to detect accounts that unfollow a large number of accounts!

You can probably disable a lot of the labels (such as the high reply ones), but it's very telling when an account has the ""unfollowed 1000+ in the past month"" label lmao

bsky.app/profile/stec...",reply,at://did:plc:ssdcn5wacn4zasyl24evdjvg/app.bsky.feed.post/3mici4nzl322o,at://did:plc:ssdcn5wacn4zasyl24evdjvg/app.bsky.feed.post/3mici4nzl322o,en,1,1,1,0,official mention,2026-06-26T14:05:00.228985+00:00,bsky.app/profile/stec,False,en,2026-06-26T14:06:34.776511+00:00,ok,,,,,
487,https://bsky.app/profile/adriana1o5.bsky.social/post/3micfjfeqjs2c,at://did:plc:u5tx7b4hcowgv3urnzj4xq7z/app.bsky.feed.post/3micfjfeqjs2c,bafyreig4ics7mrmyalaut7pcucwhpwjjf3jhd772t4qwefy46r7ceyrxfi,adriana1o5.bsky.social,did:plc:u5tx7b4hcowgv3urnzj4xq7z,2026-03-30T19:29:31.498Z,Yep that one bsky.app/profile/stec...,reply,at://did:plc:jso7eonpai3or3by5fx4pffi/app.bsky.feed.post/3miccen4tms23,at://did:plc:rhmku3twwsqmsfwthxde2he5/app.bsky.feed.post/3mic6yg4ija2k,en,1,0,0,0,official mention,2026-06-26T14:05:00.228985+00:00,bsky.app/profile/stec,False,en,2026-06-26T14:06:34.776511+00:00,ok,,,,,
488,https://bsky.app/profile/ericmbudd.com/post/3miccy5ofpk23,at://did:plc:7tskdyl6n64yokszcfu2pho6/app.bsky.feed.post/3miccy5ofpk23,bafyreigfizwdmij7ianvonupccqt5eflh366ejzervujpy2bjwsuz33wne,ericmbudd.com,did:plc:7tskdyl6n64yokszcfu2pho6,2026-03-30T18:44:05.518Z,"account activity can be useful for context about unknown accounts

bsky.app/profile/stec...",reply,at://did:plc:rhmku3twwsqmsfwthxde2he5/app.bsky.feed.post/3mic6yg4ija2k,at://did:plc:rhmku3twwsqmsfwthxde2he5/app.bsky.feed.post/3mic6yg4ija2k,en,2,0,1,0,official mention,2026-06-26T14:05:00.228985+00:00,bsky.app/profile/stec,False,en,2026-06-26T14:06:34.776511+00:00,ok,,,,,
489,https://bsky.app/profile/imangelia.blacksky.app/post/3mic43zrhpc23,at://did:plc:vduo63lqq2beqgq2mgyz3azw/app.bsky.feed.post/3mic43zrhpc23,bafyreig2jczkcaeion4yyicqjq6yaoakjbysfc5ohuah5nnjifmzodc6ee,imangelia.blacksky.app,did:plc:vduo63lqq2beqgq2mgyz3azw,2026-03-30T16:40:59.450Z,"Here's the yellow one that shows the posting and account change frequency

bsky.app/profile/stec...",reply,at://did:plc:x36punkyuzfatgw34afystyg/app.bsky.feed.post/3mic25krvs22o,at://did:plc:vduo63lqq2beqgq2mgyz3azw/app.bsky.feed.post/3mibzcomhdk2c,en,1,0,0,0,official mention,2026-06-26T14:05:00.228985+00:00,bsky.app/profile/stec,False,en,2026-06-26T14:06:34.776511+00:00,ok,,,,,
490,https://bsky.app/profile/peark.es/post/3mia4y53orc2w,at://did:plc:pnx2fjuannbdpy3337ggthpp/app.bsky.feed.post/3mia4y53orc2w,bafyreiabfyv3tn7buposkoyf7njo4bmc77cc2gxs5vmzdt3otelqfg33d4,peark.es,did:plc:pnx2fjuannbdpy3337ggthpp,2026-03-29T21:51:22.977Z,bsky.app/profile/stec...,reply,at://did:plc:uvk3njzqrc6vg2s2jw777dbq/app.bsky.feed.post/3mia4w46jan2p,at://did:plc:pnx2fjuannbdpy3337ggthpp/app.bsky.feed.post/3mi7wf3htqc2o,en,4,0,1,0,official mention,2026-06-26T14:05:00.228985+00:00,bsky.app/profile/stec,False,unknown,2026-06-26T14:06:34.776511+00:00,ok,,,,,
491,https://bsky.app/profile/soulllctttrl.bsky.social/post/3mi4nqsekrk2w,at://did:plc:sn5pqkowcrn2bewgpymnlled/app.bsky.feed.post/3mi4nqsekrk2w,bafyreibw4lkvd7kydzjcacxlccb4fszyblp7kckfd6tsxhhhjcdswug5gi,soulllctttrl.bsky.social,did:plc:sn5pqkowcrn2bewgpymnlled,2026-03-28T12:40:51.510Z,é um labeler! só adicionar ele no bsky. teoricamente é pra saber se uma conta é bot ou não kkkkkkkk bsky.app/profile/stec...,reply,at://did:plc:kdsujiiz2ilnbwsgaxzt2vud/app.bsky.feed.post/3mi4nm2kwgs2h,at://did:plc:sn5pqkowcrn2bewgpymnlled/app.bsky.feed.post/3mi4nhnxjxs2w,pt,0,0,1,0,official mention,2026-06-26T14:05:00.228985+00:00,bsky.app/profile/stec,False,pt,2026-06-26T14:06:34.776511+00:00,ok,,,,,
492,https://bsky.app/profile/mjelectriz.bsky.social/post/3mi4elxlg7c2a,at://did:plc:45yurxiw6g3fzowoov73xrkm/app.bsky.feed.post/3mi4elxlg7c2a,bafyreigw42ahojbfucttjinnrkzf7wr7h7oit7ediagi7noisjrwqhzmu4,mjelectriz.bsky.social,did:plc:45yurxiw6g3fzowoov73xrkm,2026-03-28T09:57:05.529Z,"Me suscribí a esto

bsky.app/profile/stec...",reply,at://did:plc:k4yq6bgbvhocing2e33me47t/app.bsky.feed.post/3mi4ekfjgjs24,at://did:plc:45yurxiw6g3fzowoov73xrkm/app.bsky.feed.post/3mi4d6utj5s2a,es,2,0,1,0,official mention,2026-06-26T14:05:00.228985+00:00,bsky.app/profile/stec,False,es,2026-06-26T14:06:34.776511+00:00,ok,,,,,
493,https://bsky.app/profile/brentr0n.bsky.social/post/3mi3njejbmc2m,at://did:plc:zccgbopwf567czuvnd7ahk5f/app.bsky.feed.post/3mi3njejbmc2m,bafyreifzdvxl36ygwnv6gvnmdhonmde4ygup6eb57vpfqo4flpn32gox7y,brentr0n.bsky.social,did:plc:zccgbopwf567czuvnd7ahk5f,2026-03-28T03:04:02.365Z,bsky.app/profile/stec...,reply,at://did:plc:xqp3c6i355gtkku26xxeqywj/app.bsky.feed.post/3mi3iwfhqpk2l,at://did:plc:cavb27pcovgqp6cncomyv3j3/app.bsky.feed.post/3mi3ikeb4ks2u,en,0,1,1,0,official mention,2026-06-26T14:05:00.228985+00:00,bsky.app/profile/stec,False,unknown,2026-06-26T14:06:34.776511+00:00,ok,,,,,
494,https://bsky.app/profile/nicetopatrick.bsky.social/post/3mi2bz4mxq22z,at://did:plc:cjx5cua2wpegwhbzjly6ymyh/app.bsky.feed.post/3mi2bz4mxq22z,bafyreifadbljgv3mrfoondxwsqwspr4vy7dvmk33kcphh7r6mafrx2jwdu,nicetopatrick.bsky.social,did:plc:cjx5cua2wpegwhbzjly6ymyh,2026-03-27T14:05:26.328Z,"bsky.app/profile/stec...

Just be prepared you will learn some fascinating things about your mutuals lol",reply,at://did:plc:nidcgwkf2bb6za4vik5jfvoa/app.bsky.feed.post/3mi2bwb57as2y,at://did:plc:mzhefy4tpqx7twlk2sq46gom/app.bsky.feed.post/3mi2bd2xtzk2i,en,1,0,0,0,official mention,2026-06-26T14:05:00.228985+00:00,bsky.app/profile/stec,False,en,2026-06-26T14:06:34.776511+00:00,ok,,,,,
495,https://bsky.app/profile/raspli.eurosky.social/post/3mhq3i2onkk2m,at://did:plc:lbqzkhm6m3t3qtx5feqpgv3e/app.bsky.feed.post/3mhq3i2onkk2m,bafyreibnapy3cf5a2si2qmer4h3a3rqqcbun7i6vnpzjolz2tg7wm6x2uq,raspli.eurosky.social,did:plc:lbqzkhm6m3t3qtx5feqpgv3e,2026-03-23T12:41:54.026Z,"もしかしたら便利かもしれないラベラー

プロフ頻繁に変更したり休み無く投稿したり1日の投稿数が非常に多いアカウントを見分ける
bsky.app/profile/stec...

短時間に大量フォローや大量の被ブロックが行われた等の怪しいアクティビティのあるのアカウントを見分ける
bsky.app/profile/labe...",post,,,ja,0,0,0,0,official mention,2026-06-26T14:05:00.228985+00:00,bsky.app/profile/stec,False,ja,2026-06-26T14:06:34.776511+00:00,ok,,,,,
496,https://bsky.app/profile/moonprismpower.space/post/3mhi4kbl2k22t,at://did:plc:6j7wupmfbvhgyucruxzsjtai/app.bsky.feed.post/3mhi4kbl2k22t,bafyreidbbipht2flnnhnygelleeso7xx37kxq5qhoujifgbiaxkaap643a,moonprismpower.space,did:plc:6j7wupmfbvhgyucruxzsjtai,2026-03-20T08:39:44.192Z,bsky.app/profile/stec...,reply,at://did:plc:7kewh62wnm3c5zi6pg33653e/app.bsky.feed.post/3mhi4igdci22o,at://did:plc:irl55ktxmidyl4jrescoduzx/app.bsky.feed.post/3mhi3bcwsnk2l,en,2,0,1,0,official mention,2026-06-26T14:05:00.228985+00:00,bsky.app/profile/stec,False,unknown,2026-06-26T14:06:34.776511+00:00,ok,,,,,
497,https://bsky.app/profile/nied.bsky.social/post/3mhhloazais22,at://did:plc:fccnfzyczckkfawkonywsh3z/app.bsky.feed.post/3mhhloazais22,bafyreic2nnw5fh76lxputb4episrrc6dk2pss662matdjlm6xbkpiwoz7a,nied.bsky.social,did:plc:fccnfzyczckkfawkonywsh3z,2026-03-20T03:37:44.215Z,bsky.app/profile/stec...,reply,at://did:plc:k27xen4dbeninohohcn4sxtz/app.bsky.feed.post/3mhhkl6lu2k2u,at://did:plc:fccnfzyczckkfawkonywsh3z/app.bsky.feed.post/3mhh77hqsd222,en,1,0,1,0,official mention,2026-06-26T14:05:00.228985+00:00,bsky.app/profile/stec,False,unknown,2026-06-26T14:06:34.776511+00:00,ok,,,,,
498,https://bsky.app/profile/derpy.place/post/3mhgjga5ef225,at://did:plc:5h6i5ak4j7lsd6revkkeka2h/app.bsky.feed.post/3mhgjga5ef225,bafyreibhpwrgzwgea4hwjnmgrohjpqsbibn5rese6w6rnu42hgeyuwfgxy,derpy.place,did:plc:5h6i5ak4j7lsd6revkkeka2h,2026-03-19T17:24:47.644Z,"I have subscribed to this labeler and it is very good
bsky.app/profile/stec...",reply,at://did:plc:edhxm5vvo4vnxwt34kc5nceg/app.bsky.feed.post/3mhggibylj222,at://did:plc:z72i7hdynmk6r22z27h6tvur/app.bsky.feed.post/3mhgg5ja5gc2w,en,2,1,1,0,official mention,2026-06-26T14:05:00.228985+00:00,bsky.app/profile/stec,False,en,2026-06-26T14:06:34.776511+00:00,ok,,,,,
499,https://bsky.app/profile/dreadtie.bsky.social/post/3mheotyzxls2m,at://did:plc:zn76p7cnurevtf23kjqyqugs/app.bsky.feed.post/3mheotyzxls2m,bafyreictmpjg452xmofe3dt32eff6636soe5dlpheugd4iqnncd6hfqape,dreadtie.bsky.social,did:plc:zn76p7cnurevtf23kjqyqugs,2026-03-18T23:56:39.188Z,"bsky.app/profile/stec...

このラベラーを登録するとアカウントの下に「こいつ喋りすぎ！」ラベルが付くようになるのでアクティブなアカウントかどうか判断つくようになるよ
ちなみに自分にも喋りすぎラベルついてる",post,,,ja,3,1,0,0,official mention,2026-06-26T14:05:00.228985+00:00,bsky.app/profile/stec,False,ja,2026-06-26T14:06:34.776511+00:00,ok,,,,,
500,https://bsky.app/profile/discovery-process.bsky.social/post/3mh7lqlan5c2q,at://did:plc:vdxrlumowcsxlojc6oragth3/app.bsky.feed.post/3mh7lqlan5c2q,bafyreihygqvt6566abqqb6i7wxspbx4wrwawrng65b6myld4rfhxzbk4lm,discovery-process.bsky.social,did:plc:vdxrlumowcsxlojc6oragth3,2026-03-16T23:17:44.145Z,"#nzpol

This seems useful...

bsky.app/profile/stec...",post,,,en,1,0,0,0,official mention,2026-06-26T14:05:00.228985+00:00,bsky.app/profile/stec,False,en,2026-06-26T14:06:34.776511+00:00,ok,,,,,
501,https://bsky.app/profile/jefferyharrell.bsky.social/post/3mh7ilol7w22x,at://did:plc:h6tcd37yr7vk33uuisbidqvw/app.bsky.feed.post/3mh7ilol7w22x,bafyreieydy2jyetgi4wjt5qw2v43ozwnv7dotnyhutd7i7pupgkpaoex6e,jefferyharrell.bsky.social,did:plc:h6tcd37yr7vk33uuisbidqvw,2026-03-16T22:21:18.640Z,Yes indeed: bsky.app/profile/stec...,reply,at://did:plc:6ecrrpj54phbadkzwi2jg65c/app.bsky.feed.post/3mh7hijbggs2c,at://did:plc:h6tcd37yr7vk33uuisbidqvw/app.bsky.feed.post/3mh77tlwspc2x,en,6,0,1,1,official mention,2026-06-26T14:05:00.228985+00:00,bsky.app/profile/stec,False,nl,2026-06-26T14:06:34.776511+00:00,ok,,,,,
502,https://bsky.app/profile/aparker.io/post/3mh7iinwbck2l,at://did:plc:gttrfs4hfmrclyxvwkwcgpj7/app.bsky.feed.post/3mh7iinwbck2l,bafyreihgvcmz3yq3nsnwciiakpcgfeozxhnluubxo3h5s27llcpi2rp7pe,aparker.io,did:plc:gttrfs4hfmrclyxvwkwcgpj7,2026-03-16T22:19:37.291Z,bsky.app/profile/stec...,reply,at://did:plc:mssgex5rqek4wc66wgvzztbc/app.bsky.feed.post/3mh7bbjhmnk23,at://did:plc:mssgex5rqek4wc66wgvzztbc/app.bsky.feed.post/3mh7bbjhmnk23,en,1,1,0,0,official mention,2026-06-26T14:05:00.228985+00:00,bsky.app/profile/stec,False,unknown,2026-06-26T14:06:34.776511+00:00,ok,,,,,
503,https://bsky.app/profile/reuning.bsky.social/post/3mh4djysues2m,at://did:plc:yfjyxzzvqhjzkz6wtdxggmgd/app.bsky.feed.post/3mh4djysues2m,bafyreibgoljg4n7yleninkjpjd3b62zs6eghfqy23th52chcdbsffbmt5m,reuning.bsky.social,did:plc:yfjyxzzvqhjzkz6wtdxggmgd,2026-03-15T16:12:54.342Z,Didn't know about this labeller. Looks interesting bsky.app/profile/stec...,quote,,,en,1,0,0,0,official mention,2026-06-26T14:05:00.228985+00:00,bsky.app/profile/stec,False,en,2026-06-26T14:06:34.776511+00:00,ok,,,,,
504,https://bsky.app/profile/pinballswizard.com/post/3mgq5idh4c22y,at://did:plc:6k2sdh77cmeoaryw4qsjsdzx/app.bsky.feed.post/3mgq5idh4c22y,bafyreiazvzrtwzsgkvao36hvgpffbgbbjfcfeh2zy7yoe7e2aivyxjwufi,pinballswizard.com,did:plc:6k2sdh77cmeoaryw4qsjsdzx,2026-03-10T19:52:39.072Z,bsky.app/profile/stec...,reply,at://did:plc:6k2sdh77cmeoaryw4qsjsdzx/app.bsky.feed.post/3mgq5egjgj22y,at://did:plc:6k2sdh77cmeoaryw4qsjsdzx/app.bsky.feed.post/3mgq5egjgj22y,en,1,0,0,0,official mention,2026-06-26T14:05:00.228985+00:00,bsky.app/profile/stec,False,unknown,2026-06-26T14:06:34.776511+00:00,ok,,,,,
505,https://bsky.app/profile/pookleblinky.bsky.social/post/3mgpzaw7hxk2j,at://did:plc:x4rkbrazjqyyun5ysut2wq43/app.bsky.feed.post/3mgpzaw7hxk2j,bafyreihruizajy2rdby67iwbrhfhhv6pxcl3dfe766yjlnx47277xeunvi,pookleblinky.bsky.social,did:plc:x4rkbrazjqyyun5ysut2wq43,2026-03-10T18:36:55.342Z,"bsky.app/profile/stec...

The stechlabs labeler is such a good labeler. 

It's weird that it counts threads, replying to yourself, as replies, though. Probably annoying to carve threads out of general replies.",post,,,en,6,0,1,0,official mention,2026-06-26T14:05:00.228985+00:00,bsky.app/profile/stec,False,en,2026-06-26T14:06:34.776511+00:00,ok,,,,,
506,https://bsky.app/profile/unlox.bsky.social/post/3mgny6fjx522w,at://did:plc:z3uh6dme22hydm4loftjktaj/app.bsky.feed.post/3mgny6fjx522w,bafyreicfahimtyuvkiee3rtlzksxuyicuslozxra4nnqfrw2hxr4d6h6aq,unlox.bsky.social,did:plc:z3uh6dme22hydm4loftjktaj,2026-03-09T23:12:17.532Z,one of two labelers I’m subscribed to bsky.app/profile/stec...,reply,at://did:plc:hmhvklptsptn7sgelzrp5srg/app.bsky.feed.post/3mgny2gvqac2h,at://did:plc:z3uh6dme22hydm4loftjktaj/app.bsky.feed.post/3mgnh633f3k2j,en,1,0,0,0,official mention,2026-06-26T14:05:00.228985+00:00,bsky.app/profile/stec,False,en,2026-06-26T14:06:34.776511+00:00,ok,,,,,
507,https://bsky.app/profile/the-pied-piper.bsky.social/post/3mgnbttdgx22h,at://did:plc:q5jsybsehlgd6nqquxwtxeve/app.bsky.feed.post/3mgnbttdgx22h,bafyreihd4rhjz2em34k2t2c26bdnpzxxquiflugdilser4iacsmttig4yu,the-pied-piper.bsky.social,did:plc:q5jsybsehlgd6nqquxwtxeve,2026-03-09T16:32:40.015Z,bsky.app/profile/stec...,reply,at://did:plc:q5jsybsehlgd6nqquxwtxeve/app.bsky.feed.post/3mgnbtss67k2h,at://did:plc:ks3gpa6ftoyaq7hmf6c4qx4c/app.bsky.feed.post/3mglk5gobwk2o,en,1,0,1,0,official mention,2026-06-26T14:05:00.228985+00:00,bsky.app/profile/stec,False,unknown,2026-06-26T14:06:34.776511+00:00,ok,,,,,
508,https://bsky.app/profile/pixieonthemoon.bsky.social/post/3mge2cbrqqs2n,at://did:plc:rwgbhaj5fuulz53252g2g46p/app.bsky.feed.post/3mge2cbrqqs2n,bafyreial7473po7fcki5ngnbyej2pwvxc3ethftgh4jrn4ze24q5iw3poa,pixieonthemoon.bsky.social,did:plc:rwgbhaj5fuulz53252g2g46p,2026-03-06T00:23:37.911Z,"You are all using this labeler wrong. It's a great ""heads up, you may be manic indicator"" for me. I haven't been hit yet, but I'm pushing it today. bsky.app/profile/stec...",post,,,en,0,0,0,0,official mention,2026-06-26T14:05:00.228985+00:00,bsky.app/profile/stec,False,en,2026-06-26T14:06:34.776511+00:00,ok,,,,,
509,https://bsky.app/profile/hongpong.bsky.social/post/3mg6zpkwfzs2a,at://did:plc:iuhcpdsxgdkm3iz2a6p4lz22/app.bsky.feed.post/3mg6zpkwfzs2a,bafyreifk64vmurkeeaqfgytgvkoo3fxp44hycd4fksnbh6bdhqlqe447z4,hongpong.bsky.social,did:plc:iuhcpdsxgdkm3iz2a6p4lz22,2026-03-04T00:29:51.275Z,right here bsky.app/profile/stec...,reply,at://did:plc:37cdrehj54zeallhzu5wpuo4/app.bsky.feed.post/3mg6ol3zpwc2c,at://did:plc:iuhcpdsxgdkm3iz2a6p4lz22/app.bsky.feed.post/3mfpbm5bqy22k,en,0,0,0,0,official mention,2026-06-26T14:05:00.228985+00:00,bsky.app/profile/stec,False,en,2026-06-26T14:06:34.776511+00:00,ok,,,,,
510,https://bsky.app/profile/nerdjpg.com/post/3mfz5mixhlk2k,at://did:plc:njwcnt4qsdno2lhebdq34m2o/app.bsky.feed.post/3mfz5mixhlk2k,bafyreiarcntrlyjpiqvzbqzg3vnu4y7tgc4u4o3o5632hc6l3ckb37oeqq,nerdjpg.com,did:plc:njwcnt4qsdno2lhebdq34m2o,2026-03-01T16:23:45.087Z,bsky.app/profile/stec...,reply,at://did:plc:qutjcnxtthddubbsgktj5xet/app.bsky.feed.post/3mfz5ge62yc2a,at://did:plc:njwcnt4qsdno2lhebdq34m2o/app.bsky.feed.post/3mfwsoya3bc2i,en,3,0,1,0,official mention,2026-06-26T14:05:00.228985+00:00,bsky.app/profile/stec,False,unknown,2026-06-26T14:06:34.776511+00:00,ok,,,,,
511,https://bsky.app/profile/novaquinn78.bsky.social/post/3mfufl63nfc2h,at://did:plc:rbfpdtssy2qxkzp47agzolth/app.bsky.feed.post/3mfufl63nfc2h,bafyreieliiqqftaslftgiu2a4li6dxnm7yqe3cotyezxhsnwtndvj6xehe,novaquinn78.bsky.social,did:plc:rbfpdtssy2qxkzp47agzolth,2026-02-27T19:02:51.377Z,I’m starting to suspect an onslaught of OpenClaw bots. It’s too easy to setup. I find this labeler very useful bsky.app/profile/stec... it labels when an account posts without a break or over 50 times in 24hr,reply,at://did:plc:nvfposmpmhegtyvhbs75s3pw/app.bsky.feed.post/3mfudycj3s22e,at://did:plc:nvfposmpmhegtyvhbs75s3pw/app.bsky.feed.post/3mfudycj3s22e,en,11,1,2,0,official mention,2026-06-26T14:05:00.228985+00:00,bsky.app/profile/stec,False,en,2026-06-26T14:06:34.776511+00:00,ok,,,,,
512,https://bsky.app/profile/vtr.bsky.social/post/3mfpctcikzc2d,at://did:plc:j4ddu4vlnl3b6346r5hbgefn/app.bsky.feed.post/3mfpctcikzc2d,bafyreicbyxva3zx4hxy3jfz7glf63zqom2zdeqc6vb2qi5l4zhea74lr7a,vtr.bsky.social,did:plc:j4ddu4vlnl3b6346r5hbgefn,2026-02-25T18:30:24.514Z,"o labeller dedo-duro pra quem quiser, é divertido até :)

bsky.app/profile/stec...",reply,at://did:plc:j4ddu4vlnl3b6346r5hbgefn/app.bsky.feed.post/3mfpcqtkwpc2d,at://did:plc:5imtuyvd7xjpmne4fmmurak2/app.bsky.feed.post/3mfpbtpbbx22x,"en,pt",1,0,0,0,official mention,2026-06-26T14:05:00.228985+00:00,bsky.app/profile/stec,False,pt,2026-06-26T14:06:34.776511+00:00,ok,,,,,
513,https://bsky.app/profile/trans.bsky.social/post/3mfnom3tlhk2j,at://did:plc:l7buhragfpktqopl7wdojhi3/app.bsky.feed.post/3mfnom3tlhk2j,bafyreicbtomw35bmewj2t4dwsguxqjcmdbhyk53xxoz2z4zfy2g7fpuohm,trans.bsky.social,did:plc:l7buhragfpktqopl7wdojhi3,2026-02-25T02:55:48.078Z,"i think it’s this one!

bsky.app/profile/stec...",reply,at://did:plc:btqzruxlhuh64blqdobjgsnb/app.bsky.feed.post/3mfnkvdtn7s2h,at://did:plc:l7buhragfpktqopl7wdojhi3/app.bsky.feed.post/3mfd7twkeyk2e,en,1,0,0,0,official mention,2026-06-26T14:05:00.228985+00:00,bsky.app/profile/stec,False,en,2026-06-26T14:06:34.776511+00:00,ok,,,,,
514,https://bsky.app/profile/khakhalin.bsky.social/post/3mfkikkir2c2u,at://did:plc:2ygbb7aag64ase3swmqerk3h/app.bsky.feed.post/3mfkikkir2c2u,bafyreigeqscfodpbkrc4u35eamsplx5qlshgmclscnhxo7pqsseocon43y,khakhalin.bsky.social,did:plc:2ygbb7aag64ase3swmqerk3h,2026-02-23T20:29:34.678Z,"Took me a while to find it haha 

bsky.app/profile/stec...",reply,at://did:plc:plgl5ilo7kdx4flvbmfecjri/app.bsky.feed.post/3mfkgcjjyrk27,at://did:plc:2ygbb7aag64ase3swmqerk3h/app.bsky.feed.post/3mfjqkew32k2u,en,1,0,1,0,official mention,2026-06-26T14:05:00.228985+00:00,bsky.app/profile/stec,False,en,2026-06-26T14:06:34.776511+00:00,ok,,,,,
515,https://bsky.app/profile/sirin.bsky.social/post/3mfjzwipyss25,at://did:plc:57uluwibuuny5bjwgbk7b7ci/app.bsky.feed.post/3mfjzwipyss25,bafyreiepbc46vvqb6z2ruj2zvnfhauznapw5zm4i4lltpxt2ovp3rrpane,sirin.bsky.social,did:plc:57uluwibuuny5bjwgbk7b7ci,2026-02-23T16:07:49.344Z,"I've been enjoying this one: bsky.app/profile/stec.... It flags people who post more than 50 or 100 times a day, how much without breaks, change their profile repeatedly - it can usually flag a bot or bot-like account (and if they're just enthusiastic and a false positive, you can ignore.)",reply,at://did:plc:pzgvqg4ihnaihkrpmxqz5pu6/app.bsky.feed.post/3mfjuh35cbc2x,at://did:plc:pzgvqg4ihnaihkrpmxqz5pu6/app.bsky.feed.post/3mfjuh35cbc2x,en,3,0,1,0,official mention,2026-06-26T14:05:00.228985+00:00,bsky.app/profile/stec,False,en,2026-06-26T14:06:34.776511+00:00,ok,,,,,
516,https://bsky.app/profile/theactualbrian.bsky.social/post/3mfjt423jrk2c,at://did:plc:4jegfjhlgz44trcquyckfomr/app.bsky.feed.post/3mfjt423jrk2c,bafyreiepphncdecfcvfmq6sib372uk6g2uonsb4ox2izjbmw44xbtaapyq,theactualbrian.bsky.social,did:plc:4jegfjhlgz44trcquyckfomr,2026-02-23T14:05:39.126Z,"This time has a lot of practical info in it.

bsky.app/profile/stec...",reply,at://did:plc:5lnhe2j4bvus75citfncwuf3/app.bsky.feed.post/3mfjss7sbqk2s,at://did:plc:7534z7ircjndl3loyzsxmuve/app.bsky.feed.post/3mfi2abf2o22c,en,1,0,2,0,official mention,2026-06-26T14:05:00.228985+00:00,bsky.app/profile/stec,False,en,2026-06-26T14:06:34.776511+00:00,ok,,,,,
517,https://bsky.app/profile/ted.knaz.me/post/3mfdquxcvps2z,at://did:plc:x3y3q6as2nvtdfcgwuu2bgnz/app.bsky.feed.post/3mfdquxcvps2z,bafyreiff3uerk55zyhivbjeodvxud3w7ctuvyl3xnb2wqqy44qyclexsmu,ted.knaz.me,did:plc:x3y3q6as2nvtdfcgwuu2bgnz,2026-02-21T04:09:55.406Z,"This tool rocks
bsky.app/profile/stec...",post,,,en,0,0,0,0,official mention,2026-06-26T14:05:00.228985+00:00,bsky.app/profile/stec,True,en,2026-06-26T14:06:34.776511+00:00,ok,,,,,
518,https://bsky.app/profile/waltimedes.bsky.social/post/3mfcjc6s5dc26,at://did:plc:b42wyjk44h6dpv7y24ui2hzi/app.bsky.feed.post/3mfcjc6s5dc26,bafyreibolq4pq23illpms37oxp4z4yzohw5rhvn4gnvrtwjvnbmuzvpd54,waltimedes.bsky.social,did:plc:b42wyjk44h6dpv7y24ui2hzi,2026-02-20T16:21:29.801Z,bsky.app/profile/stec...,reply,at://did:plc:dw7bvvzw5sa6mukzvfa3ebz6/app.bsky.feed.post/3mfcihyjnk22y,at://did:plc:b42wyjk44h6dpv7y24ui2hzi/app.bsky.feed.post/3mfci6si6ys26,en,0,0,1,0,official mention,2026-06-26T14:05:00.228985+00:00,bsky.app/profile/stec,False,unknown,2026-06-26T14:06:34.776511+00:00,ok,,,,,
519,https://bsky.app/profile/lefttheprairie.bsky.social/post/3mf5e3rmhq22s,at://did:plc:sws7j25bfy45z53elulnjc47/app.bsky.feed.post/3mf5e3rmhq22s,bafyreibasujejfz7uljad53biickpvs27l3v2ndk5htcvxc2rie6qhr3ce,lefttheprairie.bsky.social,did:plc:sws7j25bfy45z53elulnjc47,2026-02-18T15:05:07.257Z,Posts a lot: bsky.app/profile/stec...,reply,at://did:plc:sws7j25bfy45z53elulnjc47/app.bsky.feed.post/3mf5e2yvqyk2s,at://did:plc:sws7j25bfy45z53elulnjc47/app.bsky.feed.post/3mf5ckyxob22s,en,1,0,0,0,official mention,2026-06-26T14:05:00.228985+00:00,bsky.app/profile/stec,False,ca,2026-06-26T14:06:34.776511+00:00,ok,,,,,
520,https://bsky.app/profile/permadeath.com/post/3meylkg6nbk2u,at://did:plc:nlzmjyfv6loqtxyzvdcznwgf/app.bsky.feed.post/3meylkg6nbk2u,bafyreihsgnpxaur4kq7cgau2alvzbsu443zqm4fhrx4l4lelo5dnyaxc34,permadeath.com,did:plc:nlzmjyfv6loqtxyzvdcznwgf,2026-02-16T17:35:16.087Z,bsky.app/profile/stec...,reply,at://did:plc:uyqnubfj3qlho6psy6uvvt6u/app.bsky.feed.post/3meyk2hwut22u,at://did:plc:vszw3ess46odfhnzdsy4huae/app.bsky.feed.post/3meyid2gpic2n,en,3,0,0,1,official mention,2026-06-26T14:05:00.228985+00:00,bsky.app/profile/stec,False,unknown,2026-06-26T14:06:34.776511+00:00,ok,,,,,
521,https://bsky.app/profile/huwupy.kawaii.social/post/3mewsgfv3cs2a,at://did:plc:vw4e7blkwzdokanwp24k3igr/app.bsky.feed.post/3mewsgfv3cs2a,bafyreigj6qubmwkgp5job6253o3dkn4phjfdr4ryvyea4nftnr2ziy6v3q,huwupy.kawaii.social,did:plc:vw4e7blkwzdokanwp24k3igr,2026-02-16T00:32:58.271Z,bsky.app/profile/stec...,reply,at://did:plc:zm3ivbjm6ki2fc5tid4djx72/app.bsky.feed.post/3mewsbaukqs2s,at://did:plc:bnqkww7bjxaacajzvu5gswdf/app.bsky.feed.post/3mewqqsy3tk2q,en,1,0,1,0,official mention,2026-06-26T14:05:00.228985+00:00,bsky.app/profile/stec,False,unknown,2026-06-26T14:06:34.776511+00:00,ok,,,,,
522,https://bsky.app/profile/nicholas.sideras.net/post/3methajimds2k,at://did:plc:tmrrt2lsbtbippdbqky7umi6/app.bsky.feed.post/3methajimds2k,bafyreibc3jldlalfuipddqmm2woga2hewwrxb7ae5xkblzpdo7fgmwkk6e,nicholas.sideras.net,did:plc:tmrrt2lsbtbippdbqky7umi6,2026-02-14T16:34:50.356Z,"I really ought to figure out how to hide that for memey screenshots because I’m not trying to call people out like that! 😂

bsky.app/profile/stec...",reply,at://did:plc:yiefig7fzrxhhii3fv44pjdd/app.bsky.feed.post/3meth2gveuc2d,at://did:plc:2xzjzuyrgz6dmjy2xdhlawgl/app.bsky.feed.post/3metcm25od22t,en,3,0,1,0,official mention,2026-06-26T14:05:00.228985+00:00,bsky.app/profile/stec,False,en,2026-06-26T14:06:34.776511+00:00,ok,,,,,
523,https://bsky.app/profile/dialupready.com/post/3mer5uughyc2l,at://did:plc:3skv4zbaa3bbx7texc2um4bq/app.bsky.feed.post/3mer5uughyc2l,bafyreiheuem6yykv7pjvsn55geakntmb2gj45ftirwl2eomlu5om7yikmy,dialupready.com,did:plc:3skv4zbaa3bbx7texc2um4bq,2026-02-13T18:41:56.013Z,"that’s this labeler

bsky.app/profile/stec...",reply,at://did:plc:caaaew4c3exegj5otui7ycfe/app.bsky.feed.post/3meqxs3tn3k2y,at://did:plc:caaaew4c3exegj5otui7ycfe/app.bsky.feed.post/3meqxs3tn3k2y,en,1,0,1,0,official mention,2026-06-26T14:05:00.228985+00:00,bsky.app/profile/stec,False,en,2026-06-26T14:06:34.776511+00:00,ok,,,,,
524,https://bsky.app/profile/faefutchauntie.bsky.social/post/3meqws5apcc2n,at://did:plc:5udjdgc77ee6oh3fjohdu646/app.bsky.feed.post/3meqws5apcc2n,bafyreidae4katyc4ue2ezjy256usjy6eq6dyaf6fjhgtmpehd5cj7l25se,faefutchauntie.bsky.social,did:plc:5udjdgc77ee6oh3fjohdu646,2026-02-13T16:35:08.405Z,bsky.app/profile/stec...,reply,at://did:plc:q5jsybsehlgd6nqquxwtxeve/app.bsky.feed.post/3meqwqf5rsc27,at://did:plc:3gxyh4elwykcdnpci7gmqrvh/app.bsky.feed.post/3meqwddoye22w,en,2,0,2,0,official mention,2026-06-26T14:05:00.228985+00:00,bsky.app/profile/stec,False,unknown,2026-06-26T14:06:34.776511+00:00,ok,,,,,
525,https://bsky.app/profile/majestic12.bsky.social/post/3meqajgam7c2b,at://did:plc:ivoz5vxdnzsyy3vtdqie3pb7/app.bsky.feed.post/3meqajgam7c2b,bafyreibx365eqjcg5vmj6dpbhnpa2dqfw672o5qpjbcnj46pfjxw3kacfq,majestic12.bsky.social,did:plc:ivoz5vxdnzsyy3vtdqie3pb7,2026-02-13T09:56:33.530Z,bsky.app/profile/stec...,reply,at://did:plc:qyuvsqgx4ekltok5p6badmso/app.bsky.feed.post/3mepntd5kmc2a,at://did:plc:nre3gaohxhiissdpfkqu5a3d/app.bsky.feed.post/3meognhgi6k2o,en,1,0,0,0,official mention,2026-06-26T14:05:00.228985+00:00,bsky.app/profile/stec,False,unknown,2026-06-26T14:06:34.776511+00:00,ok,,,,,
526,https://bsky.app/profile/tardiskicia.bsky.social/post/3mepzkzlbfs2d,at://did:plc:5sygvuvtnejxmwwqetu2mzi6/app.bsky.feed.post/3mepzkzlbfs2d,bafyreicccfg52ivzfgkbxuwyc374lgxtkrbyghuekvax2g6ur6axt7tqxq,tardiskicia.bsky.social,did:plc:5sygvuvtnejxmwwqetu2mzi6,2026-02-13T07:52:11.164Z,"It's this one. Subscribe to display it.

bsky.app/profile/stec...",reply,at://did:plc:7dluyvjskjyxhf4rp27u6eli/app.bsky.feed.post/3mepu4l7zbs26,at://did:plc:nre3gaohxhiissdpfkqu5a3d/app.bsky.feed.post/3meognhgi6k2o,en,3,0,0,0,official mention,2026-06-26T14:05:00.228985+00:00,bsky.app/profile/stec,False,en,2026-06-26T14:06:34.776511+00:00,ok,,,,,
527,https://bsky.app/profile/trans.bsky.social/post/3meoqds4eos2p,at://did:plc:l7buhragfpktqopl7wdojhi3/app.bsky.feed.post/3meoqds4eos2p,bafyreidumzcyqa5ozylul3xnh53oyrxyd7v6qy2d5vwqblbzrokk7fyw7q,trans.bsky.social,did:plc:l7buhragfpktqopl7wdojhi3,2026-02-12T19:34:25.039Z,Aberant Behavior Labeler: bsky.app/profile/stec...,reply,at://did:plc:l7buhragfpktqopl7wdojhi3/app.bsky.feed.post/3meoqcpjlp22p,at://did:plc:l7buhragfpktqopl7wdojhi3/app.bsky.feed.post/3mdy352dss225,en,2,0,1,0,official mention,2026-06-26T14:05:00.228985+00:00,bsky.app/profile/stec,False,unknown,2026-06-26T14:06:34.776511+00:00,ok,,,,,
528,https://bsky.app/profile/asmeh.bsky.social/post/3meod2elrjk2j,at://did:plc:2duwmxl4feberqaikghyrkjw/app.bsky.feed.post/3meod2elrjk2j,bafyreiftrlglcebdbsxhqjq3er3rryznd4ktciuw7esxzlv34ubss7kon4,asmeh.bsky.social,did:plc:2duwmxl4feberqaikghyrkjw,2026-02-12T15:36:30.230Z,bsky.app/profile/stec...,reply,at://did:plc:kzss6dgp3s6lk2lj4ndffcok/app.bsky.feed.post/3meo2he6ijk2e,at://did:plc:2duwmxl4feberqaikghyrkjw/app.bsky.feed.post/3menfnk6cw22t,en,0,0,0,0,official mention,2026-06-26T14:05:00.228985+00:00,bsky.app/profile/stec,False,unknown,2026-06-26T14:06:34.776511+00:00,ok,,,,,
529,https://bsky.app/profile/windowseat.bsky.social/post/3memcdornw226,at://did:plc:4r5s3e5z7m4ng5cq3w7nr32x/app.bsky.feed.post/3memcdornw226,bafyreic67k7k2y62ycqvrjuqallolbx4kxxiiodfegtwyrbf6xcnjajnwu,windowseat.bsky.social,did:plc:4r5s3e5z7m4ng5cq3w7nr32x,2026-02-11T20:18:20.594Z,"🧵 Some other labelers I use which you may find of interest: 

Timezone
bsky.app/profile/khro...

Skywatch
bsky.app/profile/skyw...

Sports
bsky.app/profile/spor...

Joined
bsky.app/profile/join...

Posts a lot labeler (& other stuff):
bsky.app/profile/stec...

Profile:
bsky.app/profile/prof...",reply,at://did:plc:4r5s3e5z7m4ng5cq3w7nr32x/app.bsky.feed.post/3memcdmr7g226,at://did:plc:4r5s3e5z7m4ng5cq3w7nr32x/app.bsky.feed.post/3memcdg452k26,en,10,1,3,1,official mention,2026-06-26T14:05:00.228985+00:00,bsky.app/profile/stec,False,en,2026-06-26T14:06:34.776511+00:00,ok,,,,,
530,https://bsky.app/profile/revan.eurosky.social/post/3mem22rto4s26,at://did:plc:oe5k5kgdudinkw6jpzzfcw4q/app.bsky.feed.post/3mem22rto4s26,bafyreifdtpkyaacp6goxzxzuwdjdc4h5dik6zjzxoivwv4ethh4ke2ygk4,revan.eurosky.social,did:plc:oe5k5kgdudinkw6jpzzfcw4q,2026-02-11T17:50:20.967Z,bsky.app/profile/stec...,reply,at://did:plc:w6gch2fmjeqggeiq6k6ei4dd/app.bsky.feed.post/3melzzrhros2l,at://did:plc:oe5k5kgdudinkw6jpzzfcw4q/app.bsky.feed.post/3melztro2hk26,en,2,0,0,0,official mention,2026-06-26T14:05:00.228985+00:00,bsky.app/profile/stec,False,unknown,2026-06-26T14:06:34.776511+00:00,ok,,,,,
531,https://bsky.app/profile/ouroboredom.bsky.social/post/3mekfie7ths2m,at://did:plc:qm3qnneqz66odimndtmazefs/app.bsky.feed.post/3mekfie7ths2m,bafyreigdelpespwya5mdl7m2c4hcpxbujg4hwwomgkoh6fu2iwcjyifs34,ouroboredom.bsky.social,did:plc:qm3qnneqz66odimndtmazefs,2026-02-11T02:09:28.124Z,"bsky.app/profile/stec... is the posts per day labeler

shadowbanner.bsky.social is the multilabel provider in the screenshot 

I forget where the post-election screener came from ;_;",reply,at://did:plc:lnulpqupohkgjey5kph34e44/app.bsky.feed.post/3mekczxulpk2d,at://did:plc:qm3qnneqz66odimndtmazefs/app.bsky.feed.post/3mek3cdpbz22a,en,1,0,2,0,official mention,2026-06-26T14:05:00.228985+00:00,bsky.app/profile/stec,False,en,2026-06-26T14:06:34.776511+00:00,ok,,,,,
532,https://bsky.app/profile/lefttheprairie.bsky.social/post/3mehfdp6kf223,at://did:plc:sws7j25bfy45z53elulnjc47/app.bsky.feed.post/3mehfdp6kf223,bafyreiaklis7iucbmkjlyklyp7flojr3cg2aaqnb7gtjtlpdkw2sw3qmhy,lefttheprairie.bsky.social,did:plc:sws7j25bfy45z53elulnjc47,2026-02-09T21:28:52.636Z,"Here you go! I like it because when I hit 50+ in a day it’s a reminder to touch grass

bsky.app/profile/stec...",reply,at://did:plc:abqhjtague2qfmblqia5u2ix/app.bsky.feed.post/3mehcr7pmvs2w,at://did:plc:sws7j25bfy45z53elulnjc47/app.bsky.feed.post/3meh3ubwosk23,en,1,0,0,0,official mention,2026-06-26T14:05:00.228985+00:00,bsky.app/profile/stec,False,en,2026-06-26T14:06:34.776511+00:00,ok,,,,,
533,https://bsky.app/profile/erinaceousphd.blacksky.app/post/3mehdjg5t6k2t,at://did:plc:mzqt757xrtcyud3tinjvyy2p/app.bsky.feed.post/3mehdjg5t6k2t,bafyreiaty6psakssngmrtzercdqv2gup7vcljevav5j5rzin3nmgbcuvhu,erinaceousphd.blacksky.app,did:plc:mzqt757xrtcyud3tinjvyy2p,2026-02-09T20:56:17.016Z,"Sorry about that. It’s the Stech Lab labeler. 

bsky.app/profile/stec...",reply,at://did:plc:rbinudgz3c6zwibc3sikcn6e/app.bsky.feed.post/3mehd4wm4m22l,at://did:plc:mzqt757xrtcyud3tinjvyy2p/app.bsky.feed.post/3megv4sllts2j,en,0,0,1,0,official mention,2026-06-26T14:05:00.228985+00:00,bsky.app/profile/stec,False,en,2026-06-26T14:06:34.776511+00:00,ok,,,,,
534,https://bsky.app/profile/erinaceousphd.blacksky.app/post/3meh7k33swc27,at://did:plc:mzqt757xrtcyud3tinjvyy2p/app.bsky.feed.post/3meh7k33swc27,bafyreih3rulukp2ltu4jqmeit6gevcav54aapehrdm3kpgz4tp63wfmrma,erinaceousphd.blacksky.app,did:plc:mzqt757xrtcyud3tinjvyy2p,2026-02-09T19:45:04.005Z,Here’s the labeler I use: bsky.app/profile/stec...,reply,at://did:plc:aacgmytfh26xrpuys5rzzzaa/app.bsky.feed.post/3meh7hhcm7w2z,at://did:plc:aacgmytfh26xrpuys5rzzzaa/app.bsky.feed.post/3meh7hhcm7w2z,en,1,0,2,0,official mention,2026-06-26T14:05:00.228985+00:00,bsky.app/profile/stec,False,en,2026-06-26T14:06:34.776511+00:00,ok,,,,,
535,https://bsky.app/profile/gokufumante.bsky.social/post/3megzb335bk2o,at://did:plc:nsksowdtjatmnuydbpao4z7a/app.bsky.feed.post/3megzb335bk2o,bafyreihtwhp3uc25cm26antck426ayze2c2pjk7jw5x5knz3m7avgflnba,gokufumante.bsky.social,did:plc:nsksowdtjatmnuydbpao4z7a,2026-02-09T17:52:39.542Z,uhum! bsky.app/profile/stec...,reply,at://did:plc:ocbs2gfetzyohngqugzlawrc/app.bsky.feed.post/3megz7sc5j22i,at://did:plc:nsksowdtjatmnuydbpao4z7a/app.bsky.feed.post/3megz3qvkic2o,pt,1,0,0,0,official mention,2026-06-26T14:05:00.228985+00:00,bsky.app/profile/stec,False,unknown,2026-06-26T14:06:34.776511+00:00,ok,,,,,
536,https://bsky.app/profile/an.actual.dog/post/3meffepxy5s2g,at://did:plc:3ta5rpnthsxkf3itrlzajhq3/app.bsky.feed.post/3meffepxy5s2g,bafyreihun7j4i5b3nw3ug47xczt4xt3qg7juu2mczgukplv5ejly5jvcuy,an.actual.dog,did:plc:3ta5rpnthsxkf3itrlzajhq3,2026-02-09T02:24:07.547Z,"extremely useful and sets context for just how big of a dweeb you're dealing with so quickly. basically everyone acting a fool has 2+ flags from this thing.

bsky.app/profile/stec...",reply,at://did:plc:d7p3otwqbje3iyw7vgo46om6/app.bsky.feed.post/3meff7lge5s25,at://did:plc:fhmrpj7agthvglsdiihfrfqq/app.bsky.feed.post/3mefckpmmr227,en,5,0,2,0,official mention,2026-06-26T14:05:00.228985+00:00,bsky.app/profile/stec,False,en,2026-06-26T14:06:34.776511+00:00,ok,,,,,
537,https://bsky.app/profile/lamprey.bsky.social/post/3mecd3px5gs2f,at://did:plc:rnvqi5lhi6qyb224ufdstdfx/app.bsky.feed.post/3mecd3px5gs2f,bafyreice4l24r3m7uf5gralmawmeue7ntweczqibrnz37ix7legkr2p4mm,lamprey.bsky.social,did:plc:rnvqi5lhi6qyb224ufdstdfx,2026-02-07T21:05:18.831Z,"i started using this labeler to see if an account is either a bot or too online before i interact lol
bsky.app/profile/stec...",post,,,en,0,0,1,0,official mention,2026-06-26T14:05:00.228985+00:00,bsky.app/profile/stec,False,en,2026-06-26T14:06:34.776511+00:00,ok,,,,,
538,https://bsky.app/profile/leyawn.bsky.social/post/3me7zc5mprc2y,at://did:plc:eqh433fdh2bqhvt455e3tg67/app.bsky.feed.post/3me7zc5mprc2y,bafyreie3rfy3oocaerobpe45mlpowitbbwh2o5l5ur6aq23ksoqwef2qau,leyawn.bsky.social,did:plc:eqh433fdh2bqhvt455e3tg67,2026-02-06T23:04:37.601Z,different labeled actually bsky.app/profile/stec...,reply,at://did:plc:2wa6hr3bxvyl4rnordai4mxl/app.bsky.feed.post/3me7yswubi22c,at://did:plc:u6iprepqxev4uoiydbi35xek/app.bsky.feed.post/3me7toxrius2l,en,6,0,0,0,official mention,2026-06-26T14:05:00.228985+00:00,bsky.app/profile/stec,False,en,2026-06-26T14:06:34.776511+00:00,ok,,,,,
539,https://bsky.app/profile/puhjaymas.bsky.social/post/3me7vnyjtxk2t,at://did:plc:6oemkl5jdf7lllmc4s4isctp/app.bsky.feed.post/3me7vnyjtxk2t,bafyreic5inxje2pesi7rxaqfn5uieetgcoxbvwfxrggvub7oq2v55sop64,puhjaymas.bsky.social,did:plc:6oemkl5jdf7lllmc4s4isctp,2026-02-06T21:59:39.951Z,bsky.app/profile/stec...,reply,at://did:plc:oie7tqtdvietsew75kvhabio/app.bsky.feed.post/3me7vhnnusc2t,at://did:plc:c23n7m2mw2uaqoxfigo3fsxn/app.bsky.feed.post/3me7uvk5wkc2e,en,10,0,1,0,official mention,2026-06-26T14:05:00.228985+00:00,bsky.app/profile/stec,False,unknown,2026-06-26T14:06:34.776511+00:00,ok,,,,,
540,https://bsky.app/profile/saturn0000.bsky.social/post/3mdw5sipvhk2r,at://did:plc:7y37yczzpb5r3sg6b7hzxdjl/app.bsky.feed.post/3mdw5sipvhk2r,bafyreid7ykanlyzbypipawr5e27blgzohp5ujebvragnpwxvrzlmyo5ofm,saturn0000.bsky.social,did:plc:7y37yczzpb5r3sg6b7hzxdjl,2026-02-03T00:58:43.695Z,"love the bsky.app/profile/stec... labeler for sticking a badge on a lot of the ""might be a bot/shitbag"" habits

(although the ""got blocked by a lot of people in the last 24 hours"" ones also tend to be a sign that they post NSFW at all haha)",reply,at://did:plc:ijqkqqfqwqc22rjl3dli6wnx/app.bsky.feed.post/3mdw5fbfrus2u,at://did:plc:ijqkqqfqwqc22rjl3dli6wnx/app.bsky.feed.post/3mdw4fzcobc2u,en,0,0,1,0,official mention,2026-06-26T14:05:00.228985+00:00,bsky.app/profile/stec,False,en,2026-06-26T14:06:34.776511+00:00,ok,,,,,
541,https://bsky.app/profile/catfishsushi.bsky.social/post/3mdw3clszv22g,at://did:plc:skkexaqsoaieatm7m64osonp/app.bsky.feed.post/3mdw3clszv22g,bafyreieck5giqaxr4ths2vplfqazhbtvpima4kqf7kvve5uiogymxstgyy,catfishsushi.bsky.social,did:plc:skkexaqsoaieatm7m64osonp,2026-02-03T00:14:02.589Z,bsky.app/profile/stec...,reply,at://did:plc:rbjwcindf6z446y6jy22c67n/app.bsky.feed.post/3mdvw7nfofs2m,at://did:plc:7umvpuxe2vbrc3zrzuquzniu/app.bsky.feed.post/3mdvasor7v22p,en,0,0,1,0,official mention,2026-06-26T14:05:00.228985+00:00,bsky.app/profile/stec,False,unknown,2026-06-26T14:06:34.776511+00:00,ok,,,,,
542,https://bsky.app/profile/mabelsmalltits.bsky.social/post/3mdrbsctug22j,at://did:plc:uqs336feukuif5aj2qndpal4/app.bsky.feed.post/3mdrbsctug22j,bafyreicmdzdkq6cpeh5dobyq5agplbflld7jzflhuewfv262ovp64eslue,mabelsmalltits.bsky.social,did:plc:uqs336feukuif5aj2qndpal4,2026-02-01T02:26:53.809Z,bsky.app/profile/stec...,reply,at://did:plc:kryrnpjkjv66djdpyo2kojrr/app.bsky.feed.post/3mdrbpw4m2k2h,at://did:plc:kryrnpjkjv66djdpyo2kojrr/app.bsky.feed.post/3mdq5zjhco22x,en,1,0,1,0,official mention,2026-06-26T14:05:00.228985+00:00,bsky.app/profile/stec,False,unknown,2026-06-26T14:06:34.776511+00:00,ok,,,,,
543,https://bsky.app/profile/nonadecimal.com/post/3mdjp2ypb2k25,at://did:plc:qrocn3cix26pcikisj3nx7kg/app.bsky.feed.post/3mdjp2ypb2k25,bafyreibziwyzzu7gi7hwmziuufhxjbxz352szcnkajnemcq2wtdxomtavm,nonadecimal.com,did:plc:qrocn3cix26pcikisj3nx7kg,2026-01-29T02:03:05.885Z,"Recommending this account labeler from Cornell that makes it easy to spot suspicious accounts and ones that are follow-farming.

bsky.app/profile/stec...",post,,,en,6,3,1,0,official mention,2026-06-26T14:05:00.228985+00:00,bsky.app/profile/stec,True,en,2026-06-26T14:06:34.776511+00:00,ok,,,,,
544,https://bsky.app/profile/leptonyx.me/post/3mdjcyniu2s2q,at://did:plc:d5nrfir5hjanjpzbicrnxruv/app.bsky.feed.post/3mdjcyniu2s2q,bafyreie24iy27eje5kbrmzdovlvntbdga23uza42oc34u4hed4vmeuett4,leptonyx.me,did:plc:d5nrfir5hjanjpzbicrnxruv,2026-01-28T22:27:02.144Z,"I've found this labeler a good way to help weed these out; while doing something to trigger it isn't a bad thing in and of itself, it definitely gives context.

If ""Resistance Grandma"" posted over 100 times yesterday with no breaks and changed her profile 5 times, ez block
bsky.app/profile/stec...",quote,,,en,5,1,0,1,official mention,2026-06-26T14:05:00.228985+00:00,bsky.app/profile/stec,False,en,2026-06-26T14:06:34.776511+00:00,ok,,,,,
545,https://bsky.app/profile/sheargrub.bsky.social/post/3mdj4df5ej22b,at://did:plc:eb7hzjbwive5rvh6ipiohiu7/app.bsky.feed.post/3mdj4df5ej22b,bafyreidfwuxdzlwjls5j6xmtv3hoxrusyxvqeob6fnz4awk34aknatfuxu,sheargrub.bsky.social,did:plc:eb7hzjbwive5rvh6ipiohiu7,2026-01-28T20:27:46.284Z,"Have you encounted this labeler? It's not exactly what you suggested, but it serves a similar purpose and is just as useful as you describe: bsky.app/profile/stec...",reply,at://did:plc:uemns7yqb62n5kpwe34wgdhs/app.bsky.feed.post/3mdj46uiu7c2d,at://did:plc:uemns7yqb62n5kpwe34wgdhs/app.bsky.feed.post/3mdj45uzwjk2d,en,0,0,0,0,official mention,2026-06-26T14:05:00.228985+00:00,bsky.app/profile/stec,False,en,2026-06-26T14:06:34.776511+00:00,ok,,,,,
546,https://bsky.app/profile/permadeath.com/post/3mdj4auvgok2g,at://did:plc:nlzmjyfv6loqtxyzvdcznwgf/app.bsky.feed.post/3mdj4auvgok2g,bafyreia26rhkmzzne3rgi4pqs2jerfyfzn6anhkrxwkbctzpgxskk4wq2m,permadeath.com,did:plc:nlzmjyfv6loqtxyzvdcznwgf,2026-01-28T20:26:22.135Z,"Best labeler on the site and it should be turned on by default

bsky.app/profile/stec...",reply,at://did:plc:uemns7yqb62n5kpwe34wgdhs/app.bsky.feed.post/3mdj45uzwjk2d,at://did:plc:uemns7yqb62n5kpwe34wgdhs/app.bsky.feed.post/3mdj45uzwjk2d,en,3,0,0,0,official mention,2026-06-26T14:05:00.228985+00:00,bsky.app/profile/stec,False,en,2026-06-26T14:06:34.776511+00:00,ok,,,,,
547,https://bsky.app/profile/drlaurelyanny.bsky.social/post/3mdj3xiokr22v,at://did:plc:p33uhfmjs42q4vpwgwm57zrj/app.bsky.feed.post/3mdj3xiokr22v,bafyreibjqaxbwoppq7iaklar25b7iduzpjfnx634ob73mz2bgjhozzkira,drlaurelyanny.bsky.social,did:plc:p33uhfmjs42q4vpwgwm57zrj,2026-01-28T20:21:07.338Z,bsky.app/profile/stec...,reply,at://did:plc:h7lpckberugprwy3qpu3tch5/app.bsky.feed.post/3mdj3rtupcc25,at://did:plc:h7lpckberugprwy3qpu3tch5/app.bsky.feed.post/3mdj3rtupcc25,en,1,0,0,0,official mention,2026-06-26T14:05:00.228985+00:00,bsky.app/profile/stec,False,unknown,2026-06-26T14:06:34.776511+00:00,ok,,,,,
548,https://bsky.app/profile/stevenimpson.com/post/3mdhjbb247c25,at://did:plc:y4r5vjbmurlzi3p4mffkgnev/app.bsky.feed.post/3mdhjbb247c25,bafyreiclfzeysixi3vvchvhg3qpnmjefwvlacndoxoxo2uqt53273szlwu,stevenimpson.com,did:plc:y4r5vjbmurlzi3p4mffkgnev,2026-01-28T05:13:54.039Z,"This is such an interesting labeler. It’s useful context to see badges on posts from people who changed their profile heaps in the last 24 hours, or didn’t have a break from posting for longer than an hour in the last day.

bsky.app/profile/stec...",post,,,en,0,0,0,0,official mention,2026-06-26T14:05:00.228985+00:00,bsky.app/profile/stec,False,en,2026-06-26T14:06:34.776511+00:00,ok,,,,,
549,https://bsky.app/profile/fack.bsky.social/post/3mdcevdu5es2p,at://did:plc:wruajhwucqcxppfbvbxudmx4/app.bsky.feed.post/3mdcevdu5es2p,bafyreiahn2qg6as3dlnaiiogrosz2c5ybdox3dritqap2ddjjsjjsyivvi,fack.bsky.social,did:plc:wruajhwucqcxppfbvbxudmx4,2026-01-26T04:12:20.679Z,"Might I interest you in this, as well: bsky.app/profile/stec...",reply,at://did:plc:7xyeevb5uvvqdk7uusb5s55u/app.bsky.feed.post/3mdc4az57xs2n,at://did:plc:z2rokxrttw5254hogmucux2x/app.bsky.feed.post/3mdc2ze3wvk2e,en,4,0,1,0,official mention,2026-06-26T14:05:00.228985+00:00,bsky.app/profile/stec,False,en,2026-06-26T14:06:34.776511+00:00,ok,,,,,
550,https://bsky.app/profile/fack.bsky.social/post/3mdcetkfsa22p,at://did:plc:wruajhwucqcxppfbvbxudmx4/app.bsky.feed.post/3mdcetkfsa22p,bafyreibgemnh66yxyzyxz3qbqq7c2f22tx4wvyaobdnh7yprjg4xhnxh6i,fack.bsky.social,did:plc:wruajhwucqcxppfbvbxudmx4,2026-01-26T04:11:20.440Z,"Fyi, this excellent labeller would make this wildly obvious: bsky.app/profile/stec...",reply,at://did:plc:z2rokxrttw5254hogmucux2x/app.bsky.feed.post/3mdc4hnthrk2x,at://did:plc:z2rokxrttw5254hogmucux2x/app.bsky.feed.post/3mdc2ze3wvk2e,en,10,2,0,0,official mention,2026-06-26T14:05:00.228985+00:00,bsky.app/profile/stec,False,en,2026-06-26T14:06:34.776511+00:00,ok,,,,,
551,https://bsky.app/profile/hamorichisato.bsky.social/post/3mdabwaglcc2v,at://did:plc:4b47z4oy75kbxafzrqh2rp4g/app.bsky.feed.post/3mdabwaglcc2v,bafyreiesy3y4fkdmj67maey7wh2mdxrqcrgkq5u2pjfnuy4styip4cmeim,hamorichisato.bsky.social,did:plc:4b47z4oy75kbxafzrqh2rp4g,2026-01-25T08:13:49.936Z,"面白いラベラーといえばこれも
不審な垢か判断するためのやつなんだけど
燻りだされるのは
イベント頑張ってる方とツイ廃

bsky.app/profile/stec...",post,,,ja,1,1,0,0,official mention,2026-06-26T14:05:00.228985+00:00,bsky.app/profile/stec,False,ja,2026-06-26T14:06:34.776511+00:00,ok,,,,,
552,https://bsky.app/profile/jimbiddybimbim.stream/post/3md3qy2huf223,at://did:plc:vbruwfzrutqonm3odq2udz3q/app.bsky.feed.post/3md3qy2huf223,bafyreibk35brwc7lnjctlms2tgbdr5eqsgtmwrtnbmijqpzpde3jkrhw5q,jimbiddybimbim.stream,did:plc:vbruwfzrutqonm3odq2udz3q,2026-01-23T12:59:58.229Z,I had found the labeller from bsky.app/profile/stec... very useful in these situations,reply,at://did:plc:23e6qmug2vwcnsfv2fywuy4b/app.bsky.feed.post/3md3q3iynx22u,at://did:plc:23e6qmug2vwcnsfv2fywuy4b/app.bsky.feed.post/3md3pc5shtk2u,en,2,0,0,0,official mention,2026-06-26T14:05:00.228985+00:00,bsky.app/profile/stec,True,en,2026-06-26T14:06:34.776511+00:00,ok,,,,,
553,https://bsky.app/profile/badposts.xyz/post/3mczxetg5vk2e,at://did:plc:oczhz7t7qu6q4pmqbon32nkf/app.bsky.feed.post/3mczxetg5vk2e,bafyreiejg3hsbkzrn6bkeahybml6ya4hmkhsqi4cilw2ybmuwdrdahknmq,badposts.xyz,did:plc:oczhz7t7qu6q4pmqbon32nkf,2026-01-22T19:49:10.013Z,"This one? 
bsky.app/profile/stec...",reply,at://did:plc:tljmi6adan4tfcivsaibvoah/app.bsky.feed.post/3mczx5fes222m,at://did:plc:tljmi6adan4tfcivsaibvoah/app.bsky.feed.post/3mczx5fes222m,en,1,0,1,0,official mention,2026-06-26T14:05:00.228985+00:00,bsky.app/profile/stec,False,en,2026-06-26T14:06:34.776511+00:00,ok,,,,,
554,https://bsky.app/profile/postmodernism.bsky.social/post/3mczv7a5r4227,at://did:plc:27ufoor2nzqei7eh7lkxjuzd/app.bsky.feed.post/3mczv7a5r4227,bafyreiabyomexusbvnixfl3j24hnlup6ro2zretzudxduo3g2qtdkn2sna,postmodernism.bsky.social,did:plc:27ufoor2nzqei7eh7lkxjuzd,2026-01-22T19:10:14.568Z,yeah it's this one and it's good bsky.app/profile/stec...,reply,at://did:plc:36jnw364gkgrhxgtqoa6eyj6/app.bsky.feed.post/3mczuzuaowc2c,at://did:plc:36jnw364gkgrhxgtqoa6eyj6/app.bsky.feed.post/3mczuzuaowc2c,en,2,0,0,0,official mention,2026-06-26T14:05:00.228985+00:00,bsky.app/profile/stec,False,en,2026-06-26T14:06:34.776511+00:00,ok,,,,,
555,https://bsky.app/profile/sysfin.bsky.social/post/3mczojymr7c2c,at://did:plc:yr7nv7ljdx22v65mqhrwpbvd/app.bsky.feed.post/3mczojymr7c2c,bafyreidlhy365vtp7dzi3qeg6fxtm46fce2s65qipheewkxzfaic7qknie,sysfin.bsky.social,did:plc:yr7nv7ljdx22v65mqhrwpbvd,2026-01-22T17:10:59.578Z,"This is for the posting level

bsky.app/profile/stec...",reply,at://did:plc:zv6gtdlzggihmltashboqtdw/app.bsky.feed.post/3mczoevxits27,at://did:plc:hbpefio3f5csc44msmbgioxz/app.bsky.feed.post/3mcznz6gvls2d,en,3,0,1,0,official mention,2026-06-26T14:05:00.228985+00:00,bsky.app/profile/stec,False,en,2026-06-26T14:06:34.776511+00:00,ok,,,,,
556,https://bsky.app/profile/sharonk.bsky.social/post/3mczoc4ndvs2d,at://did:plc:hbpefio3f5csc44msmbgioxz/app.bsky.feed.post/3mczoc4ndvs2d,bafyreiasu6qvwwmj2lioce4lzr7ympx4tryybc4tn46k7ond23cqfvxf2q,sharonk.bsky.social,did:plc:hbpefio3f5csc44msmbgioxz,2026-01-22T17:06:35.355Z,bsky.app/profile/stec...,reply,at://did:plc:hbpefio3f5csc44msmbgioxz/app.bsky.feed.post/3mczobpxhms2d,at://did:plc:izxpomdyri45gzhppiiyattq/app.bsky.feed.post/3mczo7dfi7k2p,en,6,0,1,0,official mention,2026-06-26T14:05:00.228985+00:00,bsky.app/profile/stec,False,unknown,2026-06-26T14:06:34.776511+00:00,ok,,,,,
557,https://bsky.app/profile/jeffstormer.bsky.social/post/3mcxdnxr2kk2d,at://did:plc:fc54snjz5rpstkn24kaav2be/app.bsky.feed.post/3mcxdnxr2kk2d,bafyreiddmweccj7zhv6f3szut4dbqucjcu57nwq753i3lcuxobrx2qhk2i,jeffstormer.bsky.social,did:plc:fc54snjz5rpstkn24kaav2be,2026-01-21T18:51:02.250Z,"This labeler, which includes flags for not just ""Posts 50/100 times per day"" but also ""Hasn't taken a break from posting in 2/4/8 hours"" has genuinely been essential for me in navigating bluesky

Seeing a ""user is Posting Through It"" alert has saved me so many times

bsky.app/profile/stec...",reply,at://did:plc:54ug727zp5cvlnwzfjtebw7v/app.bsky.feed.post/3mcxayk6c6c2f,at://did:plc:fc54snjz5rpstkn24kaav2be/app.bsky.feed.post/3mcxas6hte22v,en,10,4,1,1,official mention,2026-06-26T14:05:00.228985+00:00,bsky.app/profile/stec,False,en,2026-06-26T14:06:34.776511+00:00,ok,,,,,
558,https://bsky.app/profile/krysaliah.bsky.social/post/3mcw7qgvefs2w,at://did:plc:5ydcitvlhu5ky3sl5kdeafa2/app.bsky.feed.post/3mcw7qgvefs2w,bafyreihzgx3lgok2j3yd6xcwndymalgtigy6zw2rr55eboefike6u6eaqe,krysaliah.bsky.social,did:plc:5ydcitvlhu5ky3sl5kdeafa2,2026-01-21T08:08:10.523Z,bsky.app/profile/stec... voilà c'est celui-ci.,reply,at://did:plc:5ydcitvlhu5ky3sl5kdeafa2/app.bsky.feed.post/3mcw7ony4522w,at://did:plc:njq5tj6ear5urnuoicl2kukt/app.bsky.feed.post/3mcw66rmdm22t,fr,1,0,1,0,official mention,2026-06-26T14:05:00.228985+00:00,bsky.app/profile/stec,False,ro,2026-06-26T14:06:34.776511+00:00,ok,,,,,
559,https://bsky.app/profile/malasuette.bsky.social/post/3mcqjda3q5224,at://did:plc:mgafykqeonpcr7q3rs4tfscn/app.bsky.feed.post/3mcqjda3q5224,bafyreidf5ehin6ma32y2g5h3stal2rsfvyvd53qfxrr6cmcmvh7ukcnyj4,malasuette.bsky.social,did:plc:mgafykqeonpcr7q3rs4tfscn,2026-01-19T01:43:46.171Z,"It's this!

bsky.app/profile/stec...",reply,at://did:plc:aj4bgsgu6v4hivxsaq5fzruz/app.bsky.feed.post/3mcprruogxs25,at://did:plc:mgafykqeonpcr7q3rs4tfscn/app.bsky.feed.post/3mcpr7qrkns2y,en,0,0,1,0,official mention,2026-06-26T14:05:00.228985+00:00,bsky.app/profile/stec,False,en,2026-06-26T14:06:34.776511+00:00,ok,,,,,
560,https://bsky.app/profile/skora.bsky.social/post/3mcpu5her2s24,at://did:plc:y26di3nagwoitxd3eljuzcix/app.bsky.feed.post/3mcpu5her2s24,bafyreifnujjlvww2yqdbcfa23kqdj5pqm76ziuu5twgqd5w446bzjtl7eu,skora.bsky.social,did:plc:y26di3nagwoitxd3eljuzcix,2026-01-18T19:24:43.897Z,same! I recently started following bsky.app/profile/stec... a handy bot that labels when a poster has posted >50 times or changed  profile more than 3x in last 24 hrs it's helpful for identifying possible bots & how are ppl spending so much time on here?!,reply,at://did:plc:as2rllvemkalzy6oeasxamqz/app.bsky.feed.post/3mcnnik7m2c2h,at://did:plc:as2rllvemkalzy6oeasxamqz/app.bsky.feed.post/3mcnnik7m2c2h,en,1,0,0,0,official mention,2026-06-26T14:05:00.228985+00:00,bsky.app/profile/stec,False,en,2026-06-26T14:06:34.776511+00:00,ok,,,,,
561,https://bsky.app/profile/snobwho.neocities.org/post/3mcm6z5trgk2f,at://did:plc:v3hpihu3ezs6j32ilmstylvx/app.bsky.feed.post/3mcm6z5trgk2f,bafyreibza3j25lysopksvh5hxraw2ug4gp2zyxewzlgoa7lmsma2ko4t3u,snobwho.neocities.org,did:plc:v3hpihu3ezs6j32ilmstylvx,2026-01-17T08:28:31.898Z,"Anyway, look at this cool spam detector tool.

bsky.app/profile/stec...",reply,at://did:plc:v3hpihu3ezs6j32ilmstylvx/app.bsky.feed.post/3mcm533e6ds2b,at://did:plc:v3hpihu3ezs6j32ilmstylvx/app.bsky.feed.post/3mcm533e6ds2b,en,1,0,0,0,official mention,2026-06-26T14:05:00.228985+00:00,bsky.app/profile/stec,False,en,2026-06-26T14:06:34.776511+00:00,ok,,,,,
562,https://bsky.app/profile/mzxmike.bsky.social/post/3mcm6xnoxrc2f,at://did:plc:ymvcmqtfpunqbx6wapocwwwc/app.bsky.feed.post/3mcm6xnoxrc2f,bafyreiayp2ivaweurnaowb2jzxk542t73p46y7on2u4a7l4syc44muqnuu,mzxmike.bsky.social,did:plc:ymvcmqtfpunqbx6wapocwwwc,2026-01-17T08:27:41.406Z,"This is a cool Bsky tool. 

I recommend it. 

bsky.app/profile/stec...",reply,at://did:plc:ymvcmqtfpunqbx6wapocwwwc/app.bsky.feed.post/3mcm5cg4snc2b,at://did:plc:ymvcmqtfpunqbx6wapocwwwc/app.bsky.feed.post/3mcm5cg4snc2b,en,0,0,0,0,official mention,2026-06-26T14:05:00.228985+00:00,bsky.app/profile/stec,False,en,2026-06-26T14:06:34.776511+00:00,ok,,,,,
563,https://bsky.app/profile/infinitefinite.blog/post/3mcm4ynuols2e,at://did:plc:eztpytjgktizvzoddfmqmhf4/app.bsky.feed.post/3mcm4ynuols2e,bafyreibxa6i7isnkca7lbwh6dul7pq7gc7venr5k4abszm6tzaxdqz5gae,infinitefinite.blog,did:plc:eztpytjgktizvzoddfmqmhf4,2026-01-17T07:52:27.667Z,"Here you go, it was easier to find the link

bsky.app/profile/stec...",reply,at://did:plc:cipv3arp27zug6ugyk7fv76o/app.bsky.feed.post/3mcm4vsyd7k2m,at://did:plc:eztpytjgktizvzoddfmqmhf4/app.bsky.feed.post/3mcm2w4mec22c,en,1,0,1,0,official mention,2026-06-26T14:05:00.228985+00:00,bsky.app/profile/stec,False,en,2026-06-26T14:06:34.776511+00:00,ok,,,,,
564,https://bsky.app/profile/thomasfuchs.at/post/3mckfxjrox22g,at://did:plc:tbo4hkau3p2itkar2vsnb3gp/app.bsky.feed.post/3mckfxjrox22g,bafyreidbtiw7zbjk72pgy6ghiutawsgje34tvvr7iv4uha6iksg2g7amnm,thomasfuchs.at,did:plc:tbo4hkau3p2itkar2vsnb3gp,2026-01-16T15:27:34.020Z,"This labeler is helpful: bsky.app/profile/stec...

plus if you look at replies from the bot account they usually they post an identical or mostly identical reply to many another posts, often unrelated. plus follower count or followers/followees ratio.",reply,at://did:plc:dgq526l7uialapzmwqjiwtob/app.bsky.feed.post/3mckfm3t4o22m,at://did:plc:dr6cavavqbbtzeknnl76tp54/app.bsky.feed.post/3mci4lbfbgk2p,en,4,0,3,0,official mention,2026-06-26T14:05:00.228985+00:00,bsky.app/profile/stec,False,en,2026-06-26T14:06:34.776511+00:00,ok,,,,,
565,https://bsky.app/profile/gerwyn.uk/post/3mchjm563i22x,at://did:plc:5hvqi3jxnqkcugdmon27ie7y/app.bsky.feed.post/3mchjm563i22x,bafyreicekg6iqjkab4tu3457dvmqw4xronifrpwllq6zanwghfveek23gu,gerwyn.uk,did:plc:5hvqi3jxnqkcugdmon27ie7y,2026-01-15T11:54:47.448Z,"I’ve subscribed to this list.
It flags various wonky behaviours, as you saw. It gives you a bit of an insight on their actions in the last 24hrs - as you saw 

bsky.app/profile/stec...",reply,at://did:plc:dfrlhxcvlscyo6l4xxcedzvl/app.bsky.feed.post/3mchjitvgm225,at://did:plc:xurjtu2wa2akyi64gab34ahg/app.bsky.feed.post/3mch3ct3bss2c,en,1,0,1,0,official mention,2026-06-26T14:05:00.228985+00:00,bsky.app/profile/stec,False,en,2026-06-26T14:06:34.776511+00:00,ok,,,,,
566,https://bsky.app/profile/the-art-of-web.com/post/3mcfhoy65fk2q,at://did:plc:y3vu6k7ozqpbc7rd7fgh5dug/app.bsky.feed.post/3mcfhoy65fk2q,bafyreia57g5tmlbzox3fhn7wwgaj3wnouckeuwyfoutz6ia6s2mj534ghi,the-art-of-web.com,did:plc:y3vu6k7ozqpbc7rd7fgh5dug,2026-01-14T16:15:15.911Z,"I don't block, but I do use a few labellers to filter, label and otherwise improve my feed:
-> bsky.app/moderation
-> bsky.app/profile/pef-...
-> bsky.app/profile/skyw...
-> bsky.app/profile/enga...
-> bsky.app/profile/stec...",reply,at://did:plc:rbn2klaral4w3xi2qe5nlgz4/app.bsky.feed.post/3mcfhb5gg7k23,at://did:plc:y3vu6k7ozqpbc7rd7fgh5dug/app.bsky.feed.post/3mcf26boydk2f,en,2,0,0,0,official mention,2026-06-26T14:05:00.228985+00:00,bsky.app/profile/stec,False,en,2026-06-26T14:06:34.776511+00:00,ok,,,,,
567,https://bsky.app/profile/jaanus.bsky.social/post/3mce5annljs2x,at://did:plc:qhzzofs52o2xmo3qm6w6p7rw/app.bsky.feed.post/3mce5annljs2x,bafyreihp5zrx5a6xqncav6jfxioknrryojkswvoaskvj7nv4hqlf24iewa,jaanus.bsky.social,did:plc:qhzzofs52o2xmo3qm6w6p7rw,2026-01-14T03:35:37.963Z,I discovered an interesting labeler for this site bsky.app/profile/stec...,post,,,en,9,1,4,0,official mention,2026-06-26T14:05:00.228985+00:00,bsky.app/profile/stec,False,en,2026-06-26T14:06:34.776511+00:00,ok,,,,,
568,https://bsky.app/profile/gorlock.bsky.social/post/3mce233utxc2v,at://did:plc:j4ipmd6ouio32ib7dj3svm5u/app.bsky.feed.post/3mce233utxc2v,bafyreiaggrfjcnaujpjoezawdm7bliddcyzbyoji7y3cxlwlaxy2doru4e,gorlock.bsky.social,did:plc:j4ipmd6ouio32ib7dj3svm5u,2026-01-14T02:38:50.329Z,bsky.app/profile/stec...,reply,at://did:plc:j4ipmd6ouio32ib7dj3svm5u/app.bsky.feed.post/3mce22nelj22v,at://did:plc:hghygy3ewaffngg6gfqpdh2n/app.bsky.feed.post/3mcdym2q7fk27,en,2,0,0,0,official mention,2026-06-26T14:05:00.228985+00:00,bsky.app/profile/stec,False,unknown,2026-06-26T14:06:34.776511+00:00,ok,,,,,
569,https://bsky.app/profile/aminifer.eurosky.social/post/3mcd2w2rayk2x,at://did:plc:riljavjmnu4lotesqwdppb5y/app.bsky.feed.post/3mcd2w2rayk2x,bafyreicq3ri4t4ziezrjtrdoqcdrm4cctqt27jqkrohqasf6p6rl2agjgi,aminifer.eurosky.social,did:plc:riljavjmnu4lotesqwdppb5y,2026-01-13T17:21:15.395Z,"Understandable concern, but I've found the well-run, transparent, blocklists to be really helpful. Re tags, the closest I've found for what you're looking for are some of  these, which cover some of the indicators of inauthentic accounts, eg repeated posting of links:

bsky.app/profile/stec...",reply,at://did:plc:itmn4fk3nagdrt622u7f53fh/app.bsky.feed.post/3mccyzybzr22l,at://did:plc:itmn4fk3nagdrt622u7f53fh/app.bsky.feed.post/3mccexdx6x22b,en,1,0,1,0,official mention,2026-06-26T14:05:00.228985+00:00,bsky.app/profile/stec,False,en,2026-06-26T14:06:34.776511+00:00,ok,,,,,
570,https://bsky.app/profile/jakei.bsky.social/post/3mcbq6ebdgs2q,at://did:plc:vjyot2w7zeomrslomwpfxirl/app.bsky.feed.post/3mcbq6ebdgs2q,bafyreiaycp5wwtrgdtmgbiafbjlp5or2y6g6skityzyo2mevfxlgdz6q74,jakei.bsky.social,did:plc:vjyot2w7zeomrslomwpfxirl,2026-01-13T04:36:22.895Z,bsky.app/profile/stec...,reply,at://did:plc:vjyot2w7zeomrslomwpfxirl/app.bsky.feed.post/3mcbpzjj5pk2q,at://did:plc:vjyot2w7zeomrslomwpfxirl/app.bsky.feed.post/3mcbpqozdcc2q,en,1,0,1,0,official mention,2026-06-26T14:05:00.228985+00:00,bsky.app/profile/stec,False,unknown,2026-06-26T14:06:34.776511+00:00,ok,,,,,
571,https://bsky.app/profile/molloy.bsky.social/post/3mcavhgbx6c22,at://did:plc:ypknlvh4dgkeihj4sbgp4vb4/app.bsky.feed.post/3mcavhgbx6c22,bafyreibvnwm2lmn34d7vh2yxrmgcsdk6l7cyscswj2gwov56hidbm7otti,molloy.bsky.social,did:plc:ypknlvh4dgkeihj4sbgp4vb4,2026-01-12T20:38:15.973Z,bsky.app/profile/stec...,reply,at://did:plc:ypknlvh4dgkeihj4sbgp4vb4/app.bsky.feed.post/3mcavf6jhuk22,at://did:plc:imsgrcen4rh6wsoyyxxtfgpn/app.bsky.feed.post/3mc3pxmxb7s2s,en,1,0,0,0,official mention,2026-06-26T14:05:00.228985+00:00,bsky.app/profile/stec,False,unknown,2026-06-26T14:06:34.776511+00:00,ok,,,,,
572,https://bsky.app/profile/reidman.bsky.social/post/3mc7bww6c522w,at://did:plc:pz2i47vqy6uactwgikp4ijf7/app.bsky.feed.post/3mc7bww6c522w,bafyreiak7yypoqct4whv5u3cf4ggzat3g6t3hatvlvf6vssqxigod7kss4,reidman.bsky.social,did:plc:pz2i47vqy6uactwgikp4ijf7,2026-01-12T05:16:21.372Z,"you can subscribe to a labeler, which basically gives you precog abilities before you engage with a psycho on here. here's the one he's using: bsky.app/profile/stec...",reply,at://did:plc:mdssyrm6icihi35qu3erw3cw/app.bsky.feed.post/3mc75p6wknc2b,at://did:plc:yjl44ckrkaif35o6jfl767vp/app.bsky.feed.post/3mc74y7bys224,en,2,0,0,0,official mention,2026-06-26T14:05:00.228985+00:00,bsky.app/profile/stec,False,en,2026-06-26T14:06:34.776511+00:00,ok,,,,,
573,https://bsky.app/profile/ladyaranea.bsky.social/post/3mc65zapps22s,at://did:plc:mowyr5u5vzm5h5h3elsf2urd/app.bsky.feed.post/3mc65zapps22s,bafyreifkjse2wet52q2p6drkvjvtzs327ucucsi3itikknw2irvaekhs7a,ladyaranea.bsky.social,did:plc:mowyr5u5vzm5h5h3elsf2urd,2026-01-11T18:33:24.833Z,Ah ha! bsky.app/profile/stec...,reply,at://did:plc:l6uabazjem2n2i3gasazsoeh/app.bsky.feed.post/3mc65n5f2v22t,at://did:plc:mowyr5u5vzm5h5h3elsf2urd/app.bsky.feed.post/3mc65gzeytc2s,en,4,0,3,0,official mention,2026-06-26T14:05:00.228985+00:00,bsky.app/profile/stec,False,unknown,2026-06-26T14:06:34.776511+00:00,ok,,,,,
574,https://bsky.app/profile/rafmbatista.bsky.social/post/3mc4f2mkhhc2j,at://did:plc:5mj3u4tnxciyyvrsxqv254xw/app.bsky.feed.post/3mc4f2mkhhc2j,bafyreihkvqlzatiu4pozsiuvolzr44wgnz3o4v64lyiraqy7qk7wqdlkzq,rafmbatista.bsky.social,did:plc:5mj3u4tnxciyyvrsxqv254xw,2026-01-11T01:34:07.511Z,"This is one of the coolest features I’ve seen developed for @bsky.app, specifically designed to counteract these “spew machines” that @natematias.bsky.social is talking about. Frankly, it’s changed my Bluesky experience.

bsky.app/profile/stec...",quote,,,en,2,0,0,0,official mention,2026-06-26T14:05:00.228985+00:00,bsky.app/profile/stec,False,en,2026-06-26T14:06:34.776511+00:00,ok,,,,,
575,https://bsky.app/profile/dryad.technology/post/3mc4c2jo3uc2w,at://did:plc:2aebn3xk5t63net43eeepire/app.bsky.feed.post/3mc4c2jo3uc2w,bafyreib6wetffgnfnzeym33rq66rnj4izn4nmqpuuxiav2ssswf462enxa,dryad.technology,did:plc:2aebn3xk5t63net43eeepire,2026-01-11T00:40:23.261Z,"Note: This is a joke; I am referring to the ""Posts a lot: More than 50 times yesterday"" and ""Replies a lot: More than 100 times yesterday"" labels; I don't know if those apply to me; I think that this is actually a interesting and potentially valuable idea, tho I have crits bsky.app/profile/stec...",reply,at://did:plc:2aebn3xk5t63net43eeepire/app.bsky.feed.post/3mc4al7w5qc2w,at://did:plc:2aebn3xk5t63net43eeepire/app.bsky.feed.post/3mc4al7w5qc2w,en,21,0,5,0,official mention,2026-06-26T14:05:00.228985+00:00,bsky.app/profile/stec,False,en,2026-06-26T14:06:34.776511+00:00,ok,,,,,
576,https://bsky.app/profile/loubegavevo.bsky.social/post/3mc3mjzur6c2m,at://did:plc:huqwpr7wosr5thv7227zdbvs/app.bsky.feed.post/3mc3mjzur6c2m,bafyreidknabvifkqj2ofp6g7o3g7ucz22z4h52qb6ppf5i67hmvca4fipi,loubegavevo.bsky.social,did:plc:huqwpr7wosr5thv7227zdbvs,2026-01-10T18:15:21.253Z,😌 bsky.app/profile/stec...,reply,at://did:plc:jp2rl3twzm5rpxwa5bbnge6j/app.bsky.feed.post/3mc3mfoeaw223,at://did:plc:huqwpr7wosr5thv7227zdbvs/app.bsky.feed.post/3mc3hsb7fn22g,en,0,0,0,0,official mention,2026-06-26T14:05:00.228985+00:00,bsky.app/profile/stec,False,unknown,2026-06-26T14:06:34.776511+00:00,ok,,,,,
577,https://bsky.app/profile/ingr.own.baby/post/3mc2bngtgtk2z,at://did:plc:vqqputft2o4kkf4rcvvxr3rp/app.bsky.feed.post/3mc2bngtgtk2z,bafyreicza7ydbitfstl7a5ifvrzil5auzrtvjwwj4zq2zdntnvlx6nij4e,ingr.own.baby,did:plc:vqqputft2o4kkf4rcvvxr3rp,2026-01-10T05:27:44.606Z,bsky.app/profile/stec...,reply,at://did:plc:sefdkaynhocvg2bnpenlvioa/app.bsky.feed.post/3mc22oxgq5c2l,at://did:plc:k6kg5ccozcphfcmp4zyx3s64/app.bsky.feed.post/3mc22bca4wc2n,en,2,0,0,0,official mention,2026-06-26T14:05:00.228985+00:00,bsky.app/profile/stec,False,unknown,2026-06-26T14:06:34.776511+00:00,ok,,,,,
578,https://bsky.app/profile/taastee.blacksky.app/post/3mbzign6y5c2e,at://did:plc:vdyw7lv45m755ne5sxelimkn/app.bsky.feed.post/3mbzign6y5c2e,bafyreih5lxmeb6nvml3ta7agoqai22qczpnv3j3bs4hxbldouoqjdtmdnm,taastee.blacksky.app,did:plc:vdyw7lv45m755ne5sxelimkn,2026-01-09T21:56:32.850Z,All these labels are wild bsky.app/profile/stec...,post,,,en,2,4,3,0,official mention,2026-06-26T14:05:00.228985+00:00,bsky.app/profile/stec,False,en,2026-06-26T14:06:34.776511+00:00,ok,,,,,
579,https://bsky.app/profile/endlessblue.com/post/3mbzhyshftk2h,at://did:plc:xzowltid3qlufamza4ux6ziy/app.bsky.feed.post/3mbzhyshftk2h,bafyreib6dnjqyzcnlxsq4my2kjowuhsmb7zn62atj6dzqp3zy2nrfoi5uy,endlessblue.com,did:plc:xzowltid3qlufamza4ux6ziy,2026-01-09T21:48:48.606Z,"Cornell Tech, does some pretty cool stuff 👉 bsky.app/profile/stec...",reply,at://did:plc:pxw775c7kqs7ywlzbdofvz75/app.bsky.feed.post/3mbzhb2epo22z,at://did:plc:hlp7bkvxwumcxjutegxwnnnw/app.bsky.feed.post/3mbzfhtosl22v,en,3,0,1,1,official mention,2026-06-26T14:05:00.228985+00:00,bsky.app/profile/stec,False,en,2026-06-26T14:06:34.776511+00:00,ok,,,,,
580,https://bsky.app/profile/erinaceousphd.blacksky.app/post/3mbzhddbkzs2s,at://did:plc:mzqt757xrtcyud3tinjvyy2p/app.bsky.feed.post/3mbzhddbkzs2s,bafyreied65lyi3h3fazzhlgzdgnjw5nhipczdeyzv5akxjvj4bndu2hxr4,erinaceousphd.blacksky.app,did:plc:mzqt757xrtcyud3tinjvyy2p,2026-01-09T21:36:48.044Z,"It’s a public labeler. *I* use it to track weird, fake account activity, but the labels you choose do show up on any account if they meet the criteria. 

bsky.app/profile/stec...",reply,at://did:plc:k42l6sozg6qkz4d3q3zklwl5/app.bsky.feed.post/3mbzh3ob7gk2s,at://did:plc:k42l6sozg6qkz4d3q3zklwl5/app.bsky.feed.post/3mbzh3ob7gk2s,en,3,0,1,1,official mention,2026-06-26T14:05:00.228985+00:00,bsky.app/profile/stec,False,en,2026-06-26T14:06:34.776511+00:00,ok,,,,,
581,https://bsky.app/profile/estupido.fyi/post/3mbxdocs37k2e,at://did:plc:cavb27pcovgqp6cncomyv3j3/app.bsky.feed.post/3mbxdocs37k2e,bafyreibys27dqclzm4toykxne24mkobxdhzeiubyzc4ee3hk4nnjzmjsky,estupido.fyi,did:plc:cavb27pcovgqp6cncomyv3j3,2026-01-09T01:26:02.191Z,bsky.app/profile/stec...,reply,at://did:plc:cavb27pcovgqp6cncomyv3j3/app.bsky.feed.post/3mbxdm3evac2e,at://did:plc:kmqa6ybu75bsrh2a7ccavy6g/app.bsky.feed.post/3mbxd35gecc25,en,0,0,1,0,official mention,2026-06-26T14:05:00.228985+00:00,bsky.app/profile/stec,False,unknown,2026-06-26T14:06:34.776511+00:00,ok,,,,,
582,https://bsky.app/profile/eglyde.bsky.social/post/3mbwc2x4qdk23,at://did:plc:tiffzh4owzn5f7zggb7pw5js/app.bsky.feed.post/3mbwc2x4qdk23,bafyreickoaigwrtinyqi3vrs44wi4zdgbx53pd52ogq5tmdhewzh2gxnym,eglyde.bsky.social,did:plc:tiffzh4owzn5f7zggb7pw5js,2026-01-08T15:24:38.942Z,"It’s this btw

bsky.app/profile/stec...",reply,at://did:plc:tiffzh4owzn5f7zggb7pw5js/app.bsky.feed.post/3mbw3avy5mc2x,at://did:plc:tiffzh4owzn5f7zggb7pw5js/app.bsky.feed.post/3mbw3avy5mc2x,en,0,0,0,0,official mention,2026-06-26T14:05:00.228985+00:00,bsky.app/profile/stec,False,en,2026-06-26T14:06:34.776511+00:00,ok,,,,,
583,https://bsky.app/profile/treio24.bsky.social/post/3mbvadfchgs2b,at://did:plc:cck3ymz23dc53ziwbkx5fajf/app.bsky.feed.post/3mbvadfchgs2b,bafyreibwjxrv77jew24o5vvo3g7wwnxbu6m6dv442vz7rwy7y4vp4dufna,treio24.bsky.social,did:plc:cck3ymz23dc53ziwbkx5fajf,2026-01-08T05:20:55.023Z,bsky.app/profile/stec...,reply,at://did:plc:dcev7qmkonzik3zfs4vffkal/app.bsky.feed.post/3mbva7ox7zs2a,at://did:plc:7umvpuxe2vbrc3zrzuquzniu/app.bsky.feed.post/3mbv6odiyhs2x,en,7,0,1,0,official mention,2026-06-26T14:05:00.228985+00:00,bsky.app/profile/stec,False,unknown,2026-06-26T14:06:34.776511+00:00,ok,,,,,
584,https://bsky.app/profile/stoneyboboney.bsky.social/post/3mbu7hawxzk2j,at://did:plc:d3iqst7etkr4vmv2vnpfk4t2/app.bsky.feed.post/3mbu7hawxzk2j,bafyreib4gsfyja7cj6qi72axr4zbazqn6bm2cji2lvvq7vyhg4vacfmuau,stoneyboboney.bsky.social,did:plc:d3iqst7etkr4vmv2vnpfk4t2,2026-01-07T19:32:31.190Z,"Today is maybe a good day to add a labeler to your Skyline. Helps detect potential bots and ne’er do wells. 

Subscribe and you can change how you want to be informed. I like an account badge. 

bsky.app/profile/stec...",post,,,en,3,0,0,0,official mention,2026-06-26T14:05:00.228985+00:00,bsky.app/profile/stec,False,en,2026-06-26T14:06:34.776511+00:00,ok,,,,,
585,https://bsky.app/profile/rickyromero.com/post/3mbrsamcn7c2b,at://did:plc:xhav4hwwtfugm3bcpdegzlhz/app.bsky.feed.post/3mbrsamcn7c2b,bafyreihy6hnbdsh2oyrju5to3mjdplwxehodzeglasgs3xsjo3z7nashva,rickyromero.com,did:plc:xhav4hwwtfugm3bcpdegzlhz,2026-01-06T20:30:50.101Z,Neat Bluesky labeler that highlights accounts that are Too Online or spammy or whatever bsky.app/profile/stec...,post,,,en,1,0,0,0,official mention,2026-06-26T14:05:00.228985+00:00,bsky.app/profile/stec,True,en,2026-06-26T14:06:34.776511+00:00,ok,,,,,
586,https://bsky.app/profile/justinfalcone.com/post/3mbrs5pv7j22l,at://did:plc:g2rjxshkrnoiucse7p3hsdl4/app.bsky.feed.post/3mbrs5pv7j22l,bafyreibhip3h2ikiqe5zixws4tnktcelxa3jwf356lxv2jc7njxidk73ue,justinfalcone.com,did:plc:g2rjxshkrnoiucse7p3hsdl4,2026-01-06T20:29:13.197Z,This one is good for knowing who needs to Touch Grass bsky.app/profile/stec...,reply,at://did:plc:5qartdsce62n2wfyvtocmoob/app.bsky.feed.post/3mbrrfuwiys27,at://did:plc:5qartdsce62n2wfyvtocmoob/app.bsky.feed.post/3mbrrfuwiys27,en,0,0,0,0,official mention,2026-06-26T14:05:00.228985+00:00,bsky.app/profile/stec,False,en,2026-06-26T14:06:34.776511+00:00,ok,,,,,
587,https://bsky.app/profile/jonikorpi.com/post/3mbrmmarodc2d,at://did:plc:gwuyxh5ulu5wdi2f5ibth533/app.bsky.feed.post/3mbrmmarodc2d,bafyreia2tjieijozrxds5t7h356ucasw2rutvqixqxfysmuse4avjemdv4,jonikorpi.com,did:plc:gwuyxh5ulu5wdi2f5ibth533,2026-01-06T18:49:58.213Z,"This service labels Bsky users exhibiting various kinds of suspicious or spammy behaviour, like “posted 50+ times yesterday”. Great context clues for deciding whether to repost something or not. bsky.app/profile/stec...

(via @tinysubversions.bsky.social)",post,,,en,4,0,0,0,official mention,2026-06-26T14:05:00.228985+00:00,bsky.app/profile/stec,False,en,2026-06-26T14:06:34.776511+00:00,ok,,,,,
588,https://bsky.app/profile/dylan-149.bsky.social/post/3mbrcaekvnk2p,at://did:plc:4iycynucs7wmuwd4dmcq2cvd/app.bsky.feed.post/3mbrcaekvnk2p,bafyreie4jsxcoc24du7ujohh45nonmyqsdciytn56wgod6e6zsj27v4wwy,dylan-149.bsky.social,did:plc:4iycynucs7wmuwd4dmcq2cvd,2026-01-06T15:44:22.118Z,"Pretty sure this is the one: 
bsky.app/profile/stec...",reply,at://did:plc:izspujcztlala2m5fp756azj/app.bsky.feed.post/3mbrb4zwfbs22,at://did:plc:izspujcztlala2m5fp756azj/app.bsky.feed.post/3mbrb4zwfbs22,en,0,1,0,0,official mention,2026-06-26T14:05:00.228985+00:00,bsky.app/profile/stec,False,en,2026-06-26T14:06:34.776511+00:00,ok,,,,,
589,https://bsky.app/profile/robotron.blog/post/3mbqy4vrdus2e,at://did:plc:jhjjbpzofyxjsjz3qiis3i2z/app.bsky.feed.post/3mbqy4vrdus2e,bafyreiemovpq32bsfexigts3vmgm5gb5sdlppffhzw6d37ja2uzp6j5j2m,robotron.blog,did:plc:jhjjbpzofyxjsjz3qiis3i2z,2026-01-06T12:43:28.519Z,"@garlicbuffalo.gobirds.biz put me onto  it 

bsky.app/profile/stec...",reply,at://did:plc:jhjjbpzofyxjsjz3qiis3i2z/app.bsky.feed.post/3mbqxzllhhc2e,at://did:plc:jhjjbpzofyxjsjz3qiis3i2z/app.bsky.feed.post/3mbqxj6d3c22e,en,2,0,1,0,official mention,2026-06-26T14:05:00.228985+00:00,bsky.app/profile/stec,False,en,2026-06-26T14:06:34.776511+00:00,ok,,,,,
590,https://bsky.app/profile/letsbepurple.bsky.social/post/3mbozec47j22a,at://did:plc:z3uxrp3jjms42yvq5r5mtn2s/app.bsky.feed.post/3mbozec47j22a,bafyreidhcrxyec4u2rfkitsenyny37ookeg3mzo3yzga3qwky4er6joiji,letsbepurple.bsky.social,did:plc:z3uxrp3jjms42yvq5r5mtn2s,2026-01-05T18:00:10.604Z,Ah. It’s Chad Loder.  But here’s the labeler bsky.app/profile/stec...,reply,at://did:plc:x4g4laxkmsrczwvnvbbgsm7g/app.bsky.feed.post/3mboyszwvk22c,at://did:plc:nywb5oene54cllowkfwouxzz/app.bsky.feed.post/3mboy4jqcdc2v,en,1,0,1,0,official mention,2026-06-26T14:05:00.228985+00:00,bsky.app/profile/stec,False,en,2026-06-26T14:06:34.776511+00:00,ok,,,,,
591,https://bsky.app/profile/cheatlines.co/post/3mbow7fc6t222,at://did:plc:r335dcuzq7ta2fmsb2gk4dgn/app.bsky.feed.post/3mbow7fc6t222,bafyreie3jxqfiouvoh2hafdytqrr4fhv3ztwnz72hdls2vgldt775qah5y,cheatlines.co,did:plc:r335dcuzq7ta2fmsb2gk4dgn,2026-01-05T17:03:44.949Z,"The Cornell Tech one, I have a few of the badges off but it can be a nice indicator if someone is On One 
bsky.app/profile/stec...",reply,at://did:plc:vviov3wsqq57ao6bl2ppenet/app.bsky.feed.post/3mboqfnwlvc2a,at://did:plc:r335dcuzq7ta2fmsb2gk4dgn/app.bsky.feed.post/3mbooesochk25,en,1,0,2,0,official mention,2026-06-26T14:05:00.228985+00:00,bsky.app/profile/stec,False,en,2026-06-26T14:06:34.776511+00:00,ok,,,,,
592,https://bsky.app/profile/prettyhatmachine.bsky.social/post/3mbo7gto4jk24,at://did:plc:ef5d3i3gml75xfjss2g2oixm/app.bsky.feed.post/3mbo7gto4jk24,bafyreiclpybpz2cmnhind2f65ulr45qcjzxerqjvxk2tlqp5wavbcymipm,prettyhatmachine.bsky.social,did:plc:ef5d3i3gml75xfjss2g2oixm,2026-01-05T10:16:18.838Z,"bsky.app/profile/stec...

Like me you’ll notice we hit the 50+ posts mark but *shakes fist* but “these are my rational opinions!” 😜",reply,at://did:plc:bcgtpezwhu5ynanpiezkmfim/app.bsky.feed.post/3mbo7cota7c2r,at://did:plc:bcgtpezwhu5ynanpiezkmfim/app.bsky.feed.post/3mbo6khfae22r,en,2,0,1,0,official mention,2026-06-26T14:05:00.228985+00:00,bsky.app/profile/stec,False,en,2026-06-26T14:06:34.776511+00:00,ok,,,,,
593,https://bsky.app/profile/boleteful.bsky.social/post/3mbn3fs6k5s2g,at://did:plc:lxsccabozz6iqozg4klwqb7f/app.bsky.feed.post/3mbn3fs6k5s2g,bafyreia2wwayfiqtn3nhqmgwlfmoglywbax3d5rjofgklwsd43wifeeiqa,boleteful.bsky.social,did:plc:lxsccabozz6iqozg4klwqb7f,2026-01-04T23:31:29.016Z,"This: bsky.app/profile/labe...

But also this is another useful one: bsky.app/profile/stec...

They're both good for catching concerning behavior that's not inherently problematic.",reply,at://did:plc:gju3fwb2ud6jqit4me7hkvcg/app.bsky.feed.post/3mbn32ui2hc2y,at://did:plc:gju3fwb2ud6jqit4me7hkvcg/app.bsky.feed.post/3mbn32ui2hc2y,en,0,0,0,0,official mention,2026-06-26T14:05:00.228985+00:00,bsky.app/profile/stec,False,en,2026-06-26T14:06:34.776511+00:00,ok,,,,,
594,https://bsky.app/profile/lopcode.com/post/3mbn2m6vzh225,at://did:plc:bevmk47n6huwmjnhckbeni3v/app.bsky.feed.post/3mbn2m6vzh225,bafyreiexnjm65svjl6ivuei24jvlznkqhn4msgo22dyl4h2oaj6cywv7vy,lopcode.com,did:plc:bevmk47n6huwmjnhckbeni3v,2026-01-04T23:17:09.957Z,"I don't know why that copied the DID link but here's the profile link instead: bsky.app/profile/stec...

use it, or don't, I'm just a rabbit",reply,at://did:plc:bevmk47n6huwmjnhckbeni3v/app.bsky.feed.post/3mbn2jbjsfk25,at://did:plc:bevmk47n6huwmjnhckbeni3v/app.bsky.feed.post/3mbn2jbjsfk25,en,3,0,0,0,official mention,2026-06-26T14:05:00.228985+00:00,bsky.app/profile/stec,False,en,2026-06-26T14:06:34.776511+00:00,ok,,,,,
595,https://bsky.app/profile/currentquiet.bsky.social/post/3mbmyc27pts2p,at://did:plc:frty6vd7cdc5shxqdkcf7xwv/app.bsky.feed.post/3mbmyc27pts2p,bafyreif56sxageh5ixhxmfs43lyns7jqy6eveusiktq5ku6nol3ja6alnu,currentquiet.bsky.social,did:plc:frty6vd7cdc5shxqdkcf7xwv,2026-01-04T22:35:42.003Z,"bsky.app/profile/stec... 
Unfollowed a couple people today bc they basically never went under 50 posts a day, one of em had the ""no gap in posting more than 4 hours"" the account was just a person's, not a bot, nor a journalist etc. . Idk I just feel like noone that online can have truly good takes",post,,,en,0,0,0,0,official mention,2026-06-26T14:05:00.228985+00:00,bsky.app/profile/stec,False,en,2026-06-26T14:06:34.776511+00:00,ok,,,,,
596,https://bsky.app/profile/sky.skymarchini.net/post/3mbmp7636qc24,at://did:plc:j2kmiyhld5btzozgzwy3lc2m/app.bsky.feed.post/3mbmp7636qc24,bafyreiadyrls3lzbqy4yts3kvya6qq63kgvponoemlwxqd3hlhutb6nv5m,sky.skymarchini.net,did:plc:j2kmiyhld5btzozgzwy3lc2m,2026-01-04T19:53:01.710Z,"bsky.app/profile/labe...

And bsky.app/profile/stec...",reply,at://did:plc:rvegwog7asnreqx3linjlzph/app.bsky.feed.post/3mbmotbydsc2l,at://did:plc:j2kmiyhld5btzozgzwy3lc2m/app.bsky.feed.post/3mbmlqchezc24,en,1,0,1,0,official mention,2026-06-26T14:05:00.228985+00:00,bsky.app/profile/stec,False,unknown,2026-06-26T14:06:34.776511+00:00,ok,,,,,
597,https://bsky.app/profile/skullmandible.bsky.social/post/3mbmjsevygk2r,at://did:plc:bqyksrbynomvbgsjsd6nuzto/app.bsky.feed.post/3mbmjsevygk2r,bafyreifa5ljx6lf6bursjfogz7u6b57h72llt7vdkdg2geqbdsucgnnf2e,skullmandible.bsky.social,did:plc:bqyksrbynomvbgsjsd6nuzto,2026-01-04T18:16:23.955Z,"I subscribe to this labeler, which automatically shows you information about an account if  hits certain thresholds. for instance, Ann actually topped herself yesterday! it must've been tricky doing that while also doing the revolutionary stuff she wants other people to do bsky.app/profile/stec...",reply,at://did:plc:t73nbjsb6engmjg6kuym2vtb/app.bsky.feed.post/3mbmbvp6clc2j,at://did:plc:4edsja5x3gixvokf4exuy4to/app.bsky.feed.post/3mbk7g5omc222,en,70,5,1,1,official mention,2026-06-26T14:05:00.228985+00:00,bsky.app/profile/stec,True,en,2026-06-26T14:06:34.776511+00:00,ok,,,,,
598,https://bsky.app/profile/breen.tech/post/3mbmhl52vwk2h,at://did:plc:l2ktomvijz42t6hfqaxl7gq6/app.bsky.feed.post/3mbmhl52vwk2h,bafyreia5qv5526wtf7wruf366oqn2bwtcnfqewygmmb2ybyu5ya53h6gye,breen.tech,did:plc:l2ktomvijz42t6hfqaxl7gq6,2026-01-04T17:36:33.370Z,"lol, It’s this bsky.app/profile/stec...",reply,at://did:plc:lguxjtegubfafom3rfn5xhxk/app.bsky.feed.post/3mbmfhzpr622x,at://did:plc:l2ktomvijz42t6hfqaxl7gq6/app.bsky.feed.post/3mbmcudjnfc2f,en,1,0,0,0,official mention,2026-06-26T14:05:00.228985+00:00,bsky.app/profile/stec,False,en,2026-06-26T14:06:34.776511+00:00,ok,,,,,
599,https://bsky.app/profile/webweasel.bsky.social/post/3mbiy5vtrjk2n,at://did:plc:x5qsaiungthvmpzdmqrjv462/app.bsky.feed.post/3mbiy5vtrjk2n,bafyreichd2nykxacx5kvrj7ysywjbarxffny44hbagv6wwjw27wvml6sga,webweasel.bsky.social,did:plc:x5qsaiungthvmpzdmqrjv462,2026-01-03T08:22:44.245Z,"This is a pretty neat labeller too:

bsky.app/profile/stec...",reply,at://did:plc:4djfp3b27soxcfkxhirydi6d/app.bsky.feed.post/3mbi3bwgma22x,at://did:plc:swgxwbir4rrimj57pf75jckf/app.bsky.feed.post/3mbhm66ixvc2d,en,2,0,0,0,official mention,2026-06-26T14:05:00.228985+00:00,bsky.app/profile/stec,False,en,2026-06-26T14:06:34.776511+00:00,ok,,,,,
600,https://bsky.app/profile/pankraru.bsky.social/post/3mbg7lhsxis2t,at://did:plc:y6fl2ss45z5afs6db7wxxfsi/app.bsky.feed.post/3mbg7lhsxis2t,bafyreietm3j2htfcy374cizjkbfu6zc27yefup3i4kxzt7nvhcc4iog334,pankraru.bsky.social,did:plc:y6fl2ss45z5afs6db7wxxfsi,2026-01-02T05:57:36.280Z,"I also  use this one bsky.app/profile/stec...

Lots of useful info.",reply,at://did:plc:tzyg4vjdcdlmfzrzy7xtjri7/app.bsky.feed.post/3mbg7dxtzw22f,at://did:plc:tzyg4vjdcdlmfzrzy7xtjri7/app.bsky.feed.post/3mbg6vcsn522f,en,0,0,1,0,official mention,2026-06-26T14:05:00.228985+00:00,bsky.app/profile/stec,False,en,2026-06-26T14:06:34.776511+00:00,ok,,,,,
601,https://bsky.app/profile/danhon.com/post/3mbfwfssqds2t,at://did:plc:okcllivvkleedwsmroggepzd/app.bsky.feed.post/3mbfwfssqds2t,bafyreibl5zxld27bzgfruyjrj3a5y3xzi4uu576gqmxjsfigtt2tgi54vy,danhon.com,did:plc:okcllivvkleedwsmroggepzd,2026-01-02T03:13:22.804Z,Oh wait I'm already using it bsky.app/profile/stec...,reply,at://did:plc:okcllivvkleedwsmroggepzd/app.bsky.feed.post/3mbfwdxtvgs2t,at://did:plc:okcllivvkleedwsmroggepzd/app.bsky.feed.post/3mbfwdxtvgs2t,en,9,0,0,0,official mention,2026-06-26T14:05:00.228985+00:00,bsky.app/profile/stec,False,en,2026-06-26T14:06:34.776511+00:00,ok,,,,,
602,https://bsky.app/profile/alexandragallant.com/post/3mbfwflvyuk2c,at://did:plc:l72izke74ftkpx57mwlijhpd/app.bsky.feed.post/3mbfwflvyuk2c,bafyreidklm64xyr7o2whcv2umlw3472h3mjojbf4zzdsw4hwvujrm6eyby,alexandragallant.com,did:plc:l72izke74ftkpx57mwlijhpd,2026-01-02T03:13:15.570Z,bsky.app/profile/stec...,reply,at://did:plc:okcllivvkleedwsmroggepzd/app.bsky.feed.post/3mbfwdxtvgs2t,at://did:plc:okcllivvkleedwsmroggepzd/app.bsky.feed.post/3mbfwdxtvgs2t,en,3,0,1,0,official mention,2026-06-26T14:05:00.228985+00:00,bsky.app/profile/stec,False,unknown,2026-06-26T14:06:34.776511+00:00,ok,,,,,
603,https://bsky.app/profile/2x2l.bsky.social/post/3mbcbus6pnk2g,at://did:plc:ebg25rue2p3lwzsoxrnoymxs/app.bsky.feed.post/3mbcbus6pnk2g,bafyreihwigissd7aiskxtilkkgasppyccr5lvk3rqe5f5euklal3hhsy44,2x2l.bsky.social,did:plc:ebg25rue2p3lwzsoxrnoymxs,2025-12-31T16:27:57.670Z,I love the bsky.app/profile/stec... labeler,post,,,en,7,0,1,0,official mention,2026-06-26T14:05:00.228985+00:00,bsky.app/profile/stec,False,en,2026-06-26T14:06:34.776511+00:00,ok,,,,,
604,https://bsky.app/profile/roland-5742.bsky.social/post/3mb7xpywi3c2v,at://did:plc:rv27lgdffsme2rhlfxu6e5ae/app.bsky.feed.post/3mb7xpywi3c2v,bafyreig4uy5ihnhmdgfsjajywa6fqm4a4i7e6zx4f2wgqpl3ww3lbfgmha,roland-5742.bsky.social,did:plc:rv27lgdffsme2rhlfxu6e5ae,2025-12-30T18:21:00.073Z,"Was hat es denn damit auf sich, hat mich in meiner Bio gekennzeichnet (vielposter, also eigentlich nicht negativ, aber in meiner Bio? - Wie werde ich den/das los?

bsky.app/profile/stec...",post,,,de,3,2,1,0,official mention,2026-06-26T14:05:00.228985+00:00,bsky.app/profile/stec,False,de,2026-06-26T14:06:34.776511+00:00,ok,,,,,
605,https://bsky.app/profile/skeematic.bsky.social/post/3mb35eblu5222,at://did:plc:gfh3ux45yjpvbf6tqrtphpdj/app.bsky.feed.post/3mb35eblu5222,bafyreidlxyvx2xgirfij5f5623l2hvaiefjktmbqyy5qfnlh5trvwknww4,skeematic.bsky.social,did:plc:gfh3ux45yjpvbf6tqrtphpdj,2025-12-28T20:18:30.268Z,"We're literally trying to figure out what your trying to get at.  You brought up the blocked post for a reason no one knows. Why are you bring up another person who blocked Jay in a weird defence on how you pick and choose who is worth your effort in fighting racism?

bsky.app/profile/stec...",reply,at://did:plc:qzi6hpiwkuyfdsrrxi565kzf/app.bsky.feed.post/3mb3277ogwk2f,at://did:plc:zftsnmv3oeatoag66zia5sfu/app.bsky.feed.post/3mayingvwo22z,en,3,1,0,0,official mention,2026-06-26T14:05:00.228985+00:00,bsky.app/profile/stec,False,en,2026-06-26T14:06:34.776511+00:00,ok,,,,,
606,https://bsky.app/profile/magicveil.bsky.social/post/3maug7cifjs2s,at://did:plc:ewm64lwi7jjlnx6nehfvtmy3/app.bsky.feed.post/3maug7cifjs2s,bafyreihn2i4hyxve5plw5r4jrhmcdeeyhpumo42kk7w462mug63ioej5hq,magicveil.bsky.social,did:plc:ewm64lwi7jjlnx6nehfvtmy3,2025-12-26T04:08:08.939Z,bsky.app/profile/stec...,post,,,ja,0,0,0,0,official mention,2026-06-26T14:05:00.228985+00:00,bsky.app/profile/stec,False,unknown,2026-06-26T14:06:34.776511+00:00,ok,,,,,
607,https://bsky.app/profile/dreadtie.bsky.social/post/3maufwavpe22z,at://did:plc:zn76p7cnurevtf23kjqyqugs/app.bsky.feed.post/3maufwavpe22z,bafyreib6yaobz5ph4xu6x6zxuyvrzvigl5l4t76kvfsftrlammadrrws6q,dreadtie.bsky.social,did:plc:zn76p7cnurevtf23kjqyqugs,2025-12-26T04:03:05.289Z,"入れよう！

bsky.app/profile/stec...",reply,at://did:plc:jjre7jzt6bymqmapjcqj5abs/app.bsky.feed.post/3maufun3xis2u,at://did:plc:zn76p7cnurevtf23kjqyqugs/app.bsky.feed.post/3maufmu4rck2z,ja,0,0,0,0,official mention,2026-06-26T14:05:00.228985+00:00,bsky.app/profile/stec,False,unknown,2026-06-26T14:06:34.776511+00:00,ok,,,,,
608,https://bsky.app/profile/shiroru.bsky.social/post/3mau4eth3t22o,at://did:plc:v2fwimktpisnh3uzdccv5c54/app.bsky.feed.post/3mau4eth3t22o,bafyreigqymunjwlvm34evp5oquch5o5zex4mjtk5zttgdf3nvdswnv55ua,shiroru.bsky.social,did:plc:v2fwimktpisnh3uzdccv5c54,2025-12-26T01:12:17.076Z,"bsky.app/profile/stec...
ラベルって仕組みまだ初めてきた人には難しいかもしれないんだけど、このラベルをフォローするとポスト数多い人にバッジが表示されて「あっこのひとうるさ…賑やかな人なんだ」が分かるよ",post,,,ja,45,37,1,2,official mention,2026-06-26T14:05:00.228985+00:00,bsky.app/profile/stec,False,ja,2026-06-26T14:06:34.776511+00:00,ok,,,,,
609,https://bsky.app/profile/sky.skymarchini.net/post/3matk5z6npc2b,at://did:plc:j2kmiyhld5btzozgzwy3lc2m/app.bsky.feed.post/3matk5z6npc2b,bafyreigzkn45aajmswjgnbqs2ptgu5k62ovytkfk73hd6abkqlisa3on2e,sky.skymarchini.net,did:plc:j2kmiyhld5btzozgzwy3lc2m,2025-12-25T19:46:20.857Z,bsky.app/profile/stec...,reply,at://did:plc:5xnbpzuowsdsmm3xowotfwk6/app.bsky.feed.post/3matjajifxc23,at://did:plc:j2kmiyhld5btzozgzwy3lc2m/app.bsky.feed.post/3mathoo7ki22v,en,4,0,1,1,official mention,2026-06-26T14:05:00.228985+00:00,bsky.app/profile/stec,False,unknown,2026-06-26T14:06:34.776511+00:00,ok,,,,,
610,https://bsky.app/profile/cellivar.dev/post/3maqxyhz2jk2l,at://did:plc:ofz6imzqld3xiopjalwjrh2y/app.bsky.feed.post/3maqxyhz2jk2l,bafyreiaiqfzmvgtemxbzhl7zyv7pb5swno62jz4bejcb565xgiccqbcqum,cellivar.dev,did:plc:ofz6imzqld3xiopjalwjrh2y,2025-12-24T19:15:48.247Z,"Ahha figured out finding the link

bsky.app/profile/stec...",reply,at://did:plc:ofz6imzqld3xiopjalwjrh2y/app.bsky.feed.post/3maqxrwbhzc2l,at://did:plc:3ruah2qgzfj5yclgx4jxbk35/app.bsky.feed.post/3maqnkj2xrc2x,en,4,1,1,1,official mention,2026-06-26T14:05:00.228985+00:00,bsky.app/profile/stec,False,en,2026-06-26T14:06:34.776511+00:00,ok,,,,,
611,https://bsky.app/profile/redshiftsinger.bsky.social/post/3maqicyryz22m,at://did:plc:jtl6fplze2tg2no3pnxyjoyr/app.bsky.feed.post/3maqicyryz22m,bafyreidroxpsnjgqjhryhox7pqrrfgikvrtjq4chvpgybzddl72b2ihhuu,redshiftsinger.bsky.social,did:plc:jtl6fplze2tg2no3pnxyjoyr,2025-12-24T14:35:21.515Z,"Here’s one I’ve been using that’s also good for adding context. I often get the “posts a lot” label 😂 
bsky.app/profile/stec...",reply,at://did:plc:jtl6fplze2tg2no3pnxyjoyr/app.bsky.feed.post/3maqi4iuzis2m,at://did:plc:jfgw45ziseeilomx3quup7ea/app.bsky.feed.post/3maqcdrvulk2y,en,0,0,1,0,official mention,2026-06-26T14:05:00.228985+00:00,bsky.app/profile/stec,False,en,2026-06-26T14:06:34.776511+00:00,ok,,,,,
612,https://bsky.app/profile/revan.eurosky.social/post/3map37tke5c2l,at://did:plc:oe5k5kgdudinkw6jpzzfcw4q/app.bsky.feed.post/3map37tke5c2l,bafyreietja3fgerz74m3vdlso4pl5okwrqzbuoogyt6xcpbcantunmthg4,revan.eurosky.social,did:plc:oe5k5kgdudinkw6jpzzfcw4q,2025-12-24T01:08:16.978Z,bsky.app/profile/stec...,reply,at://did:plc:dfzwofesvrrgoqiqzxtmstum/app.bsky.feed.post/3map35gejxk2l,at://did:plc:oe5k5kgdudinkw6jpzzfcw4q/app.bsky.feed.post/3map2kjhbds2l,en,1,0,0,0,official mention,2026-06-26T14:05:00.228985+00:00,bsky.app/profile/stec,False,unknown,2026-06-26T14:06:34.776511+00:00,ok,,,,,
613,https://bsky.app/profile/monicadominator.bsky.social/post/3maov2u2a2k2v,at://did:plc:wmemdpzthllri3o7teesap7r/app.bsky.feed.post/3maov2u2a2k2v,bafyreibeds7gfq2x7foqin7swukdh4q52yz3lmj3sdt76cockieex3cr3i,monicadominator.bsky.social,did:plc:wmemdpzthllri3o7teesap7r,2025-12-23T23:18:07.274Z,"it’s literally a research project by cornell and it’s sooooo helpful, lmao bsky.app/profile/stec...",reply,at://did:plc:of6l3tc6t53cxazvziwq65ew/app.bsky.feed.post/3maouu52zc22n,at://did:plc:7umvpuxe2vbrc3zrzuquzniu/app.bsky.feed.post/3majmeb6sgc2p,en,4,0,0,0,official mention,2026-06-26T14:05:00.228985+00:00,bsky.app/profile/stec,False,en,2026-06-26T14:06:34.776511+00:00,ok,,,,,
614,https://bsky.app/profile/aparecuda.bsky.social/post/3mambhkajlc2r,at://did:plc:6t4nbxsirxhal7b3hiavtual/app.bsky.feed.post/3mambhkajlc2r,bafyreigi332dvgt2uuvdwmesc4uzgticzko7z5vvnbbmawolqlqrha7uru,aparecuda.bsky.social,did:plc:6t4nbxsirxhal7b3hiavtual,2025-12-22T22:21:58.890Z,este bsky.app/profile/stec...,reply,at://did:plc:tqbbm6uhlyr3jggagxc6v7nv/app.bsky.feed.post/3mambfugvrs2x,at://did:plc:6t4nbxsirxhal7b3hiavtual/app.bsky.feed.post/3mamaew6xy22r,pt,1,0,1,0,official mention,2026-06-26T14:05:00.228985+00:00,bsky.app/profile/stec,False,unknown,2026-06-26T14:06:34.776511+00:00,ok,,,,,
615,https://bsky.app/profile/dylan-149.bsky.social/post/3makrzh57ms23,at://did:plc:4iycynucs7wmuwd4dmcq2cvd/app.bsky.feed.post/3makrzh57ms23,bafyreiakkiahvueemyzvuw76byoiuxdjotzelhverxkn2pimzhasdrooti,dylan-149.bsky.social,did:plc:4iycynucs7wmuwd4dmcq2cvd,2025-12-22T08:13:00.006Z,"There's this labeler but the lowest post count it catches is 50+ times in a day. 
bsky.app/profile/stec...",reply,at://did:plc:mjh257xyug2mpodoyy3he5ih/app.bsky.feed.post/3makqqros3c2b,at://did:plc:mjh257xyug2mpodoyy3he5ih/app.bsky.feed.post/3makqqros3c2b,en,6,0,0,0,official mention,2026-06-26T14:05:00.228985+00:00,bsky.app/profile/stec,False,en,2026-06-26T14:06:34.776511+00:00,ok,,,,,
616,https://bsky.app/profile/nadia.kindgirls.online/post/3majx45zmjk2n,at://did:plc:ky5tgutim6ho63p6y5xmro4j/app.bsky.feed.post/3majx45zmjk2n,bafyreiablcdgoax6irpigmm35s4zpgo2b3w2v5zelayajkxvmotsvyrfju,nadia.kindgirls.online,did:plc:ky5tgutim6ho63p6y5xmro4j,2025-12-22T00:11:20.087Z,bsky.app/profile/stec...,reply,at://did:plc:5uhbke3lolsnb44qumtqwbgk/app.bsky.feed.post/3majx2i2b522w,at://did:plc:ky5tgutim6ho63p6y5xmro4j/app.bsky.feed.post/3majuyfqkb22n,en,1,0,1,0,official mention,2026-06-26T14:05:00.228985+00:00,bsky.app/profile/stec,False,unknown,2026-06-26T14:06:34.776511+00:00,ok,,,,,
617,https://bsky.app/profile/goreckis.co/post/3majtlchnbc26,at://did:plc:yii2qvta6gfduozqz5laacze/app.bsky.feed.post/3majtlchnbc26,bafyreibnebqv3pse77txy7htl6473e3h4mmc6gcqhs3lk2npnejvszfofu,goreckis.co,did:plc:yii2qvta6gfduozqz5laacze,2025-12-21T23:08:13.090Z,"This one keeps track of how much you are posting in a 24 hour period, among other things.

It could hurt your feelings.

bsky.app/profile/stec...",reply,at://did:plc:kjukqektupc3u4vfkq5ulaks/app.bsky.feed.post/3majtgr5ilc22,at://did:plc:kjukqektupc3u4vfkq5ulaks/app.bsky.feed.post/3majt4amk5222,en,1,0,1,0,official mention,2026-06-26T14:05:00.228985+00:00,bsky.app/profile/stec,False,en,2026-06-26T14:06:34.776511+00:00,ok,,,,,
618,https://bsky.app/profile/mitsubishe.bsky.social/post/3maiw2rofoc24,at://did:plc:nhhvmjs42yksilhz47ffbfsk/app.bsky.feed.post/3maiw2rofoc24,bafyreiaoghlvfrj53lu25vspmncn5izmypegbn5a7lb6sr2bb7as3usl3m,mitsubishe.bsky.social,did:plc:nhhvmjs42yksilhz47ffbfsk,2025-12-21T14:20:00.102Z,"bsky.app/profile/stec...

it's a labeler. a couple of them are helpful in determining whether it's worth interacting with a stranger lol",reply,at://did:plc:nj3c4f6tzyb6ulljxdgqpbj7/app.bsky.feed.post/3maivvwibns2n,at://did:plc:nhhvmjs42yksilhz47ffbfsk/app.bsky.feed.post/3maiuvspgcc24,en,1,0,3,0,official mention,2026-06-26T14:05:00.228985+00:00,bsky.app/profile/stec,False,en,2026-06-26T14:06:34.776511+00:00,ok,,,,,
619,https://bsky.app/profile/gde.bsky.social/post/3magxxkm5ss2k,at://did:plc:cz7mg53ba3w47zrcy6rfjvv5/app.bsky.feed.post/3magxxkm5ss2k,bafyreic3qz27vazezwpzzsesg7gvfz33kv5itmccypdrbzvheq2w4thd4y,gde.bsky.social,did:plc:cz7mg53ba3w47zrcy6rfjvv5,2025-12-20T19:48:40.030Z,bsky.app/profile/stec...,reply,at://did:plc:lr364txc7acfqkkbcublz275/app.bsky.feed.post/3magpgbpies27,at://did:plc:3553q446gonrogr5klgmzd2x/app.bsky.feed.post/3magozqjspk2i,en,2,0,0,0,official mention,2026-06-26T14:05:00.228985+00:00,bsky.app/profile/stec,False,unknown,2026-06-26T14:06:34.776511+00:00,ok,,,,,
620,https://bsky.app/profile/mariegardiner.bsky.social/post/3magbkkkukc2e,at://did:plc:nxanllsnda2w3lxcns2govzj/app.bsky.feed.post/3magbkkkukc2e,bafyreidvm6k2vm6iywjs3lyiuih6syriwa2iybupv6qt6zot3q4hknv3qu,mariegardiner.bsky.social,did:plc:nxanllsnda2w3lxcns2govzj,2025-12-20T13:07:41.446Z,"Shared this before, but this labeller is great for catching bots, follow farming accounts and other dodgy, inauthentic behaviour. It helps highlight accounts like this who are following and then unfollowing vast amounts of people in short periods of time.

bsky.app/profile/stec...",post,,,en,11,7,3,0,official mention,2026-06-26T14:05:00.228985+00:00,bsky.app/profile/stec,True,en,2026-06-26T14:06:34.776511+00:00,ok,,,,,
621,https://bsky.app/profile/jovialk.bsky.social/post/3mabsgopm6224,at://did:plc:ebhpheevz4jhbpu54e45tlue/app.bsky.feed.post/3mabsgopm6224,bafyreicnwm6b75epboxjvjbanstthcnwi6rem3sd6iaq2ru4iu3igukmum,jovialk.bsky.social,did:plc:ebhpheevz4jhbpu54e45tlue,2025-12-18T18:26:26.513Z,"helpful labels to think about whether an account is a bot/org/automated, or massively too online:

bsky.app/profile/stec...",post,,,en,1,0,0,0,official mention,2026-06-26T14:05:00.228985+00:00,bsky.app/profile/stec,False,en,2026-06-26T14:06:34.776511+00:00,ok,,,,,
622,https://bsky.app/profile/hiddenbonusnoise.bsky.social/post/3mabb6shy6k25,at://did:plc:gmech336zmdmysztcucuycb3/app.bsky.feed.post/3mabb6shy6k25,bafyreib2wtgf2g4ltoook2nmdr4cmbbay6n543divqoggdvfzmlyzuch5q,hiddenbonusnoise.bsky.social,did:plc:gmech336zmdmysztcucuycb3,2025-12-18T13:17:48.411Z,"I feel like this wise thing that Ste said to me the other day (in fact, probably the wisest thing Ste has ever said to me) is appropriate here bsky.app/profile/stec...",reply,at://did:plc:23e6qmug2vwcnsfv2fywuy4b/app.bsky.feed.post/3mabakwlygs2u,at://did:plc:23e6qmug2vwcnsfv2fywuy4b/app.bsky.feed.post/3mabakwlygs2u,en,5,0,1,0,official mention,2026-06-26T14:05:00.228985+00:00,bsky.app/profile/stec,False,en,2026-06-26T14:06:34.776511+00:00,ok,,,,,
623,https://bsky.app/profile/jawless-fish.bsky.social/post/3ma7lb56jqc2k,at://did:plc:bep3cq5bfduy3fenjw7oaxrx/app.bsky.feed.post/3ma7lb56jqc2k,bafyreidt27rgxhihhbok26uviek4gdvyfaezw3enszppqzn5t45r3caj6q,jawless-fish.bsky.social,did:plc:bep3cq5bfduy3fenjw7oaxrx,2025-12-17T21:12:44.684Z,bsky.app/profile/stec... it's by Cornell and I have found it really useful,reply,at://did:plc:mwxwzfwj7zd36a6c2v7vldha/app.bsky.feed.post/3ma7l2vip4s2t,at://did:plc:mwxwzfwj7zd36a6c2v7vldha/app.bsky.feed.post/3ma7kudvgcs2t,en,1,0,1,0,official mention,2026-06-26T14:05:00.228985+00:00,bsky.app/profile/stec,False,en,2026-06-26T14:06:34.776511+00:00,ok,,,,,
624,https://bsky.app/profile/mateusauri.bsky.social/post/3ma5zqhctfc2v,at://did:plc:xh7gymh6jimoqk2mulkktg6f/app.bsky.feed.post/3ma5zqhctfc2v,bafyreia2jxwjqytn742rmry57jngiayzfcss6jklosljuvszcghihpxsha,mateusauri.bsky.social,did:plc:xh7gymh6jimoqk2mulkktg6f,2025-12-17T06:26:31.537Z,"ooh, that labeler seems pretty useful, I wasn't aware of it yet

here, if someone else wants it:
bsky.app/profile/stec...",reply,at://did:plc:ywh4n7ihypdnwb4n2kzlzrht/app.bsky.feed.post/3ma5vwx3khs2o,at://did:plc:ywh4n7ihypdnwb4n2kzlzrht/app.bsky.feed.post/3ma5vwx3khs2o,"en,pt",0,0,0,0,official mention,2026-06-26T14:05:00.228985+00:00,bsky.app/profile/stec,False,en,2026-06-26T14:06:34.776511+00:00,ok,,,,,
625,https://bsky.app/profile/bryanrva.dev/post/3ma2vahxnpk2p,at://did:plc:7tthud43qlc2k3b7ooh7fsvu/app.bsky.feed.post/3ma2vahxnpk2p,bafyreif4ttmwyouyjwcnzntrnqdfvnjapoixeayecay45t5qiba25zyy74,bryanrva.dev,did:plc:7tthud43qlc2k3b7ooh7fsvu,2025-12-16T00:28:01.166Z,Profile and posts are bsky.app/profile/stec...,reply,at://did:plc:7tthud43qlc2k3b7ooh7fsvu/app.bsky.feed.post/3ma2v6vkrfs2p,at://did:plc:3553q446gonrogr5klgmzd2x/app.bsky.feed.post/3ma2q75pkas2g,en,3,1,0,0,official mention,2026-06-26T14:05:00.228985+00:00,bsky.app/profile/stec,False,en,2026-06-26T14:06:34.776511+00:00,ok,,,,,
626,https://bsky.app/profile/wicky.nillia.ms/post/3ma2rrcthr22z,at://did:plc:mat6mxjku5uyzcciltfs2fgk/app.bsky.feed.post/3ma2rrcthr22z,bafyreieww4fl6fzedqstigejmqlifdcylizmxr5hfxzbgrjrhqtoexa54i,wicky.nillia.ms,did:plc:mat6mxjku5uyzcciltfs2fgk,2025-12-15T23:25:51.244Z,"The ones with the yellow icon are from this, I believe bsky.app/profile/stec...",reply,at://did:plc:4wzbacknrjmehrjp4nacxk2c/app.bsky.feed.post/3ma2qjnwei22u,at://did:plc:3553q446gonrogr5klgmzd2x/app.bsky.feed.post/3ma2q75pkas2g,en,8,0,1,0,official mention,2026-06-26T14:05:00.228985+00:00,bsky.app/profile/stec,False,en,2026-06-26T14:06:34.776511+00:00,ok,,,,,
627,https://bsky.app/profile/velocirobyn.bsky.social/post/3m7zpdvjtbs2p,at://did:plc:qc7hxegg7ri5bdlftaaozpzc/app.bsky.feed.post/3m7zpdvjtbs2p,bafyreic5d3zwpzgmm43m2fuhc54va7nu4oauo4iv2ohcbqntkbqckgrquq,velocirobyn.bsky.social,did:plc:qc7hxegg7ri5bdlftaaozpzc,2025-12-15T13:09:53.864Z,"It's actually this labeller that's supposed to help identify bots. I do intentionally follow a few bot accts, but I wanted to see if there are many on bluesky.

bsky.app/profile/stec...",reply,at://did:plc:e6rto6sit5vfsyg2qwf4h7fh/app.bsky.feed.post/3m7zp62252c2u,at://did:plc:nw5a5uwdumq2ju2mwxibjcsu/app.bsky.feed.post/3m7yl4hndds2x,en,13,0,1,1,official mention,2026-06-26T14:05:00.228985+00:00,bsky.app/profile/stec,False,en,2026-06-26T14:06:34.776511+00:00,ok,,,,,
628,https://bsky.app/profile/cmclay.bsky.social/post/3m7vsilq33m2h,at://did:plc:nqahx7aa4uuiin7z3zxgl7e5/app.bsky.feed.post/3m7vsilq33m2h,bafyreibaq7h6ovrkcif53srxsiqac3czmhdkxvtcdb74gywepwcncz52vm,cmclay.bsky.social,did:plc:nqahx7aa4uuiin7z3zxgl7e5,2025-12-13T23:55:33.630Z,"bsky.app/profile/stec... - be aware it comes default with a TON of labels on, i turned most off, but it has a lot of options",reply,at://did:plc:alekzlwbaykuh3zdoxcbhkys/app.bsky.feed.post/3m7vriyosfk24,at://did:plc:nqahx7aa4uuiin7z3zxgl7e5/app.bsky.feed.post/3m7vddrxpc22d,en,1,0,1,0,official mention,2026-06-26T14:05:00.228985+00:00,bsky.app/profile/stec,False,en,2026-06-26T14:06:34.776511+00:00,ok,,,,,
629,https://bsky.app/profile/drvon2.bsky.social/post/3m7vpucyvrk22,at://did:plc:dgz4boqf66gnmcgs57frjkwc/app.bsky.feed.post/3m7vpucyvrk22,bafyreift6vn2fdeu7uyivkvqzuld27duypylwsq7fhiltkdugk2wfd2cd4,drvon2.bsky.social,did:plc:dgz4boqf66gnmcgs57frjkwc,2025-12-13T23:08:25.907Z,"Try this labeler.

bsky.app/profile/stec...",reply,at://did:plc:batsswaxvws26rr3gf7wvm7k/app.bsky.feed.post/3m7vp5mdifk2z,at://did:plc:batsswaxvws26rr3gf7wvm7k/app.bsky.feed.post/3m7vp5mdifk2z,en,13,5,3,2,official mention,2026-06-26T14:05:00.228985+00:00,bsky.app/profile/stec,False,en,2026-06-26T14:06:34.776511+00:00,ok,,,,,
630,https://bsky.app/profile/batariangal.eurosky.social/post/3m7uj2u6gc227,at://did:plc:umokacyt44veykd6qw5zokyi/app.bsky.feed.post/3m7uj2u6gc227,bafyreiackhsfsil443rj5jaqcqo653jhmx3qcf2oiyincpd5d55vitzfpi,batariangal.eurosky.social,did:plc:umokacyt44veykd6qw5zokyi,2025-12-13T11:34:09.312Z,If you or anyone else reading this would like to see how addicted your friends are: bsky.app/profile/stec...,reply,at://did:plc:5pkfx6mzhaq7tatkmj77qg4q/app.bsky.feed.post/3m7uiymecas2t,at://did:plc:xbnsfdtxoothg654ujxe3p25/app.bsky.feed.post/3m7t557kk222v,en,5,5,1,0,official mention,2026-06-26T14:05:00.228985+00:00,bsky.app/profile/stec,False,en,2026-06-26T14:06:34.776511+00:00,ok,,,,,
631,https://bsky.app/profile/mtmilo.net/post/3m7tabtzlr226,at://did:plc:7osgzlyn4fzgvojuhbrsfxcy/app.bsky.feed.post/3m7tabtzlr226,bafyreifnwjr7mfb6iyy3tq2cw5wrspssne7tqzpwyrvogzzqb3rn2wzngu,mtmilo.net,did:plc:7osgzlyn4fzgvojuhbrsfxcy,2025-12-12T23:24:20.621Z,"Just the default client, but I've subscribed to these two labellers
bsky.app/profile/skyw...
bsky.app/profile/stec...",reply,at://did:plc:gld2xzuc46w7hcofjv7q7pv6/app.bsky.feed.post/3m7sidmcbmc2h,at://did:plc:vc7f4oafdgxsihk4cry2xpze/app.bsky.feed.post/3m7sad5qwlk2g,en,2,0,0,0,official mention,2026-06-26T14:05:00.228985+00:00,bsky.app/profile/stec,False,en,2026-06-26T14:06:34.776511+00:00,ok,,,,,
632,https://bsky.app/profile/flare.protogen.club/post/3m7sxk4q4sl23,at://did:plc:l2wmxye3cluoydbjmqvlyf5v/app.bsky.feed.post/3m7sxk4q4sl23,bafyreic2qgcffjpt45s24xgawhzq47eeod4e4xnavdbq56vpn7xaistuoq,flare.protogen.club,did:plc:l2wmxye3cluoydbjmqvlyf5v,2025-12-12T20:47:54.506Z,bsky.app/profile/stec...,reply,at://did:plc:u3e6lohmunlpn7anbnw36vlz/app.bsky.feed.post/3m7sxihrtz22t,at://did:plc:l2wmxye3cluoydbjmqvlyf5v/app.bsky.feed.post/3m7stvtd62k23,en,1,0,0,0,official mention,2026-06-26T14:05:00.228985+00:00,bsky.app/profile/stec,False,unknown,2026-06-26T14:06:34.776511+00:00,ok,,,,,
633,https://bsky.app/profile/flare.protogen.club/post/3m7sua6ehfs23,at://did:plc:l2wmxye3cluoydbjmqvlyf5v/app.bsky.feed.post/3m7sua6ehfs23,bafyreihf2jy2gnis73j4pw4w4m73ucjim5uuta43iolxvqurcjfi5aa2jm,flare.protogen.club,did:plc:l2wmxye3cluoydbjmqvlyf5v,2025-12-12T19:48:39.451Z,bsky.app/profile/stec...,reply,at://did:plc:3wcfjfzq6sxsstw532vicqov/app.bsky.feed.post/3m7su53ztys2i,at://did:plc:l2wmxye3cluoydbjmqvlyf5v/app.bsky.feed.post/3m7stvtd62k23,en,1,0,0,0,official mention,2026-06-26T14:05:00.228985+00:00,bsky.app/profile/stec,False,unknown,2026-06-26T14:06:34.776511+00:00,ok,,,,,
634,https://bsky.app/profile/loreseed.com/post/3m7iabpknlk22,at://did:plc:s32kmd7vs43sqhbh45v6w6wd/app.bsky.feed.post/3m7iabpknlk22,bafyreihbg4raodn7oe7c352ptkbascnffsgb7evxwv4r6wvxig3dvpgkem,loreseed.com,did:plc:s32kmd7vs43sqhbh45v6w6wd,2025-12-08T14:24:58.814Z,"This looks like a really useful labeler for spotting certain types of bot activity/influence campaign. Also people who need to log off/go to sleep. 😅
 bsky.app/profile/stec...",post,,,en,1,0,0,0,official mention,2026-06-26T14:05:00.228985+00:00,bsky.app/profile/stec,False,en,2026-06-26T14:06:34.776511+00:00,ok,,,,,
635,https://bsky.app/profile/danifinnwrites.bsky.social/post/3m7hxtxwnfs2p,at://did:plc:pxslkuul3wwr4fedt7xrlzix/app.bsky.feed.post/3m7hxtxwnfs2p,bafyreig6qyc3v74hsj7cscdml5oj74ox3trw2iscdbug26tlqfwo5ebana,danifinnwrites.bsky.social,did:plc:pxslkuul3wwr4fedt7xrlzix,2025-12-08T11:54:07.898Z,"One cool thing about the stechlab labeler is it can tell you if someone’s been mass unfollowing, usually a sign of a followback trash account

The funniest thing is it confirms how many of your moots are inveterate poasters

bsky.app/profile/stec...",post,,,en,17,9,0,0,official mention,2026-06-26T14:05:00.228985+00:00,bsky.app/profile/stec,False,en,2026-06-26T14:06:34.776511+00:00,ok,,,,,
636,https://bsky.app/profile/wavebidder.bsky.social/post/3m7fs24xtp22x,at://did:plc:pcpxcmv5z6oseafi5khuulta/app.bsky.feed.post/3m7fs24xtp22x,bafyreif7aooauults5t7iihsiogr64n7vpxae7g3rcvoojhvtkplpzzfbu,wavebidder.bsky.social,did:plc:pcpxcmv5z6oseafi5khuulta,2025-12-07T15:04:52.579Z,did you see this when it was making the rounds? could automate the process if you're so inclined bsky.app/profile/stec...,reply,at://did:plc:5mj3u4tnxciyyvrsxqv254xw/app.bsky.feed.post/3m7fqvqasts26,at://did:plc:5mj3u4tnxciyyvrsxqv254xw/app.bsky.feed.post/3m7fqr47f6s26,en,1,0,1,0,official mention,2026-06-26T14:05:00.228985+00:00,bsky.app/profile/stec,False,en,2026-06-26T14:06:34.776511+00:00,ok,,,,,
637,https://bsky.app/profile/goddamvirginian.bsky.social/post/3m7dkgry7hk2f,at://did:plc:63eat45qktzydi6tjx63ehj2/app.bsky.feed.post/3m7dkgry7hk2f,bafyreieyxrefw2wardvb25ojxc7vux25lrtrzuhqlfmqnnwxouvtxhv7qm,goddamvirginian.bsky.social,did:plc:63eat45qktzydi6tjx63ehj2,2025-12-06T17:43:27.854Z,bsky.app/profile/stec...,reply,at://did:plc:2b7e7sniyzqxqg2vhym2b3dg/app.bsky.feed.post/3m7dhgazxf22m,at://did:plc:63eat45qktzydi6tjx63ehj2/app.bsky.feed.post/3m7dgfwy4f222,en,1,0,1,0,official mention,2026-06-26T14:05:00.228985+00:00,bsky.app/profile/stec,False,unknown,2026-06-26T14:06:34.776511+00:00,ok,,,,,
638,https://bsky.app/profile/lemonodor.bsky.social/post/3m77ccmxjns2l,at://did:plc:wpeojvwlgnqskxx7km7q6sqp/app.bsky.feed.post/3m77ccmxjns2l,bafyreics2hfuh234qf6rnmlm74w7v6w2kn66cmuwa6e5eearuyavkomsyq,lemonodor.bsky.social,did:plc:wpeojvwlgnqskxx7km7q6sqp,2025-12-05T01:07:19.483Z,"I use bsky.app/profile/stec... and I find their labels useful. When I see someone post something that seems kinda wrong and the account is labeled ""Posts a lot: more than 100 times yesterday"" I know exactly how much weight to give it.",post,,,en,6,0,0,0,official mention,2026-06-26T14:05:00.228985+00:00,bsky.app/profile/stec,False,en,2026-06-26T14:06:34.776511+00:00,ok,,,,,
639,https://bsky.app/profile/rahaeli.bsky.social/post/3m76jahaqis2f,at://did:plc:ocsbmyulc2grbq3esflddyj6/app.bsky.feed.post/3m76jahaqis2f,bafyreida6hnstsy5p5ld5idbyoxnlfz2fs22wf7mfj4vhpydfmorlvoabq,rahaeli.bsky.social,did:plc:ocsbmyulc2grbq3esflddyj6,2025-12-04T17:38:42.839Z,"Still there! bsky.app/profile/stec... A lot of their labels are self-expiring; the ""no breaks"" one is a 24h label.",reply,at://did:plc:3bnflcki3nr2g2hzcgotoozm/app.bsky.feed.post/3m76hrvrxjc2k,at://did:plc:ocsbmyulc2grbq3esflddyj6/app.bsky.feed.post/3m76fybwh7k2f,en,4,0,1,0,official mention,2026-06-26T14:05:00.228985+00:00,bsky.app/profile/stec,False,en,2026-06-26T14:06:34.776511+00:00,ok,,,,,
640,https://bsky.app/profile/permadeath.com/post/3m75ze5dbrc2m,at://did:plc:nlzmjyfv6loqtxyzvdcznwgf/app.bsky.feed.post/3m75ze5dbrc2m,bafyreifv7wbfi45mrjjwt46gslsav77ue76h3tq7cvyy7op23nrep7mmbq,permadeath.com,did:plc:nlzmjyfv6loqtxyzvdcznwgf,2025-12-04T12:54:26.785Z,"one of the better labelers I've found so far

bsky.app/profile/stec...",quote,,,en,3,0,0,0,official mention,2026-06-26T14:05:00.228985+00:00,bsky.app/profile/stec,False,en,2026-06-26T14:06:34.776511+00:00,ok,,,,,
641,https://bsky.app/profile/screaming.party/post/3m74zpeeghs2h,at://did:plc:atbo7ucm7jhmnltavqiapx4y/app.bsky.feed.post/3m74zpeeghs2h,bafyreifzwwptxnlrclcqc4o3hpsrdlkhxsha7acg7istskrkc44oa3n5jy,screaming.party,did:plc:atbo7ucm7jhmnltavqiapx4y,2025-12-04T03:28:03.523Z,"said labeler

bsky.app/profile/stec...",reply,at://did:plc:atbo7ucm7jhmnltavqiapx4y/app.bsky.feed.post/3m74zn2x6os2h,at://did:plc:atbo7ucm7jhmnltavqiapx4y/app.bsky.feed.post/3m74zn2x6os2h,en,1,0,0,0,official mention,2026-06-26T14:05:00.228985+00:00,bsky.app/profile/stec,False,et,2026-06-26T14:06:34.776511+00:00,ok,,,,,
642,https://bsky.app/profile/dwightwedding.bsky.social/post/3m73aaqbfdk2z,at://did:plc:l6xxmtbuhmeyguwwebx5bcws/app.bsky.feed.post/3m73aaqbfdk2z,bafyreif5b7q2wgaf7ttl62fmu7lkcph5fcno57cf2qvj5c3itg7sespdja,dwightwedding.bsky.social,did:plc:l6xxmtbuhmeyguwwebx5bcws,2025-12-03T10:19:49.406Z,"bsky.app/profile/stec...

I think it's supposed to help you ID spammers but what it shows me is that my parasocial pals are just as hopelessly terminally online as I am.",reply,at://did:plc:7ujan55bk4oob3kp45cyfofb/app.bsky.feed.post/3m737du4bik24,at://did:plc:23e6qmug2vwcnsfv2fywuy4b/app.bsky.feed.post/3m72vzf5ezc25,en,1,0,1,0,official mention,2026-06-26T14:05:00.228985+00:00,bsky.app/profile/stec,False,en,2026-06-26T14:06:34.776511+00:00,ok,,,,,
643,https://bsky.app/profile/hbomatts.bsky.social/post/3m72mhee5lk2c,at://did:plc:svcld2gdfmsbnybhkjoyj6j5/app.bsky.feed.post/3m72mhee5lk2c,bafyreifs3p277bbeewt2gykk6vksg7xf3hbsjvkclsxmv4fespqskgflnm,hbomatts.bsky.social,did:plc:svcld2gdfmsbnybhkjoyj6j5,2025-12-03T04:25:36.958Z,I have found this useful bsky.app/profile/stec...,post,,,en,2,0,1,0,official mention,2026-06-26T14:05:00.228985+00:00,bsky.app/profile/stec,False,en,2026-06-26T14:06:34.776511+00:00,ok,,,,,
644,https://bsky.app/profile/bitdizzy.bsky.social/post/3m7267w4d7s2x,at://did:plc:2czu76ohiskwfehlecbchppx/app.bsky.feed.post/3m7267w4d7s2x,bafyreietkma7v2unjjuvd2z2hquhaeysuo7qqmsztcww4s2nj6b3aqizma,bitdizzy.bsky.social,did:plc:2czu76ohiskwfehlecbchppx,2025-12-03T00:10:54.755Z,bsky.app/profile/stec...,reply,at://did:plc:ra4v723v675sz3lsiv6hteiu/app.bsky.feed.post/3m6yyuiztu22a,at://did:plc:dsbpb3w7glnyddtbewg73g74/app.bsky.feed.post/3m6y2comqx226,en,2,0,0,0,official mention,2026-06-26T14:05:00.228985+00:00,bsky.app/profile/stec,False,unknown,2026-06-26T14:06:34.776511+00:00,ok,,,,,
645,https://bsky.app/profile/josephgruber.com/post/3m6zsxpjfq22k,at://did:plc:65pufxvjifiq2flklfmvylld/app.bsky.feed.post/3m6zsxpjfq22k,bafyreigprfpwmnkkpoepfmu6eqkc2a7y2bebag36jszt4vonhttdepu2xi,josephgruber.com,did:plc:65pufxvjifiq2flklfmvylld,2025-12-02T20:49:28.249Z,It's a labeler from Cornell. bsky.app/profile/stec...,reply,at://did:plc:wtdsvw26lf37px6dgxtgtmhv/app.bsky.feed.post/3m6zrneq52227,at://did:plc:emhyi4kljodgqlusdsopgfgd/app.bsky.feed.post/3m6zne6aycs2n,en,1,0,1,0,official mention,2026-06-26T14:05:00.228985+00:00,bsky.app/profile/stec,False,en,2026-06-26T14:06:34.776511+00:00,ok,,,,,
646,https://bsky.app/profile/jhv.bsky.social/post/3m6x7auxyxk2p,at://did:plc:hoisvlm7jpmm76ce5qekjmue/app.bsky.feed.post/3m6x7auxyxk2p,bafyreicp3i2jnzytfexdxpeoxzi5plevkpjo46fdla3rtk6kto26sxqiku,jhv.bsky.social,did:plc:hoisvlm7jpmm76ce5qekjmue,2025-12-01T19:51:21.646Z,"Here's that labeler:  bsky.app/profile/stec... 

You can look at it & see what labels it generates.  If you subscribe to the labeler, it'll then start showing you the labels for posts & accounts where they've been applied.",reply,at://did:plc:hoisvlm7jpmm76ce5qekjmue/app.bsky.feed.post/3m6x73wg6ns2p,at://did:plc:hoisvlm7jpmm76ce5qekjmue/app.bsky.feed.post/3m6x3uferzc2p,en,0,0,2,0,official mention,2026-06-26T14:05:00.228985+00:00,bsky.app/profile/stec,False,en,2026-06-26T14:06:34.776511+00:00,ok,,,,,
647,https://bsky.app/profile/fairbairn.zone/post/3m6x5y2duok2w,at://did:plc:snldvvaofeswgb4v5ak5f4bx/app.bsky.feed.post/3m6x5y2duok2w,bafyreieanf7r3ee6376qphywpzutjy3qpi2pdlogfcy6l53wetdbjioqj4,fairbairn.zone,did:plc:snldvvaofeswgb4v5ak5f4bx,2025-12-01T19:28:31.546Z,bsky.app/profile/stec...,reply,at://did:plc:atbo7ucm7jhmnltavqiapx4y/app.bsky.feed.post/3m6x4zmspcs26,at://did:plc:3553q446gonrogr5klgmzd2x/app.bsky.feed.post/3m6x2yqw5h22r,en,2,0,0,0,official mention,2026-06-26T14:05:00.228985+00:00,bsky.app/profile/stec,False,unknown,2026-06-26T14:06:34.776511+00:00,ok,,,,,
648,https://bsky.app/profile/blot.city/post/3m6w7lmn5jk23,at://did:plc:3vmecllmlgwtjwlbds7cz6z3/app.bsky.feed.post/3m6w7lmn5jk23,bafyreiaoerewjixxumukzddpyrvnmpuppkfghpcn6xsxutsuk3qylm5rd4,blot.city,did:plc:3vmecllmlgwtjwlbds7cz6z3,2025-12-01T10:24:42.263Z,bsky.app/profile/stec... Best labeller on here imho,reply,at://did:plc:r3vhfoo36yp5up67lu5cgafm/app.bsky.feed.post/3m6w6y3ones2p,at://did:plc:3vmecllmlgwtjwlbds7cz6z3/app.bsky.feed.post/3m6lcorxyls2f,en,2,0,0,1,official mention,2026-06-26T14:05:00.228985+00:00,bsky.app/profile/stec,False,unknown,2026-06-26T14:06:34.776511+00:00,ok,,,,,
649,https://bsky.app/profile/necrofantasia.bsky.social/post/3m6swhi2bl22u,at://did:plc:qsd2p2hhu5idyp7nwlc3yscl/app.bsky.feed.post/3m6swhi2bl22u,bafyreicrnqxpygi24mmp6veffnkkyogsgrkzvjj22uug3jshdclc6uhruy,necrofantasia.bsky.social,did:plc:qsd2p2hhu5idyp7nwlc3yscl,2025-11-30T03:03:20.340Z,bsky.app/profile/stec... link here if you're interested!,reply,at://did:plc:gqjq6dud35g6irxxvh6oojwc/app.bsky.feed.post/3m6svhcaurs2s,at://did:plc:gqjq6dud35g6irxxvh6oojwc/app.bsky.feed.post/3m6suvswuhc2s,en,1,0,0,0,official mention,2026-06-26T14:05:00.228985+00:00,bsky.app/profile/stec,False,en,2026-06-26T14:06:34.776511+00:00,ok,,,,,
650,https://bsky.app/profile/thisguy.wantsa.beer/post/3m6sha3mmec27,at://did:plc:ezw2ntwny2d3mcae45us66uz/app.bsky.feed.post/3m6sha3mmec27,bafyreicega5abrsdn5rs2vi3qpeen3kfhpwxvqin6nlr7yzremypzhcd7a,thisguy.wantsa.beer,did:plc:ezw2ntwny2d3mcae45us66uz,2025-11-29T22:30:46.301Z,bsky.app/profile/stec...,reply,at://did:plc:ezw2ntwny2d3mcae45us66uz/app.bsky.feed.post/3m6sh7pj4x227,at://did:plc:4tiobzq2fh3gmac5pqvodqxi/app.bsky.feed.post/3m6sgriaues2s,en,0,0,1,0,official mention,2026-06-26T14:05:00.228985+00:00,bsky.app/profile/stec,False,unknown,2026-06-26T14:06:34.776511+00:00,ok,,,,,
651,https://bsky.app/profile/blackavar-inle.bsky.social/post/3m6qdzmvgzc2g,at://did:plc:6nawyqv4delmsccyvogm6tk6/app.bsky.feed.post/3m6qdzmvgzc2g,bafyreihuofytqz3uhrnogec7xqaguqopvpqkdtkteqea7dqk56wc7sqymy,blackavar-inle.bsky.social,did:plc:6nawyqv4delmsccyvogm6tk6,2025-11-29T02:28:08.832Z,"Here you go. :)

bsky.app/profile/stec...",reply,at://did:plc:5zowvh4jmp2dsngk2qtclrbb/app.bsky.feed.post/3m6qdvypifs26,at://did:plc:c4chzexzsv34dow6cu65roiz/app.bsky.feed.post/3m6nqe5hsls2p,en,2,0,0,0,official mention,2026-06-26T14:05:00.228985+00:00,bsky.app/profile/stec,False,unknown,2026-06-26T14:06:34.776511+00:00,ok,,,,,
652,https://bsky.app/profile/johnny.6witch3.com/post/3m6pc5hkbr22d,at://did:plc:wibx7sb6atsmoulohl6kql6c/app.bsky.feed.post/3m6pc5hkbr22d,bafyreicoll2zekplwpjfgl2ztf36yf5o72yd24ar4s3b4waoxkm7skroga,johnny.6witch3.com,did:plc:wibx7sb6atsmoulohl6kql6c,2025-11-28T16:21:50.220Z,"This labeler has been interesting. (It’s set up to help you with data that may indicate a bot or a paid user.)
What baffles me though is the number of people who change their profile text multiple times a day. There are LOTS of them. Whatchall doin?

bsky.app/profile/stec...",post,,,en,1,0,0,0,official mention,2026-06-26T14:05:00.228985+00:00,bsky.app/profile/stec,False,en,2026-06-26T14:06:34.776511+00:00,ok,,,,,
653,https://bsky.app/profile/vioarmitage.darkestalleygang.lol/post/3m6oasrp76226,at://did:plc:e4s76bdchewwoncgpp7euh7k/app.bsky.feed.post/3m6oasrp76226,bafyreicxn4glwxenzzlu3nr3pcfvx4hehyg26655ophxfvscwe5gvzbzau,vioarmitage.darkestalleygang.lol,did:plc:e4s76bdchewwoncgpp7euh7k,2025-11-28T06:25:18.288Z,bsky.app/profile/stec...,reply,at://did:plc:skjqm65g4jzvuulsdxygyl3t/app.bsky.feed.post/3m6oaqfzf4k2n,at://did:plc:kjukqektupc3u4vfkq5ulaks/app.bsky.feed.post/3m6kju6bguk2c,en,0,0,0,0,official mention,2026-06-26T14:05:00.228985+00:00,bsky.app/profile/stec,False,unknown,2026-06-26T14:06:34.776511+00:00,ok,,,,,
654,https://bsky.app/profile/o.simardcasanova.net/post/3m6n6xx7vd22d,at://did:plc:esmiuxk53vmsllayghrq676w/app.bsky.feed.post/3m6n6xx7vd22d,bafyreiexc4an3rxog6iqqqiw6odyeyhqf4iirv2asqqhgoywby554borim,o.simardcasanova.net,did:plc:esmiuxk53vmsllayghrq676w,2025-11-27T20:19:44.629Z,The labeler that shows this label: bsky.app/profile/stec...,reply,at://did:plc:esmiuxk53vmsllayghrq676w/app.bsky.feed.post/3m6n6srzyv22d,at://did:plc:esmiuxk53vmsllayghrq676w/app.bsky.feed.post/3m6n6srzyv22d,en,9,0,0,1,official mention,2026-06-26T14:05:00.228985+00:00,bsky.app/profile/stec,False,en,2026-06-26T14:06:34.776511+00:00,ok,,,,,
655,https://bsky.app/profile/crankgriems.bsky.social/post/3m6mf4yhn2s2y,at://did:plc:wtg2rgdwlbk7uyb7mxq4rkde/app.bsky.feed.post/3m6mf4yhn2s2y,bafyreigl2eomfagl6uscyoyq35hu4djx5gzx5qfwhpc4wc5lny7pn6mbmq,crankgriems.bsky.social,did:plc:wtg2rgdwlbk7uyb7mxq4rkde,2025-11-27T12:37:16.415Z,bsky.app/profile/stec...,reply,at://did:plc:e7rnrndrdrc4qnlt7yxlwkwv/app.bsky.feed.post/3m6mexmsskk2g,at://did:plc:wtg2rgdwlbk7uyb7mxq4rkde/app.bsky.feed.post/3m6lzzi64ws2y,en,0,0,1,0,official mention,2026-06-26T14:05:00.228985+00:00,bsky.app/profile/stec,False,unknown,2026-06-26T14:06:34.776511+00:00,ok,,,,,
656,https://bsky.app/profile/dreadtie.bsky.social/post/3m6ggkuws2s2z,at://did:plc:zn76p7cnurevtf23kjqyqugs/app.bsky.feed.post/3m6ggkuws2s2z,bafyreigwsxqoqhxkehxxcdugyhjclhtod4mqy464rzrm4k2472zbxvndqe,dreadtie.bsky.social,did:plc:zn76p7cnurevtf23kjqyqugs,2025-11-25T03:46:57.792Z,"bsky.app/profile/stec...
「こいつ喋りすぎ！」とか「こいつ短期間にフォロー解除しすぎ！」とか「こいつプロフィール変更しすぎ！」とかラベルつけてくれるやつ
おもしろい",post,,,ja,2,0,0,0,official mention,2026-06-26T14:05:00.228985+00:00,bsky.app/profile/stec,False,ja,2026-06-26T14:06:34.776511+00:00,ok,,,,,
657,https://bsky.app/profile/miqomuscles.bsky.social/post/3m6f4gmjzsk2v,at://did:plc:5s2sg6whdpgbv7j4cngbjtvk/app.bsky.feed.post/3m6f4gmjzsk2v,bafyreihor5juwmgz4omrdx33orewpuvppmrcwlkyjpk2kmcpsxyf2h4xl4,miqomuscles.bsky.social,did:plc:5s2sg6whdpgbv7j4cngbjtvk,2025-11-24T15:12:57.611Z,"Btw here's the labeler

bsky.app/profile/stec...",reply,at://did:plc:5s2sg6whdpgbv7j4cngbjtvk/app.bsky.feed.post/3m6dg6ia6ms2x,at://did:plc:5s2sg6whdpgbv7j4cngbjtvk/app.bsky.feed.post/3m6dg6ia6ms2x,en,1,0,0,0,official mention,2026-06-26T14:05:00.228985+00:00,bsky.app/profile/stec,False,en,2026-06-26T14:06:34.776511+00:00,ok,,,,,
658,https://bsky.app/profile/gerwyn.uk/post/3m6eupi6pj22g,at://did:plc:5hvqi3jxnqkcugdmon27ie7y/app.bsky.feed.post/3m6eupi6pj22g,bafyreibvc7lb3xobwz73pgxenmgxrbsth3lpnkacb5seww7fq7iy5rc6ly,gerwyn.uk,did:plc:5hvqi3jxnqkcugdmon27ie7y,2025-11-24T12:54:45.101Z,"I use the labeller, it picks up on wonky behaviour like folk who follow and then unfollow a lot. 

It’s not perfect but works well 
 bsky.app/profile/stec...",reply,at://did:plc:uxg6limsuo272j6bssw2nc6e/app.bsky.feed.post/3m67nqtcles23,at://did:plc:uxg6limsuo272j6bssw2nc6e/app.bsky.feed.post/3m67nqtcles23,en,2,0,0,0,official mention,2026-06-26T14:05:00.228985+00:00,bsky.app/profile/stec,False,en,2026-06-26T14:06:34.776511+00:00,ok,,,,,
659,https://bsky.app/profile/sageanastasi.bsky.social/post/3m6da33pz722d,at://did:plc:emn3rew4ftneuml4j5r7se73/app.bsky.feed.post/3m6da33pz722d,bafyreihiiuitz3j5q2xr6v2n654itusuqvl5ko6tlrclahimqknft7nfwi,sageanastasi.bsky.social,did:plc:emn3rew4ftneuml4j5r7se73,2025-11-23T21:12:46.372Z,"This labeller picks up ""unfollowed 100+ yesterday"", which is a good sign of followback spam stuff, as well as the labels for frequent profile changes (though those are a bit less reliable with people doing silly holiday names lol). bsky.app/profile/stec...",reply,at://did:plc:fgzfhfg2yvy3xe4uyjcvtlee/app.bsky.feed.post/3m6d4rnxgw22t,at://did:plc:fgzfhfg2yvy3xe4uyjcvtlee/app.bsky.feed.post/3m6d4rnxgw22t,en,2,0,0,0,official mention,2026-06-26T14:05:00.228985+00:00,bsky.app/profile/stec,False,en,2026-06-26T14:06:34.776511+00:00,ok,,,,,
660,https://bsky.app/profile/rinewithoutacat.bsky.social/post/3m6cwqwg2hk2z,at://did:plc:oqfnnw35oz62t3nizay5etwq/app.bsky.feed.post/3m6cwqwg2hk2z,bafyreid2mboy3su6uqob5vfhltil3cuyzf4z5omguf2b6jyiclu3me6ezy,rinewithoutacat.bsky.social,did:plc:oqfnnw35oz62t3nizay5etwq,2025-11-23T18:26:01.581Z,"As others have said, this labeler does change how I view a number of accounts on here. Interesting to notice how many posts people make (the 50+ or 100+ labels)

bsky.app/profile/stec...",post,,,en,3,0,0,0,official mention,2026-06-26T14:05:00.228985+00:00,bsky.app/profile/stec,False,en,2026-06-26T14:06:34.776511+00:00,ok,,,,,
661,https://bsky.app/profile/bitdizzy.bsky.social/post/3m6ap6enq7k2z,at://did:plc:2czu76ohiskwfehlecbchppx/app.bsky.feed.post/3m6ap6enq7k2z,bafyreiaiyqr7cff3nohn5bdyfowi34fee4etgmfs45fop3fdt4bmzzwrny,bitdizzy.bsky.social,did:plc:2czu76ohiskwfehlecbchppx,2025-11-22T21:05:03.311Z,bsky.app/profile/stec...,reply,at://did:plc:34jlhsnqzy4lrviksgwobhaf/app.bsky.feed.post/3m6ap64xzvs2y,at://did:plc:2czu76ohiskwfehlecbchppx/app.bsky.feed.post/3m6aovb52n22n,en,2,0,0,0,official mention,2026-06-26T14:05:00.228985+00:00,bsky.app/profile/stec,False,unknown,2026-06-26T14:06:34.776511+00:00,ok,,,,,
662,https://bsky.app/profile/vioarmitage.darkestalleygang.lol/post/3m64ogt3v4k2u,at://did:plc:e4s76bdchewwoncgpp7euh7k/app.bsky.feed.post/3m64ogt3v4k2u,bafyreigpod2kgdv5gtea65pxzkqaqd6peohgdp6jr2avssptr2qcdrcijq,vioarmitage.darkestalleygang.lol,did:plc:e4s76bdchewwoncgpp7euh7k,2025-11-21T06:41:14.193Z,bsky.app/profile/stec...,reply,at://did:plc:skmwwwguotjxqzhru4txcfgj/app.bsky.feed.post/3m64of22b722h,at://did:plc:e4s76bdchewwoncgpp7euh7k/app.bsky.feed.post/3m64enfgvwk2k,en,1,0,1,0,official mention,2026-06-26T14:05:00.228985+00:00,bsky.app/profile/stec,False,unknown,2026-06-26T14:06:34.776511+00:00,ok,,,,,
663,https://bsky.app/profile/emiii.ca/post/3m5yp6p3byc2k,at://did:plc:nukbfbkofycorc7ger7umvyc/app.bsky.feed.post/3m5yp6p3byc2k,bafyreiantx4qk4ex4tavpcs6tkndh4j74dwkukr2bd5u474rdjo4hnorly,emiii.ca,did:plc:nukbfbkofycorc7ger7umvyc,2025-11-19T16:43:56.334Z,bsky.app/profile/stec...,reply,at://did:plc:jzq33gznwldxiqxtmp2j3jve/app.bsky.feed.post/3m5yp5at5q22w,at://did:plc:nukbfbkofycorc7ger7umvyc/app.bsky.feed.post/3m5yonbpxjc2k,en,1,0,0,0,official mention,2026-06-26T14:05:00.228985+00:00,bsky.app/profile/stec,False,unknown,2026-06-26T14:06:34.776511+00:00,ok,,,,,
664,https://bsky.app/profile/ky.fyi/post/3m5ygh3fuvk2j,at://did:plc:ns7i7bp55lay2bx75k5jcnbh/app.bsky.feed.post/3m5ygh3fuvk2j,bafyreiasbofouw7g4qurmach2p5tkhwlk5lclodjfjodwajajxqihsfjoy,ky.fyi,did:plc:ns7i7bp55lay2bx75k5jcnbh,2025-11-19T14:07:34.023Z,best labeler: bsky.app/profile/stec...,reply,at://did:plc:ns7i7bp55lay2bx75k5jcnbh/app.bsky.feed.post/3m5yfeqlph22j,at://did:plc:ns7i7bp55lay2bx75k5jcnbh/app.bsky.feed.post/3m5yfdi7mrc2j,en,5,0,0,0,official mention,2026-06-26T14:05:00.228985+00:00,bsky.app/profile/stec,False,da,2026-06-26T14:06:34.776511+00:00,ok,,,,,
665,https://bsky.app/profile/notmiki.bsky.social/post/3m5xooxcwrs2r,at://did:plc:oocnfdmu6xh724itpqpxkgrf/app.bsky.feed.post/3m5xooxcwrs2r,bafyreiftrs6lxgypbhg2v3ffqwz4dkhwvwhsndbijhm2ua5pvncmxc7ugq,notmiki.bsky.social,did:plc:oocnfdmu6xh724itpqpxkgrf,2025-11-19T07:02:28.363Z,bsky.app/profile/stec... has some very handy labels to provide context for who you're dealing with.,reply,at://did:plc:lus7liahpnmswu2pxafr7k7w/app.bsky.feed.post/3m5xdjuy7fk2a,at://did:plc:lus7liahpnmswu2pxafr7k7w/app.bsky.feed.post/3m5xdjuy7fk2a,en,0,0,0,0,official mention,2026-06-26T14:05:00.228985+00:00,bsky.app/profile/stec,False,en,2026-06-26T14:06:34.776511+00:00,ok,,,,,
666,https://bsky.app/profile/adeeda.bsky.social/post/3m5wxwkehls2w,at://did:plc:nfqqzg2fqnuvnadqylp36yxk/app.bsky.feed.post/3m5wxwkehls2w,bafyreiewjhghz7sl6tfedmclsfgttn7fy77cmzxwnwmapc7wsrirm55zdq,adeeda.bsky.social,did:plc:nfqqzg2fqnuvnadqylp36yxk,2025-11-19T00:15:07.155Z,"I forget who I found this from, but after using this label for a while I've found it very helpful:
bsky.app/profile/stec...",post,,,en,0,0,0,0,official mention,2026-06-26T14:05:00.228985+00:00,bsky.app/profile/stec,False,en,2026-06-26T14:06:34.776511+00:00,ok,,,,,
667,https://bsky.app/profile/trans.bsky.social/post/3m5w64g4xik2x,at://did:plc:l7buhragfpktqopl7wdojhi3/app.bsky.feed.post/3m5w64g4xik2x,bafyreier3s3765eycu2dvlam55aaeydcwut35o46qqgtbxztfcpwsdbege,trans.bsky.social,did:plc:l7buhragfpktqopl7wdojhi3,2025-11-18T16:33:06.737Z,direct link to the labeler: bsky.app/profile/stec...,reply,at://did:plc:bntg7dpttkad5o6dkaytgxyz/app.bsky.feed.post/3m5w5yxth5s2r,at://did:plc:ffqrmizoc5z6ly4vf3mhgwta/app.bsky.feed.post/3m5w5ieskp222,en,9,1,4,0,official mention,2026-06-26T14:05:00.228985+00:00,bsky.app/profile/stec,True,en,2026-06-26T14:06:34.776511+00:00,ok,,,,,
668,https://bsky.app/profile/nowarbutclasswar.myatproto.social/post/3m5w57pcpgc27,at://did:plc:l4yavyh246boe7uzo4cua2ns/app.bsky.feed.post/3m5w57pcpgc27,bafyreidupyx5pplohr7u35u2pvf253zsgourjagsrzpsayp257k3kb5qma,nowarbutclasswar.myatproto.social,did:plc:l4yavyh246boe7uzo4cua2ns,2025-11-18T16:17:03.301Z,bsky.app/profile/stec...,reply,at://did:plc:l7buhragfpktqopl7wdojhi3/app.bsky.feed.post/3m5w54ftvbs2x,at://did:plc:tbbj7svix3dy2q7buwlkzrxo/app.bsky.feed.post/3m5w4vabjcc2v,en,6,0,0,0,official mention,2026-06-26T14:05:00.228985+00:00,bsky.app/profile/stec,False,unknown,2026-06-26T14:06:34.776511+00:00,ok,,,,,
669,https://bsky.app/profile/gribblette.bsky.social/post/3m5qrogr7pk2g,at://did:plc:5xp3nw4y5p2u4fuhxse4wlac/app.bsky.feed.post/3m5qrogr7pk2g,bafyreihvthqnfrhdqevmmjof3dvcozp2c7wgdxdg46z42yvirgvradqt3y,gribblette.bsky.social,did:plc:5xp3nw4y5p2u4fuhxse4wlac,2025-11-16T13:07:14.062Z,"I think you will find this labeler very useful. I didn't know if that lol woman is a bot, but she's a one bit pony. bsky.app/profile/stec...",reply,at://did:plc:idnalufyzxvckvijsqb4qlp6/app.bsky.feed.post/3m5ppmnghss2v,at://did:plc:idnalufyzxvckvijsqb4qlp6/app.bsky.feed.post/3m5ppmnghss2v,en,0,0,0,0,official mention,2026-06-26T14:05:00.228985+00:00,bsky.app/profile/stec,False,en,2026-06-26T14:06:34.776511+00:00,ok,,,,,
670,https://bsky.app/profile/rosettastoned.xyz/post/3m5orzukhss26,at://did:plc:5b2jnnh4ayhrgrqc4cmxycel/app.bsky.feed.post/3m5orzukhss26,bafyreigrlweqczdxcv2sgwzodc6xwfz6hsssmnzi65h4jtlizlh6ytwgfq,rosettastoned.xyz,did:plc:5b2jnnh4ayhrgrqc4cmxycel,2025-11-15T18:08:18.143Z,bsky.app/profile/stec...,reply,at://did:plc:pec2ggx7ht6hfliptiqaynuy/app.bsky.feed.post/3m5orvncfrc2i,at://did:plc:pec2ggx7ht6hfliptiqaynuy/app.bsky.feed.post/3m5opsphjms2t,en,1,0,1,0,official mention,2026-06-26T14:05:00.228985+00:00,bsky.app/profile/stec,False,unknown,2026-06-26T14:06:34.776511+00:00,ok,,,,,
671,https://bsky.app/profile/tywarning.bsky.social/post/3m5oqkfo3xs2k,at://did:plc:og7btenomggi7lyh4la4clsd/app.bsky.feed.post/3m5oqkfo3xs2k,bafyreiaxftqwkdfmotmlckce6mrp5krqqg6q5mwhuogd5q5yozruhwqywy,tywarning.bsky.social,did:plc:og7btenomggi7lyh4la4clsd,2025-11-15T17:41:45.475Z,"I’m also using the activity tracking labeler. Useful for identifying bots, or real people who change their identities intentionally to spam more.

bsky.app/profile/stec...",reply,at://did:plc:gzg3h5hprb74kz2igyghudlb/app.bsky.feed.post/3m5oq6izmlc2x,at://did:plc:og7btenomggi7lyh4la4clsd/app.bsky.feed.post/3m5n2rjbby22s,en,0,0,0,0,official mention,2026-06-26T14:05:00.228985+00:00,bsky.app/profile/stec,False,en,2026-06-26T14:06:34.776511+00:00,ok,,,,,
672,https://bsky.app/profile/dml.bsky.social/post/3m5opindzrs2n,at://did:plc:o7jfd6wzg2ztzzzll4bcxys2/app.bsky.feed.post/3m5opindzrs2n,bafyreiakbspuorb62wu3bfhwylaxxu3sh7bbnn26dnrodd5feisvlqvchq,dml.bsky.social,did:plc:o7jfd6wzg2ztzzzll4bcxys2,2025-11-15T17:22:52.684Z,"one of my favorite bluesky features that no other social media network has (afaik) are Labelers, which label content in all kinds of ways. This one from Cornell will tell you which accounts are posting 100+ times a day, or are rapidly changing their profile photo, etc. bsky.app/profile/stec...",post,,,en,4,1,0,0,official mention,2026-06-26T14:05:00.228985+00:00,bsky.app/profile/stec,False,en,2026-06-26T14:06:34.776511+00:00,ok,,,,,
673,https://bsky.app/profile/mariegardiner.bsky.social/post/3m5oi6ee5xc2i,at://did:plc:nxanllsnda2w3lxcns2govzj/app.bsky.feed.post/3m5oi6ee5xc2i,bafyreie2wvfpy46j3aawart36bj5hzef5tsahqssf4zqnmceawznxvpigq,mariegardiner.bsky.social,did:plc:nxanllsnda2w3lxcns2govzj,2025-11-15T15:11:51.513Z,bsky.app/profile/stec...,reply,at://did:plc:mzvzhfdbd45ozjqbm4annxm4/app.bsky.feed.post/3m5ohwihofs2f,at://did:plc:bcgtpezwhu5ynanpiezkmfim/app.bsky.feed.post/3m5oa62zez225,en,1,0,0,0,official mention,2026-06-26T14:05:00.228985+00:00,bsky.app/profile/stec,False,unknown,2026-06-26T14:06:34.776511+00:00,ok,,,,,
674,https://bsky.app/profile/windowseat.bsky.social/post/3m5nun23dik2m,at://did:plc:4r5s3e5z7m4ng5cq3w7nr32x/app.bsky.feed.post/3m5nun23dik2m,bafyreieb73wnmsnkhv5mmy6f77a6b7ruewpho3tvr6gvmum2v4gklnr5py,windowseat.bsky.social,did:plc:4r5s3e5z7m4ng5cq3w7nr32x,2025-11-15T09:22:09.218Z,"Labelers I use:

Timezone
bsky.app/profile/khro...

Pronouns
bsky.app/profile/pron...

Skywatch
bsky.app/profile/skyw...

Sports
bsky.app/profile/spor...

Joined
bsky.app/profile/join...

Posts a lot labeler (& other stuff):
bsky.app/profile/stec...

Profile:
bsky.app/profile/prof...",reply,at://did:plc:4r5s3e5z7m4ng5cq3w7nr32x/app.bsky.feed.post/3m5nu4n5zt22m,at://did:plc:4r5s3e5z7m4ng5cq3w7nr32x/app.bsky.feed.post/3m5nu4n5zt22m,en,7,0,2,5,official mention,2026-06-26T14:05:00.228985+00:00,bsky.app/profile/stec,False,en,2026-06-26T14:06:34.776511+00:00,ok,,,,,
675,https://bsky.app/profile/ianthe.online/post/3m5m7vb2q5c2i,at://did:plc:psnjo4sajhs3aojsmbmizuch/app.bsky.feed.post/3m5m7vb2q5c2i,bafyreibqhjkm46xfqtjn7ya47x44osn4aj23kebaogl53u3gdmfphpmdpe,ianthe.online,did:plc:psnjo4sajhs3aojsmbmizuch,2025-11-14T17:38:16.657Z,bsky.app/profile/stec...,reply,at://did:plc:nb22azmvkphsepw5ok2jmdll/app.bsky.feed.post/3m5m7thf5kc2p,at://did:plc:psnjo4sajhs3aojsmbmizuch/app.bsky.feed.post/3m5fes6tvcc27,en,0,0,1,0,official mention,2026-06-26T14:05:00.228985+00:00,bsky.app/profile/stec,False,unknown,2026-06-26T14:06:34.776511+00:00,ok,,,,,
676,https://bsky.app/profile/bigshika.com/post/3m5lgphd6fc2m,at://did:plc:cfdmspnphumtrbmez757nk5m/app.bsky.feed.post/3m5lgphd6fc2m,bafyreie2llxlgarkdsilw4b57mmfdcz4vnm4hc66pby3js2nfloyw7agj4,bigshika.com,did:plc:cfdmspnphumtrbmez757nk5m,2025-11-14T10:07:38.353Z,I highly recommend this account labeller for bot-like behaviour:  bsky.app/profile/stec...,post,,,en,0,1,0,0,official mention,2026-06-26T14:05:00.228985+00:00,bsky.app/profile/stec,True,en,2026-06-26T14:06:34.776511+00:00,ok,,,,,
677,https://bsky.app/profile/dylan-149.bsky.social/post/3m5io2cwyn227,at://did:plc:4iycynucs7wmuwd4dmcq2cvd/app.bsky.feed.post/3m5io2cwyn227,bafyreiabw7yvgeyvrvvvuyinev55mrtlw3hcxylhok5v6rmehphozrcnjm,dylan-149.bsky.social,did:plc:4iycynucs7wmuwd4dmcq2cvd,2025-11-13T07:40:59.837Z,bsky.app/profile/stec...,reply,at://did:plc:7yga7zy6k2whawavckxdhz2j/app.bsky.feed.post/3m5inxvduoc2a,at://did:plc:q32qkw5u7z3derggmyp64eac/app.bsky.feed.post/3m5hsnewjpc2n,en,1,0,1,0,official mention,2026-06-26T14:05:00.228985+00:00,bsky.app/profile/stec,False,unknown,2026-06-26T14:06:34.776511+00:00,ok,,,,,
678,https://bsky.app/profile/bookofessays.bsky.social/post/3m5h4m7qaxk2r,at://did:plc:hqa6usxyqxnxalo765p2thw6/app.bsky.feed.post/3m5h4m7qaxk2r,bafyreie6s5mwwyuvwjkxrv5jcvy3lykdsqsk4s5jwpj6rmr74qudyosdwm,bookofessays.bsky.social,did:plc:hqa6usxyqxnxalo765p2thw6,2025-11-12T16:56:13.358Z,"It’s this labeler:

bsky.app/profile/stec...",reply,at://did:plc:h5myao2o5xx4nmvdiz5gbiao/app.bsky.feed.post/3m5h4e3wwls24,at://did:plc:ypwnaukfovfn62bebfyceykd/app.bsky.feed.post/3m5ffwyr7t22g,en,0,0,1,0,official mention,2026-06-26T14:05:00.228985+00:00,bsky.app/profile/stec,False,en,2026-06-26T14:06:34.776511+00:00,ok,,,,,
679,https://bsky.app/profile/peterc3k.bsky.social/post/3m5fhej2puk2k,at://did:plc:cgrrymsxap2lp73s5evyd6ff/app.bsky.feed.post/3m5fhej2puk2k,bafyreifobiolbc3vtqy6kzs7azcsomaqkna4ltij3ezmm7wv3jsqs22cdi,peterc3k.bsky.social,did:plc:cgrrymsxap2lp73s5evyd6ff,2025-11-12T01:03:26.386Z,"This one, I believe.
bsky.app/profile/stec...",reply,at://did:plc:i235g2w5ue7dkpznsa4j42h4/app.bsky.feed.post/3m5fggc2trc2b,at://did:plc:ypwnaukfovfn62bebfyceykd/app.bsky.feed.post/3m5ffwyr7t22g,en,7,0,1,0,official mention,2026-06-26T14:05:00.228985+00:00,bsky.app/profile/stec,False,en,2026-06-26T14:06:34.776511+00:00,ok,,,,,
680,https://bsky.app/profile/fubits.dev/post/3m5faoofaec2a,at://did:plc:6aglx53tojyuwxwueap5og3h/app.bsky.feed.post/3m5faoofaec2a,bafyreieml27af7r2an2thqkuc6qemrqd7btphy2cje2wq43c6qi5by2m7e,fubits.dev,did:plc:6aglx53tojyuwxwueap5og3h,2025-11-11T23:03:51.326Z,This labeller is really helpful to identify certain types of account (esp. bots) on Bluesky bsky.app/profile/stec...,post,,,en,3,0,1,0,official mention,2026-06-26T14:05:00.228985+00:00,bsky.app/profile/stec,False,en,2026-06-26T14:06:34.776511+00:00,ok,,,,,
681,https://bsky.app/profile/mateohh.bsky.social/post/3m5ewdvpock2m,at://did:plc:xtewzlemztxo4q2w5yp5sh3h/app.bsky.feed.post/3m5ewdvpock2m,bafyreiesirchjy72agupjnwzg5n3srcdrvnales37tuoujjs4puthzo7xy,mateohh.bsky.social,did:plc:xtewzlemztxo4q2w5yp5sh3h,2025-11-11T19:58:52.490Z,—> bsky.app/profile/stec...,reply,at://did:plc:2qm3rdn7xv3un7nfcvjhwv4u/app.bsky.feed.post/3m5ewb5aoj22n,at://did:plc:hfrtjnhcfzvyrht2atilf3yw/app.bsky.feed.post/3m5eumzt72k25,en,2,0,0,1,official mention,2026-06-26T14:05:00.228985+00:00,bsky.app/profile/stec,False,unknown,2026-06-26T14:06:34.776511+00:00,ok,,,,,
682,https://bsky.app/profile/aaronrosspowell.com/post/3m5eahgkmac2r,at://did:plc:x2xmijn2egk5g67u3cwkddzy/app.bsky.feed.post/3m5eahgkmac2r,bafyreibvcdzyqlbzor55etkub2brv7mh2wkkefwbipehgumku66r7txxte,aaronrosspowell.com,did:plc:x2xmijn2egk5g67u3cwkddzy,2025-11-11T13:27:08.492Z,bsky.app/profile/stec...,reply,at://did:plc:brhc3ixymkoypidsef75v4d2/app.bsky.feed.post/3m5de73gvws2l,at://did:plc:x2xmijn2egk5g67u3cwkddzy/app.bsky.feed.post/3m5d6egjt5k25,en,0,0,0,0,official mention,2026-06-26T14:05:00.228985+00:00,bsky.app/profile/stec,False,unknown,2026-06-26T14:06:34.776511+00:00,ok,,,,,
683,https://bsky.app/profile/boynamedshit.bsky.social/post/3m5ddo4ci4c2l,at://did:plc:bpb6yeammndacgzf22nghyav/app.bsky.feed.post/3m5ddo4ci4c2l,bafyreih7b5wnaubowrikrcnby2mojf4gp4tljatqfe3wsarjo5p4sd4hnu,boynamedshit.bsky.social,did:plc:bpb6yeammndacgzf22nghyav,2025-11-11T04:51:54.110Z,Incredible stuff here bsky.app/profile/stec...,post,,,en,0,0,0,0,official mention,2026-06-26T14:05:00.228985+00:00,bsky.app/profile/stec,False,en,2026-06-26T14:06:34.776511+00:00,ok,,,,,
684,https://bsky.app/profile/carrion.bsky.social/post/3m5crzxn6gc2u,at://did:plc:3dpf4ko57ekkpo6baf7uwyg7/app.bsky.feed.post/3m5crzxn6gc2u,bafyreifuz6ye72fmwycaidn7oivd225t7zz4y6bulrxkpf657fogi37yxu,carrion.bsky.social,did:plc:3dpf4ko57ekkpo6baf7uwyg7,2025-11-10T23:36:24.517Z,bsky.app/profile/stec...,reply,at://did:plc:feormvyugzchxz22cih6qz7q/app.bsky.feed.post/3m5crx5rb4s2d,at://did:plc:yjl44ckrkaif35o6jfl767vp/app.bsky.feed.post/3m5crshv2mc22,en,4,0,1,0,official mention,2026-06-26T14:05:00.228985+00:00,bsky.app/profile/stec,False,unknown,2026-06-26T14:06:34.776511+00:00,ok,,,,,
685,https://bsky.app/profile/ky.fyi/post/3m5crzjqfys2y,at://did:plc:ns7i7bp55lay2bx75k5jcnbh/app.bsky.feed.post/3m5crzjqfys2y,bafyreihhwoejouzxu3k3oqdidnqgsyjvduvgiuctha7nw7xs7hdi2oikke,ky.fyi,did:plc:ns7i7bp55lay2bx75k5jcnbh,2025-11-10T23:36:09.943Z,it's this labeler: bsky.app/profile/stec...,reply,at://did:plc:feormvyugzchxz22cih6qz7q/app.bsky.feed.post/3m5crx5rb4s2d,at://did:plc:yjl44ckrkaif35o6jfl767vp/app.bsky.feed.post/3m5crshv2mc22,en,2,0,1,0,official mention,2026-06-26T14:05:00.228985+00:00,bsky.app/profile/stec,False,en,2026-06-26T14:06:34.776511+00:00,ok,,,,,
686,https://bsky.app/profile/jimpjorps.bsky.social/post/3m5co2ae5hs2d,at://did:plc:gwgc4v6rbzi6jndayax3yk2n/app.bsky.feed.post/3m5co2ae5hs2d,bafyreieym2nl7aeuseksexd3wlnh2jmuk5dgfl54ecmhbpejamomzps6ja,jimpjorps.bsky.social,did:plc:gwgc4v6rbzi6jndayax3yk2n,2025-11-10T22:24:58.692Z,bsky.app/profile/stec...,reply,at://did:plc:6p5lc2vjzp5ggkmqdqtkwa6c/app.bsky.feed.post/3m5cnvkvenc2i,at://did:plc:64mdicpo7sq4k5bx2z3m2jo6/app.bsky.feed.post/3m5cnob5wts2l,en,3,0,0,0,official mention,2026-06-26T14:05:00.228985+00:00,bsky.app/profile/stec,False,unknown,2026-06-26T14:06:34.776511+00:00,ok,,,,,
687,https://bsky.app/profile/walkingtaako.bsky.social/post/3m5cehunhgc23,at://did:plc:juqbdfdlpum3lrldqy2cded4/app.bsky.feed.post/3m5cehunhgc23,bafyreiexyj5g54vhj5xnkshu4kc4u6raxgwakoxjrxzpcmljab6ngwrxza,walkingtaako.bsky.social,did:plc:juqbdfdlpum3lrldqy2cded4,2025-11-10T19:33:38.758Z,bsky.app/profile/stec...,reply,at://did:plc:j7mcwnkjecbncepgyah7g2yx/app.bsky.feed.post/3m5ce4jhzok2z,at://did:plc:j7mcwnkjecbncepgyah7g2yx/app.bsky.feed.post/3m5ce4jhzok2z,en,0,0,0,0,official mention,2026-06-26T14:05:00.228985+00:00,bsky.app/profile/stec,False,unknown,2026-06-26T14:06:34.776511+00:00,ok,,,,,
688,https://bsky.app/profile/walkingtaako.bsky.social/post/3m5ceccuvak23,at://did:plc:juqbdfdlpum3lrldqy2cded4/app.bsky.feed.post/3m5ceccuvak23,bafyreicaz66omn7dwjjwlo3egolqe65nw5t25tvps7uiyohyeu7zkirlja,walkingtaako.bsky.social,did:plc:juqbdfdlpum3lrldqy2cded4,2025-11-10T19:30:32.354Z,bsky.app/profile/stec...,reply,at://did:plc:aykk3xngzryf5sjyj42jjhfk/app.bsky.feed.post/3m5cdygpkec2i,at://did:plc:awzzrtrcrvpnxi3ph2sbhxwv/app.bsky.feed.post/3m5c75b55dk2i,en,7,0,2,0,official mention,2026-06-26T14:05:00.228985+00:00,bsky.app/profile/stec,False,unknown,2026-06-26T14:06:34.776511+00:00,ok,,,,,
689,https://bsky.app/profile/cait.bsky.social/post/3m5c7f65o7c2i,at://did:plc:awzzrtrcrvpnxi3ph2sbhxwv/app.bsky.feed.post/3m5c7f65o7c2i,bafyreihwnkyne4obcvedns5llbb7sfc5xyqyyccrobkrxq6ju7uacpniyi,cait.bsky.social,did:plc:awzzrtrcrvpnxi3ph2sbhxwv,2025-11-10T18:02:39.354Z,bsky.app/profile/stec...,reply,at://did:plc:2si3soj5w3vadgb4w7giu4oi/app.bsky.feed.post/3m5c7cu4jpc22,at://did:plc:awzzrtrcrvpnxi3ph2sbhxwv/app.bsky.feed.post/3m5c75b55dk2i,en,16,1,1,0,official mention,2026-06-26T14:05:00.228985+00:00,bsky.app/profile/stec,False,unknown,2026-06-26T14:06:34.776511+00:00,ok,,,,,
690,https://bsky.app/profile/evilgoblin.wedding/post/3m5ad3af34s24,at://did:plc:tixyo3eqxqxd4mbuxndjhfql/app.bsky.feed.post/3m5ad3af34s24,bafyreihykw4x3je3cbfh6eu77i5shgdekr3m2zicp4hz4x7sc4o4gazmfe,evilgoblin.wedding,did:plc:tixyo3eqxqxd4mbuxndjhfql,2025-11-10T00:03:21.640Z,bsky.app/profile/stec...,reply,at://did:plc:2zeyxx7dtbbz4pv6syewvr5c/app.bsky.feed.post/3m5achhij3s25,at://did:plc:tixyo3eqxqxd4mbuxndjhfql/app.bsky.feed.post/3m5a7j5jth224,en,2,0,0,0,official mention,2026-06-26T14:05:00.228985+00:00,bsky.app/profile/stec,False,unknown,2026-06-26T14:06:34.776511+00:00,ok,,,,,
691,https://bsky.app/profile/sasuraiger.bsky.social/post/3m57jjdkrfk2h,at://did:plc:izspujcztlala2m5fp756azj/app.bsky.feed.post/3m57jjdkrfk2h,bafyreidnrdlzgmbsyl6cvi3hyi4v2wgnc74j2t5vkq5bfco4cxu2smiwba,sasuraiger.bsky.social,did:plc:izspujcztlala2m5fp756azj,2025-11-09T16:25:57.447Z,"bsky.app/profile/stec... great accessory for your posting. every bluesky politics derailer? that guy has posted 100 times today, and now you can know it for sure",post,,,en,3,0,0,0,official mention,2026-06-26T14:05:00.228985+00:00,bsky.app/profile/stec,False,en,2026-06-26T14:06:34.776511+00:00,ok,,,,,
692,https://bsky.app/profile/shawn.dra.pe/post/3m55rtcx6bk2t,at://did:plc:uutg4dhioduwnfuk2hf2vvgb/app.bsky.feed.post/3m55rtcx6bk2t,bafyreibd4f7y6obggk26hqmxydnnwplvxdnw7rg6vohxhdrbarxepay3wi,shawn.dra.pe,did:plc:uutg4dhioduwnfuk2hf2vvgb,2025-11-08T23:49:22.806Z,"My first labeller, and this thing is really neat. It just marks accounts which are power users, either by posts per day, amount of time between posts, or profile changes. 

It’s nice additional context while I’m reading the feed, for adding just a couple more grains of salt

bsky.app/profile/stec...",post,,,en,0,0,0,0,official mention,2026-06-26T14:05:00.228985+00:00,bsky.app/profile/stec,False,en,2026-06-26T14:06:34.776511+00:00,ok,,,,,
693,https://bsky.app/profile/dobisan.cc/post/3m55ktk4xks2e,at://did:plc:shzhaffsyhuh7cdlbjkyc3jw/app.bsky.feed.post/3m55ktk4xks2e,bafyreifp44yhv22igxwvkzo6ktrgdjtn2ksupk76ndkwbuaxswxzja2qze,dobisan.cc,did:plc:shzhaffsyhuh7cdlbjkyc3jw,2025-11-08T21:44:14.144Z,"Azt hiszem ez a moderáció dolog sokkal jobban meg van oldva itt Blueskyon. Mert ha a Bluesky nem oldja meg akkor egy egyetem igen. :)

bsky.app/profile/stec...",post,,,en,0,0,0,0,official mention,2026-06-26T14:05:00.228985+00:00,bsky.app/profile/stec,False,hu,2026-06-26T14:06:34.776511+00:00,ok,,,,,
694,https://bsky.app/profile/trinitrotolerance.bsky.social/post/3m54xbjwgys23,at://did:plc:exxjnzjk54ivvabupa6uw24z/app.bsky.feed.post/3m54xbjwgys23,bafyreifv4xtqanmkuw6pf7ooxxvxthaa6jjh7j5xmbactdrqqhdn7g5bla,trinitrotolerance.bsky.social,did:plc:exxjnzjk54ivvabupa6uw24z,2025-11-08T15:54:08.856Z,Highly recommend following this context labeled that can clue you in if someone has unusual posting habits bsky.app/profile/stec...,reply,at://did:plc:knhogooegtwtt5rdckiaiekp/app.bsky.feed.post/3m532vqglrc2j,at://did:plc:knhogooegtwtt5rdckiaiekp/app.bsky.feed.post/3m532vqglrc2j,en,1,0,0,0,official mention,2026-06-26T14:05:00.228985+00:00,bsky.app/profile/stec,False,en,2026-06-26T14:06:34.776511+00:00,ok,,,,,
695,https://bsky.app/profile/sophamir.bsky.social/post/3m52sf7lkb22m,at://did:plc:xz27fxp7tm4u5na754amme2n/app.bsky.feed.post/3m52sf7lkb22m,bafyreic3cifg5igolazdlmbut6asvecnuk5cmujicfq4mooiitquxf64yi,sophamir.bsky.social,did:plc:xz27fxp7tm4u5na754amme2n,2025-11-07T19:21:24.044Z,"I found out it's this labeler
bsky.app/profile/stec...",reply,at://did:plc:f5kysktiyhdm7mb2i6ma3c2t/app.bsky.feed.post/3m52rx6ua7k2k,at://did:plc:xz27fxp7tm4u5na754amme2n/app.bsky.feed.post/3m52gp3aoi222,en,2,0,2,0,official mention,2026-06-26T14:05:00.228985+00:00,bsky.app/profile/stec,False,en,2026-06-26T14:06:34.776511+00:00,ok,,,,,
696,https://bsky.app/profile/slime.bsky.social/post/3m4zjvf2wgs2b,at://did:plc:ah3j3in4wblokt7fjmuckomu/app.bsky.feed.post/3m4zjvf2wgs2b,bafyreiczatq4466wjzu2sv37h44barwhydnzza5kuyefizh6mxxweazipy,slime.bsky.social,did:plc:ah3j3in4wblokt7fjmuckomu,2025-11-07T07:16:43.247Z,"weak tbh... you actually take breaks

bsky.app/profile/stec...",reply,at://did:plc:2czu76ohiskwfehlecbchppx/app.bsky.feed.post/3m4zckikibs26,at://did:plc:ah3j3in4wblokt7fjmuckomu/app.bsky.feed.post/3m4zblrlavk2v,en,0,0,0,0,official mention,2026-06-26T14:05:00.228985+00:00,bsky.app/profile/stec,False,en,2026-06-26T14:06:34.776511+00:00,ok,,,,,
697,https://bsky.app/profile/micaelsilva.com/post/3m4y4r5dbh22w,at://did:plc:cegw352ouspl5nhkiyuvrny6/app.bsky.feed.post/3m4y4r5dbh22w,bafyreif23hvzijdea5acl2uarcczrxnhahvzbb5a37iyooowcrczg24zua,micaelsilva.com,did:plc:cegw352ouspl5nhkiyuvrny6,2025-11-06T17:49:02.533Z,bsky.app/profile/stec...,reply,at://did:plc:zzxwledpqf7ob7svaf675k4c/app.bsky.feed.post/3m4y4p6nb2s2g,at://did:plc:cegw352ouspl5nhkiyuvrny6/app.bsky.feed.post/3m4y4hwehhc2w,pt,1,1,0,0,official mention,2026-06-26T14:05:00.228985+00:00,bsky.app/profile/stec,False,unknown,2026-06-26T14:06:34.776511+00:00,ok,,,,,
698,https://bsky.app/profile/giromide.online/post/3m4wyf4azls2m,at://did:plc:kfwwoiuw2mc7gfgy55hpk5ck/app.bsky.feed.post/3m4wyf4azls2m,bafyreihcwa5jha2opwzzpjs7mxyudjer6qhdv55iijy3iafpxtyttnskxy,giromide.online,did:plc:kfwwoiuw2mc7gfgy55hpk5ck,2025-11-06T06:58:04.051Z,bsky.app/profile/stec...,reply,at://did:plc:yndeljtfmaslfmqs75idurjz/app.bsky.feed.post/3m4wy7cjj7k2u,at://did:plc:jb2q4yqmgpmefxd4xx66gepm/app.bsky.feed.post/3m4wxxowonc2l,en,8,1,2,0,official mention,2026-06-26T14:05:00.228985+00:00,bsky.app/profile/stec,False,unknown,2026-06-26T14:06:34.776511+00:00,ok,,,,,
699,https://bsky.app/profile/tomcoates.bsky.social/post/3m4wulu2v6s22,at://did:plc:sfg7stlgumtynct7d6qw2yi4/app.bsky.feed.post/3m4wulu2v6s22,bafyreihbadcwel2mnax6bphlemz7fdcg44auzx22s7a6agg4teqsqdqgja,tomcoates.bsky.social,did:plc:sfg7stlgumtynct7d6qw2yi4,2025-11-06T05:50:15.375Z,Extrenely useful labeller ive has access to for a few days. Strong recommend. bsky.app/profile/stec...,post,,,en,5,2,2,0,official mention,2026-06-26T14:05:00.228985+00:00,bsky.app/profile/stec,False,en,2026-06-26T14:06:34.776511+00:00,ok,,,,,
700,https://bsky.app/profile/spookalucca.tv/post/3m4v4gmvjnc2q,at://did:plc:zi2k3ep3yzo34xjcwxcrkkzg/app.bsky.feed.post/3m4v4gmvjnc2q,bafyreidihjfb7zrtdu2gbruxhzfpqcepmcwacqisinfwfjdih467ymqj2u,spookalucca.tv,did:plc:zi2k3ep3yzo34xjcwxcrkkzg,2025-11-05T13:05:10.546Z,bsky.app/profile/stec...,reply,at://did:plc:zgi3qfrm46r7qr2jriw673gd/app.bsky.feed.post/3m4v4elvzp225,at://did:plc:zi2k3ep3yzo34xjcwxcrkkzg/app.bsky.feed.post/3m4uxo5z56c2l,en,3,0,1,0,official mention,2026-06-26T14:05:00.228985+00:00,bsky.app/profile/stec,False,unknown,2026-06-26T14:06:34.776511+00:00,ok,,,,,
701,https://bsky.app/profile/ajsta.bsky.social/post/3m4upxcihsc2p,at://did:plc:gdddr635hp2uhcslxzs27wle/app.bsky.feed.post/3m4upxcihsc2p,bafyreiffh62fly5quwrwpzbncxzvlxcwp4uzbuxcxx4sfndiaihggjn5ly,ajsta.bsky.social,did:plc:gdddr635hp2uhcslxzs27wle,2025-11-05T09:21:51.327Z,"Signed up to an interesting labeller yesterday that can tell you things like how online an acc is and how often they post.

Reuters is as expected, but one weird thing is how there are lots of individuals who also post constantly 24/7 like a deranged insomniac..

bsky.app/profile/stec...",post,,,en,2,0,0,0,official mention,2026-06-26T14:05:00.228985+00:00,bsky.app/profile/stec,True,en,2026-06-26T14:06:34.776511+00:00,ok,,,,,
702,https://bsky.app/profile/spookalucca.tv/post/3m4tse5g3mc2g,at://did:plc:zi2k3ep3yzo34xjcwxcrkkzg/app.bsky.feed.post/3m4tse5g3mc2g,bafyreigibnbrlbspwpyqyatxwnqi4jzljtkwkaub7v74drqcns5o5i3wbq,spookalucca.tv,did:plc:zi2k3ep3yzo34xjcwxcrkkzg,2025-11-05T00:32:10.046Z,bsky.app/profile/stec...,reply,at://did:plc:ab5q44kj27dqcozlhq6clm2h/app.bsky.feed.post/3m4ts5ia6tc2m,at://did:plc:zi2k3ep3yzo34xjcwxcrkkzg/app.bsky.feed.post/3m4ts3mtlik2g,en,3,0,0,0,official mention,2026-06-26T14:05:00.228985+00:00,bsky.app/profile/stec,False,unknown,2026-06-26T14:06:34.776511+00:00,ok,,,,,
703,https://bsky.app/profile/funhaver.bsky.social/post/3m4trq47xjs2w,at://did:plc:y6bfr7zkalv5qvgv5l3wpzxg/app.bsky.feed.post/3m4trq47xjs2w,bafyreibjpqbgqbgouacigyl43koia3mg2eiljsd3ha75f3yavjbo5ubvsa,funhaver.bsky.social,did:plc:y6bfr7zkalv5qvgv5l3wpzxg,2025-11-05T00:20:57.707Z,bsky.app/profile/stec...,reply,at://did:plc:vr2h6o2d6bup2l4frnp6gk5z/app.bsky.feed.post/3m4tqcgnl6s2b,at://did:plc:smqurk4xorz6otjaasuetltd/app.bsky.feed.post/3m4tm25fkc222,en,1,0,1,0,official mention,2026-06-26T14:05:00.228985+00:00,bsky.app/profile/stec,False,unknown,2026-06-26T14:06:34.776511+00:00,ok,,,,,
704,https://bsky.app/profile/alvarofreitas.bsky.social/post/3m4teuku3yc2h,at://did:plc:72hzafcoy6rr4uafuezdueuu/app.bsky.feed.post/3m4teuku3yc2h,bafyreieosxledaft7t6wrhd2qictup3vqav6kr2n6enqrycbarf6j6c57e,alvarofreitas.bsky.social,did:plc:72hzafcoy6rr4uafuezdueuu,2025-11-04T20:30:48.622Z,"caraca, descobri aqui um labeler por um comentário e recomendo bem viu: etiquetador com infos automáticas tipo

""mudou de foto de perfil x vezes só hoje""
""posta mais de 100 vezes por dia""
""postou o mesmo link mais de 50 vez""

recomendado

bsky.app/profile/stec...",post,,,"en,pt",26,5,2,7,official mention,2026-06-26T14:05:00.228985+00:00,bsky.app/profile/stec,False,pt,2026-06-26T14:06:34.776511+00:00,ok,,,,,
705,https://bsky.app/profile/feliciadavin.com/post/3m4sp7gygds2d,at://did:plc:7wzbwoi3qeoiehxfgo4lxfi4/app.bsky.feed.post/3m4sp7gygds2d,bafyreihkmgoof7q6ddooty3md5epntch22olafigglws6ad5yzoo2xeryu,feliciadavin.com,did:plc:7wzbwoi3qeoiehxfgo4lxfi4,2025-11-04T14:03:11.348Z,this labeler looks useful for finding bots: bsky.app/profile/stec...,post,,,en,2,0,1,0,official mention,2026-06-26T14:05:00.228985+00:00,bsky.app/profile/stec,False,en,2026-06-26T14:06:34.776511+00:00,ok,,,,,
706,https://bsky.app/profile/willroar.bsky.social/post/3m4slnlss222j,at://did:plc:wtqdedkgqxynzos2mlnmfxub/app.bsky.feed.post/3m4slnlss222j,bafyreihtb67dhfgvo4ityjc7mnwnxwnjaipo5ndh2jjwt2ekj3uhttnuaq,willroar.bsky.social,did:plc:wtqdedkgqxynzos2mlnmfxub,2025-11-04T12:59:31.200Z,bam! bsky.app/profile/stec...,reply,at://did:plc:25djycwtjyjocat746ytjvmf/app.bsky.feed.post/3m4slhge2t222,at://did:plc:25djycwtjyjocat746ytjvmf/app.bsky.feed.post/3m4sk3o64rs22,en,3,0,0,0,official mention,2026-06-26T14:05:00.228985+00:00,bsky.app/profile/stec,False,unknown,2026-06-26T14:06:34.776511+00:00,ok,,,,,
707,https://bsky.app/profile/kulthea.net/post/3m4ses6zmv22s,at://did:plc:q7pa426voh7sonfsa5czhohd/app.bsky.feed.post/3m4ses6zmv22s,bafyreicwn5ps5wdipwszqoxm3iqkaovryp3beswwen43toqnispr7pdwpe,kulthea.net,did:plc:q7pa426voh7sonfsa5czhohd,2025-11-04T10:56:49.372Z,"I'm just now learning about BlueSky Labelers. This one is pretty useful.

bsky.app/profile/stec...",post,,,en,0,0,0,0,official mention,2026-06-26T14:05:00.228985+00:00,bsky.app/profile/stec,False,en,2026-06-26T14:06:34.776511+00:00,ok,,,,,
708,https://bsky.app/profile/jonhendren.com/post/3m4s5ekyybs2q,at://did:plc:tbnrtasq73cfnuwyl6in3rhl/app.bsky.feed.post/3m4s5ekyybs2q,bafyreia5m32ib7qmw47f3apmhsf7gqjevylvqcw52l6nko2caxcwjsjhte,jonhendren.com,did:plc:tbnrtasq73cfnuwyl6in3rhl,2025-11-04T08:43:55.971Z,good labeler to tag the real freaks here bsky.app/profile/stec...,post,,,en,423,92,7,33,official mention,2026-06-26T14:05:00.228985+00:00,bsky.app/profile/stec,True,en,2026-06-26T14:06:34.776511+00:00,ok,,,,,
709,https://bsky.app/profile/nateschenkkan.bsky.social/post/3m4qthaazqs2x,at://did:plc:idfozrgxosvj6clz5ssugc33/app.bsky.feed.post/3m4qthaazqs2x,bafyreigofk33pelqqwrxyz36zozxpowtffafdyvylliqfqftdxllrsngai,nateschenkkan.bsky.social,did:plc:idfozrgxosvj6clz5ssugc33,2025-11-03T20:13:48.216Z,"I don’t know who turned me on to this automated labeler that tells you who is posting hundreds of times a day, who never stops posting, etc, but it’s great 

bsky.app/profile/stec...",post,,,en,7,2,1,1,official mention,2026-06-26T14:05:00.228985+00:00,bsky.app/profile/stec,False,en,2026-06-26T14:06:34.776511+00:00,ok,,,,,
710,https://bsky.app/profile/parkscopejoe.bsky.social/post/3m4qslopnkk2t,at://did:plc:s5c7bzfahvdk765yr7snvtdy/app.bsky.feed.post/3m4qslopnkk2t,bafyreif6zr2vdmhes5fnt3dmwhl3puteugl2onbgvetv5p47dwbbfk6ple,parkscopejoe.bsky.social,did:plc:s5c7bzfahvdk765yr7snvtdy,2025-11-03T19:58:23.851Z,"bsky.app/profile/stec...

Great tool!!!",reply,at://did:plc:nk4x5yzmysvtzffghi6x6grd/app.bsky.feed.post/3m4qsh5tm2226,at://did:plc:vasmwozbxda25bah7d6sb3ja/app.bsky.feed.post/3m4qaacafr22q,en,0,0,0,0,official mention,2026-06-26T14:05:00.228985+00:00,bsky.app/profile/stec,False,en,2026-06-26T14:06:34.776511+00:00,ok,,,,,
711,https://bsky.app/profile/dylanschenker.com/post/3m4qoc3e6ik25,at://did:plc:szpanvczvxnu25lbg6uolxbf/app.bsky.feed.post/3m4qoc3e6ik25,bafyreieh33ccq5imj4n63mvzi6y3honxcwsttfhrpduvpsa3vs7j4o2tzy,dylanschenker.com,did:plc:szpanvczvxnu25lbg6uolxbf,2025-11-03T18:41:26.594Z,I started using this labeler last week and if I've learned anything it is that several people I follow are posting upwards of 50-100 times a day bsky.app/profile/stec...,post,,,en,1,0,0,0,official mention,2026-06-26T14:05:00.228985+00:00,bsky.app/profile/stec,False,en,2026-06-26T14:06:34.776511+00:00,ok,,,,,
712,https://bsky.app/profile/apenwarr.ca/post/3m4qgawwp6c2c,at://did:plc:7dudjk2uag3q4wb7l6vfe5yk/app.bsky.feed.post/3m4qgawwp6c2c,bafyreievudwwi2dl2mc2ec7yprntghv72dzf2t3l32ez6u5uj5xdqchjfq,apenwarr.ca,did:plc:7dudjk2uag3q4wb7l6vfe5yk,2025-11-03T16:17:38.469Z,This is pretty neat labeler for quieting the noisiest parts of ”extremely online” discussions without having to block people. bsky.app/profile/stec...,post,,,en,20,5,2,0,official mention,2026-06-26T14:05:00.228985+00:00,bsky.app/profile/stec,False,en,2026-06-26T14:06:34.776511+00:00,ok,,,,,
713,https://bsky.app/profile/robinsonmeyer.bsky.social/post/3m4qbydcu4c2v,at://did:plc:wv5oyzuuatuizbqifq6xcdcg/app.bsky.feed.post/3m4qbydcu4c2v,bafyreiaiveitpw44gkt6n22ylgczojzqdcf6w4uu5wx2kbvohfijcpeut4,robinsonmeyer.bsky.social,did:plc:wv5oyzuuatuizbqifq6xcdcg,2025-11-03T15:01:14.487Z,STech Labels is basically the “They Live” glasses for understanding why your timeline always has same set of people in it: bsky.app/profile/stec...,post,,,en,10,2,0,2,official mention,2026-06-26T14:05:00.228985+00:00,bsky.app/profile/stec,False,en,2026-06-26T14:06:34.776511+00:00,ok,,,,,
714,https://bsky.app/profile/iedamarcondes.com/post/3m4q6cjbauc2f,at://did:plc:iebzj2c3y57wjzf775pvuzo2/app.bsky.feed.post/3m4q6cjbauc2f,bafyreie32bvlsq5ez5egbzn5bjktzelbmyhhv7v3b2v37tzelcytos5yea,iedamarcondes.com,did:plc:iebzj2c3y57wjzf775pvuzo2,2025-11-03T13:55:21.310Z,"Não conhecia este rotulador. Ele serve pra informar quando uma conta tem atividade suspeita (alterações no perfil várias vezes no mesmo dia, publica mais de 100 posts num único dia etc).
bsky.app/profile/stec...",post,,,en,12,6,0,0,official mention,2026-06-26T14:05:00.228985+00:00,bsky.app/profile/stec,False,pt,2026-06-26T14:06:34.776511+00:00,ok,,,,,
715,https://bsky.app/profile/loreandordure.com/post/3m4prchbub22u,at://did:plc:rd4lmw2zthdkmj2ifdg5hrqa/app.bsky.feed.post/3m4prchbub22u,bafyreichs5l47zrvjkdy4ntcqosi2gwjjfvvcereop4fetkiygxnc2ohfa,loreandordure.com,did:plc:rd4lmw2zthdkmj2ifdg5hrqa,2025-11-03T10:02:40.588Z,"Going to recommend this new labeller that does some really interesting (and potentially super-useful) things, even though it has slapped me with a ‘too online’ badge of shame pretty much immediately. 😂

bsky.app/profile/stec...",post,,,en,7,2,0,1,official mention,2026-06-26T14:05:00.228985+00:00,bsky.app/profile/stec,False,en,2026-06-26T14:06:34.776511+00:00,ok,,,,,
716,https://bsky.app/profile/beaujackal.bsky.social/post/3m4p7on45th2a,at://did:plc:a6we76v4qgl4afvtahf757gs/app.bsky.feed.post/3m4p7on45th2a,bafyreihhezffe65gq35xsjwrrqzzj7w7zt5arhczdtciidv67b6uqnb2ea,beaujackal.bsky.social,did:plc:a6we76v4qgl4afvtahf757gs,2025-11-03T04:47:21.993Z,"Oh holy shit there's a labeler that calls out Chronic Posters.
""No breaks greater than 2 hours yesterday""
""More than 50 posts yesterday""
""Posted the same link more than 15 times""
bsky.app/profile/stec...",post,,,en,4,0,1,0,official mention,2026-06-26T14:05:00.228985+00:00,bsky.app/profile/stec,False,en,2026-06-26T14:06:34.776511+00:00,ok,,,,,
717,https://bsky.app/profile/yinzer.bsky.social/post/3m4oadz4uo22m,at://did:plc:qp2etqdyylxaxile4i5jme52/app.bsky.feed.post/3m4oadz4uo22m,bafyreicuaoyz6h7zqjlgeadcqdcqqodq4nmffx45oqq5ui7jkz25x522xq,yinzer.bsky.social,did:plc:qp2etqdyylxaxile4i5jme52,2025-11-02T19:26:39.504Z,Labeller: bsky.app/profile/stec...,reply,at://did:plc:54rsw7u5cb2rko6evayfn5xp/app.bsky.feed.post/3m4oa7ywt222h,at://did:plc:z3uh6dme22hydm4loftjktaj/app.bsky.feed.post/3m4gm6a3cic2s,en,1,0,0,0,official mention,2026-06-26T14:05:00.228985+00:00,bsky.app/profile/stec,False,unknown,2026-06-26T14:06:34.776511+00:00,ok,,,,,
718,https://bsky.app/profile/batariangal.eurosky.social/post/3m4o7ic4iuc2e,at://did:plc:umokacyt44veykd6qw5zokyi/app.bsky.feed.post/3m4o7ic4iuc2e,bafyreigzkyrqvulit7gisymc2oc2odneygfz7thxyvyxndkxp6pba4jane,batariangal.eurosky.social,did:plc:umokacyt44veykd6qw5zokyi,2025-11-02T19:11:09.405Z,It’s this one: bsky.app/profile/stec...,reply,at://did:plc:umokacyt44veykd6qw5zokyi/app.bsky.feed.post/3m4o77kwwtk2e,at://did:plc:umokacyt44veykd6qw5zokyi/app.bsky.feed.post/3m4o76l7frc2e,en,2,0,0,0,official mention,2026-06-26T14:05:00.228985+00:00,bsky.app/profile/stec,False,en,2026-06-26T14:06:34.776511+00:00,ok,,,,,
719,https://bsky.app/profile/intense.wiggling.me/post/3m4o6v2qidc22,at://did:plc:ebdbfysevfnbpbqe5mitldiq/app.bsky.feed.post/3m4o6v2qidc22,bafyreigqlz457t6mzpxrq5d5gwdeqqu7hnjog3etz7rot6zblnz72mj7aa,intense.wiggling.me,did:plc:ebdbfysevfnbpbqe5mitldiq,2025-11-02T19:00:24.137Z,bsky.app/profile/stec...,reply,at://did:plc:rcz47akihsfzqluplkfr7jki/app.bsky.feed.post/3m4o44wcxzk24,at://did:plc:ebdbfysevfnbpbqe5mitldiq/app.bsky.feed.post/3m4nzg7mpws2d,en,0,0,0,0,official mention,2026-06-26T14:05:00.228985+00:00,bsky.app/profile/stec,False,unknown,2026-06-26T14:06:34.776511+00:00,ok,,,,,
720,https://bsky.app/profile/mikanbox.neocities.org/post/3m4nmtfo6hk25,at://did:plc:6zg7vm7qaj73zmrowci4exxr/app.bsky.feed.post/3m4nmtfo6hk25,bafyreie2wv45jawbsgw6ftwtjoemimfphrdic6ht6zvysrsnx3lqxjkjhm,mikanbox.neocities.org,did:plc:6zg7vm7qaj73zmrowci4exxr,2025-11-02T13:37:21.133Z,"saw this earlier and it looks like a pretty interesting labeler! does stuff like showing accounts that unfollowed a ton of accounts recently, that posts without long breaks, changes their profile often, if they post a lot (lol)...

bsky.app/profile/stec...",post,,,en,0,0,0,0,official mention,2026-06-26T14:05:00.228985+00:00,bsky.app/profile/stec,False,en,2026-06-26T14:06:34.776511+00:00,ok,,,,,
721,https://bsky.app/profile/kissane.myatproto.social/post/3m4miocz5lk2b,at://did:plc:qrt5rykojeg5sbsajbu4zdke/app.bsky.feed.post/3m4miocz5lk2b,bafyreih23wkblpbq6ywzflxa6wrm76j4bffzkeeev2k4ycuitb2wnms3yi,kissane.myatproto.social,did:plc:qrt5rykojeg5sbsajbu4zdke,2025-11-02T02:50:15.862Z,"Flipped this on earlier and holy god do some of you post a lot

bsky.app/profile/stec...",post,,,en,181,40,14,11,official mention,2026-06-26T14:05:00.228985+00:00,bsky.app/profile/stec,False,en,2026-06-26T14:06:34.776511+00:00,ok,,,,,
722,https://bsky.app/profile/rich.lafferty.ca/post/3m4mijcmodc2y,at://did:plc:jldsdoe5mqnqgqcgqdrs44av/app.bsky.feed.post/3m4mijcmodc2y,bafyreibcka2ytbizrwp7igbxly2lwrxykgrs7oj3ihnl5qqpcrbdrft2cu,rich.lafferty.ca,did:plc:jldsdoe5mqnqgqcgqdrs44av,2025-11-02T02:47:27.689Z,"interesting new(?) labeler: 

""A research project from Cornell Tech, investigating using automated signals to help users have more context about the accounts they are interacting with.""

bsky.app/profile/stec...",post,,,en,2,0,0,0,official mention,2026-06-26T14:05:00.228985+00:00,bsky.app/profile/stec,False,en,2026-06-26T14:06:34.776511+00:00,ok,,,,,
723,https://bsky.app/profile/gamrican.bsky.social/post/3m4lykdr4422n,at://did:plc:cyt66ejfsjitdvznsiztfcnc/app.bsky.feed.post/3m4lykdr4422n,bafyreicyec46lw7h5ofu64m3cbplprdw6m3qmldjex2vpkfuvaw3vyxwjm,gamrican.bsky.social,did:plc:cyt66ejfsjitdvznsiztfcnc,2025-11-01T22:01:42.569Z,"Useful subscription list for filtering out bots, and other spammers/fraudsters.

OP subscription list is at: bsky.app/profile/stec...",quote,,,en,2,1,0,0,official mention,2026-06-26T14:05:00.228985+00:00,bsky.app/profile/stec,False,en,2026-06-26T14:06:34.776511+00:00,ok,,,,,
724,https://bsky.app/profile/bajablastoise.bsky.social/post/3m4lts4ydas2i,at://did:plc:rpkporveknwelaphgsfmjmxe/app.bsky.feed.post/3m4lts4ydas2i,bafyreiehhinhgkfvbd4xf2d3coamuguqnyhxwavmyyxaj5hjh32tfnl7ta,bajablastoise.bsky.social,did:plc:rpkporveknwelaphgsfmjmxe,2025-11-01T20:36:35.190Z,Excellent labeler for catching spammy behaviors: bsky.app/profile/stec...,reply,at://did:plc:rpkporveknwelaphgsfmjmxe/app.bsky.feed.post/3m3i6i7r6jc2m,at://did:plc:rpkporveknwelaphgsfmjmxe/app.bsky.feed.post/3lacbgr5wdd2q,en,1,0,1,0,official mention,2026-06-26T14:05:00.228985+00:00,bsky.app/profile/stec,False,en,2026-06-26T14:06:34.776511+00:00,ok,,,,,
725,https://bsky.app/profile/victorsvector.com/post/3m4lrsgvaj22y,at://did:plc:jfda6xfy4ncaf72omkvrbkko/app.bsky.feed.post/3m4lrsgvaj22y,bafyreiczhcwjfvebpwimj7lryz3mpsedvw34wj7nfgiramdld5jcqgpaju,victorsvector.com,did:plc:jfda6xfy4ncaf72omkvrbkko,2025-11-01T20:00:58.076Z,"Ooo I really like this! I haven't really been using labelers but this was one that I could see behind super useful to filter out accounts if rather not even bother with

bsky.app/profile/stec...",quote,,,en,0,0,1,0,official mention,2026-06-26T14:05:00.228985+00:00,bsky.app/profile/stec,False,en,2026-06-26T14:06:34.776511+00:00,ok,,,,,
726,https://bsky.app/profile/eugenevinitsky.bsky.social/post/3m4lql3qp6k27,at://did:plc:5wm25vgenhgut3iqfjf4ozj5/app.bsky.feed.post/3m4lql3qp6k27,bafyreiazjsevppqbxiyvii62dhsgscr5ldftqrjsykem5xs3u4357rbvgy,eugenevinitsky.bsky.social,did:plc:5wm25vgenhgut3iqfjf4ozj5,2025-11-01T19:38:57.779Z,This labeler is such a clever way of making spam visible. Bluesky wins yet again: bsky.app/profile/stec...,post,,,en,157,41,5,10,official mention,2026-06-26T14:05:00.228985+00:00,bsky.app/profile/stec,True,en,2026-06-26T14:06:34.776511+00:00,ok,,,,,
727,https://bsky.app/profile/powerllama.com/post/3m4jwj76tb222,at://did:plc:id4meknqgwfhiwzx2totlj2i/app.bsky.feed.post/3m4jwj76tb222,bafyreig4hqcpududfo7z32v3mupdrsqxn3t6e66nslhca4byueofxtuip4,powerllama.com,did:plc:id4meknqgwfhiwzx2totlj2i,2025-11-01T02:19:57.260Z,well this is an interesting labeler now isn't it bsky.app/profile/stec...,post,,,en,1,0,1,0,official mention,2026-06-26T14:05:00.228985+00:00,bsky.app/profile/stec,False,en,2026-06-26T14:06:34.776511+00:00,ok,,,,,
728,https://bsky.app/profile/demarko.org/post/3m4iorgzq322q,at://did:plc:rrkr5yvwfzgobtvbxz6g6gnf/app.bsky.feed.post/3m4iorgzq322q,bafyreig36gntgrf2xlggsijmz5hvgwsjawjzicf7obmq2rcvutiu3qvdny,demarko.org,did:plc:rrkr5yvwfzgobtvbxz6g6gnf,2025-10-31T14:28:44.244Z,This is a fascinating labeler bsky.app/profile/stec...,post,,,en,16,2,0,4,official mention,2026-06-26T14:05:00.228985+00:00,bsky.app/profile/stec,False,en,2026-06-26T14:06:34.776511+00:00,ok,,,,,
729,https://bsky.app/profile/lastnpcalex.agency/post/3m4hdlh7kmk2f,at://did:plc:ccxl3ictrlvtrrgh5swvvg47/app.bsky.feed.post/3m4hdlh7kmk2f,bafyreibl4nplommtweftqlmpkoo7ba7zb6mavaor7dr3t3tvuc37gmmyw4,lastnpcalex.agency,did:plc:ccxl3ictrlvtrrgh5swvvg47,2025-10-31T01:35:52.208Z,"these labels slap btw:

bsky.app/profile/stec...",post,,,en,8,1,0,1,official mention,2026-06-26T14:05:00.228985+00:00,bsky.app/profile/stec,False,en,2026-06-26T14:06:34.776511+00:00,ok,,,,,
730,https://bsky.app/profile/dxmnkd316.bsky.social/post/3m4h6owjxsk23,at://did:plc:44p7m65grfgr23lauypucca6/app.bsky.feed.post/3m4h6owjxsk23,bafyreihxkhkjvkhwegziozdk3skt4mhqnc3woontnpowt5hpuqg773fsi4,dxmnkd316.bsky.social,did:plc:44p7m65grfgr23lauypucca6,2025-10-31T00:08:20.234Z,"Completely forgot the link

bsky.app/profile/stec...",reply,at://did:plc:44p7m65grfgr23lauypucca6/app.bsky.feed.post/3m4h6nssg2k23,at://did:plc:uyqnubfj3qlho6psy6uvvt6u/app.bsky.feed.post/3m4h5fmtb5c2g,en,0,0,1,0,official mention,2026-06-26T14:05:00.228985+00:00,bsky.app/profile/stec,False,en,2026-06-26T14:06:34.776511+00:00,ok,,,,,
731,https://bsky.app/profile/thehonorable.net/post/3m3sg6kpapk2f,at://did:plc:cacztvsxf7l5gseqwny7opvy/app.bsky.feed.post/3m3sg6kpapk2f,bafyreihocmjbwrxbwwpuxrevtgxiygqeljva6sahxakdybxzwrjicbhsee,thehonorable.net,did:plc:cacztvsxf7l5gseqwny7opvy,2025-10-22T17:56:26.382Z,"Disxovered a new labeler that tags things like accounts that post a same URL repeatedly, change their profile a lot, just post without a pause, and ither automated signals bsky.app/profile/stec...",post,,,en,0,0,0,0,official mention,2026-06-26T14:05:00.228985+00:00,bsky.app/profile/stec,False,en,2026-06-26T14:06:34.776511+00:00,ok,,,,,
732,https://bsky.app/profile/aesthetic.northsky.social/post/3m2pvbxtvuk2e,at://did:plc:4y3wcmmyzmcpgearodhrbsae/app.bsky.feed.post/3m2pvbxtvuk2e,bafyreihtar7crjbvlhcubap7muwm622c26t3bhs5tfthmecs437q6iovdu,aesthetic.northsky.social,did:plc:4y3wcmmyzmcpgearodhrbsae,2025-10-09T00:23:36.114Z,bsky.app/profile/stec...,reply,at://did:plc:fvnmggzvyssxb5wzruvrzviq/app.bsky.feed.post/3m2pv6jed722s,at://did:plc:4y3wcmmyzmcpgearodhrbsae/app.bsky.feed.post/3m2puijce7k2i,en,1,0,1,0,official mention,2026-06-26T14:05:00.228985+00:00,bsky.app/profile/stec,False,unknown,2026-06-26T14:06:34.776511+00:00,ok,,,,,
733,https://bsky.app/profile/rigakuoxfordxrd.bsky.social/post/3lyuf2ovyes2r,at://did:plc:5aue2ct6lohneo4rbjm4sf7v/app.bsky.feed.post/3lyuf2ovyes2r,bafyreif4yfk6gocaqnlour3cclh6shjntiqolcgfyudkwidclqbxiqczo4,rigakuoxfordxrd.bsky.social,did:plc:5aue2ct6lohneo4rbjm4sf7v,2025-09-15T08:26:07.430Z,"Congratulations our social media competition winner: lnkd.in/eqNhAwxb by Kinan Al-Namourah who got the most likes (107).

Honorable mentions to Diane Dickie in 2nd (90 likes) lnkd.in/etQHucAr
...and @stecanossa.bsky.social in 3rd (69 aggregated likes) bsky.app/profile/stec...

#ROD10atECM #ECM35",quote,,,en,7,1,0,0,official mention,2026-06-26T14:05:00.228985+00:00,bsky.app/profile/stec,False,en,2026-06-26T14:06:34.776511+00:00,ok,,,,,
734,https://bsky.app/profile/vickilanger.dev/post/3mbmfhzpr622x,at://did:plc:lguxjtegubfafom3rfn5xhxk/app.bsky.feed.post/3mbmfhzpr622x,bafyreiew56fdag3p45e2wtgwi4vgdraabhp423ttglzy4rdnv3zoyolwxy,vickilanger.dev,did:plc:lguxjtegubfafom3rfn5xhxk,2026-01-04T16:59:01.712Z,Is this the Touch Grass or the Chronically Online labeler? I keep getting them confused 😏 😆,reply,at://did:plc:l2ktomvijz42t6hfqaxl7gq6/app.bsky.feed.post/3mbmcudjnfc2f,at://did:plc:l2ktomvijz42t6hfqaxl7gq6/app.bsky.feed.post/3mbmcudjnfc2f,en,1,0,1,0,keyword search,2026-06-26T14:05:00.228985+00:00,chronically online labeler,False,en,2026-06-26T14:06:34.776511+00:00,ok,,,,,
735,https://bsky.app/profile/xan.lol/post/3m7xy3jyln224,at://did:plc:q7suwaz53ztc4mbiqyygbn43/app.bsky.feed.post/3m7xy3jyln224,bafyreifu2c3yuqz43iwor7475ydtk2r4offwmhqmyriy7eb37ckr75mgkm,xan.lol,did:plc:q7suwaz53ztc4mbiqyygbn43,2025-12-14T20:40:57.531Z,i love chronically online labeler thank you chronically online labeler,post,,,en,8,0,1,0,keyword search,2026-06-26T14:05:00.228985+00:00,chronically online labeler,False,en,2026-06-26T14:06:34.776511+00:00,ok,,,,,
736,https://bsky.app/profile/jpco.io/post/3motpdyodns2b,at://did:plc:22xstdwhy7asvvfnklhonuij/app.bsky.feed.post/3motpdyodns2b,bafyreifalyj4gshnsndrsfe7wkdpxmyuu2mxbgf4ld5qezkf5mf7537ptu,jpco.io,did:plc:22xstdwhy7asvvfnklhonuij,2026-06-22T01:11:53.148Z,I don't know if I'm ready for the information provided by the Account Activity Labeler. feels like truths too powerful to behold,post,,,en,2,0,0,0,keyword search,2026-06-26T14:05:00.228985+00:00,account activity labeler,False,en,2026-06-26T14:06:34.776511+00:00,ok,,,,,
737,https://bsky.app/profile/cannedone.bsky.social/post/3moqmhpumuc27,at://did:plc:36nk23oih3ctklqxeeuptp5f/app.bsky.feed.post/3moqmhpumuc27,bafyreieybrkp2r6ncjq6bh75r3afy7q2fhujuoa5d4fif66imch66fgmdi,cannedone.bsky.social,did:plc:36nk23oih3ctklqxeeuptp5f,2026-06-20T19:42:17.694Z,"I subscribed to the Account Activity Labeler s.tech.cornell.edu/labeler/ which labels accounts that bulk (un)follow and post a lot etc

None of my following or followers have alerts; what amazing quality people you all are! Thanks for following; your likes, interactions, chats and just being you! 😃",post,,,en,2,0,0,0,keyword search,2026-06-26T14:05:00.228985+00:00,account activity labeler,False,en,2026-06-26T14:06:34.776511+00:00,ok,,,,,
738,https://bsky.app/profile/thewassy153.bsky.social/post/3moq4mbaw3k2t,at://did:plc:kvab6stz3ilhosvp3f6scqkr/app.bsky.feed.post/3moq4mbaw3k2t,bafyreidx2y4icyl35yz3r656k2qsnfvjyldptfffwcweeutsmjkyajyc4a,thewassy153.bsky.social,did:plc:kvab6stz3ilhosvp3f6scqkr,2026-06-20T14:58:30.271Z,does the account activity labeler show you your own labels or am i just that lame to it,post,,,en,0,0,1,0,keyword search,2026-06-26T14:05:00.228985+00:00,account activity labeler,False,en,2026-06-26T14:06:34.776511+00:00,ok,,,,,
739,https://bsky.app/profile/saintbyleth.itch.io/post/3mnwx3lexus2q,at://did:plc:z2ninnrvwz6zuhuldmdkf7eu/app.bsky.feed.post/3mnwx3lexus2q,bafyreia2l6uhxd32xoxldnysimqdnk7e4jbqmi7wnkq5rmpy2xfuuozbbm,saintbyleth.itch.io,did:plc:z2ninnrvwz6zuhuldmdkf7eu,2026-06-10T14:43:08.296Z,I got that account activity labeler and damnnnn some of u guys need to log off,post,,,en,1,0,0,0,keyword search,2026-06-26T14:05:00.228985+00:00,account activity labeler,False,en,2026-06-26T14:06:34.776511+00:00,ok,,,,,
740,https://bsky.app/profile/deathflare.bsky.social/post/3mnvf6j33jk2j,at://did:plc:mznicu5we2urqyp43pcewqmp/app.bsky.feed.post/3mnvf6j33jk2j,bafyreicfaihd22g7xbsblq5rc2wz4v7p3lhwsgnuephr2tyfifs2ptxsfy,deathflare.bsky.social,did:plc:mznicu5we2urqyp43pcewqmp,2026-06-09T23:49:59.445Z,i truly do love the account activity labeler because sometimes a post will annoy me but also have this combo above it. a very grounding reminder that i should just move on,post,,,en,6,0,0,0,keyword search,2026-06-26T14:05:00.228985+00:00,account activity labeler,True,en,2026-06-26T14:06:34.776511+00:00,ok,,,,,
741,https://bsky.app/profile/skelemann.bsky.social/post/3mmevb6vyqk22,at://did:plc:d4usaeqpj4qb64m6tp6ukazc/app.bsky.feed.post/3mmevb6vyqk22,bafyreiat5f7fnlpdt62euqwomzq6wg4kc2wk4oyne7r5uy3y4wmw2t5lmq,skelemann.bsky.social,did:plc:d4usaeqpj4qb64m6tp6ukazc,2026-05-21T16:57:22.147Z,"Account Activity Labeler displays a bunch of stuff
bsky.app/profile/did:...

In this this is some dork who mass follows and unfollows people to goad people into following back before he rugpulls it away 

Its some 2012 type desperation tactic",reply,at://did:plc:grl6wzjcm4bj5oftixu2gb6q/app.bsky.feed.post/3mmetnk2w3s2q,at://did:plc:d4usaeqpj4qb64m6tp6ukazc/app.bsky.feed.post/3mmetkt3dus2r,en,1,0,1,0,keyword search,2026-06-26T14:05:00.228985+00:00,account activity labeler,False,en,2026-06-26T14:06:34.776511+00:00,ok,,,,,
742,https://bsky.app/profile/warrenterra.bsky.social/post/3mlyswtorys26,at://did:plc:xfrwohjwxmkytdzadc4lqqy6/app.bsky.feed.post/3mlyswtorys26,bafyreicpt2hqyai3c4a6cozhnihekxkx5ljhvlzevyjmfqdj7fct6a4you,warrenterra.bsky.social,did:plc:xfrwohjwxmkytdzadc4lqqy6,2026-05-16T21:43:50.487Z,There's an account activity labeler that suggests most of the people I see posting regularly don't go over (or don't often go way over) 50 posts a day - though it would be vexing to be rate-limited when you were in the middle of a dialogue.,reply,at://did:plc:5gy3v7opwo3bfoa7dojkfhvp/app.bsky.feed.post/3mlypv5pqtk24,at://did:plc:cbhnuflsctq2s7mu4iqcuauq/app.bsky.feed.post/3mlyouqlfik2z,en,1,0,1,0,keyword search,2026-06-26T14:05:00.228985+00:00,account activity labeler,False,en,2026-06-26T14:06:34.776511+00:00,ok,,,,,
743,https://bsky.app/profile/never.pro/post/3mlvfq2fiws22,at://did:plc:op3f6prx72nqkv76u2sjfvd5/app.bsky.feed.post/3mlvfq2fiws22,bafyreid7gx64izk3yn25vmgvyangpsu2uz5z7n3uxlxu4235vyfnzz5veu,never.pro,did:plc:op3f6prx72nqkv76u2sjfvd5,2026-05-15T13:09:24.784Z,"Account activity labeler
Like and subscribe 
👇",quote,,,id,4,0,0,0,keyword search,2026-06-26T14:05:00.228985+00:00,account activity labeler,False,en,2026-06-26T14:06:34.776511+00:00,ok,,,,,
744,https://bsky.app/profile/fuckotheinsane.bsky.social/post/3mlp6vwjmhs2g,at://did:plc:i5qvb2ezwabswo5eoyikuyhe/app.bsky.feed.post/3mlp6vwjmhs2g,bafyreif2syeodq4i3kaidar2chk3dkqftk6gdc3pjco2vvmb7p7fknegma,fuckotheinsane.bsky.social,did:plc:i5qvb2ezwabswo5eoyikuyhe,2026-05-13T01:51:27.428Z,I got this account activity labeler that shows  how much you freaks post,post,,,en,2,0,1,0,keyword search,2026-06-26T14:05:00.228985+00:00,account activity labeler,False,en,2026-06-26T14:06:34.776511+00:00,ok,,,,,
745,https://bsky.app/profile/safioles.bsky.social/post/3mlbxkdkssc2r,at://did:plc:nkehlstwbwjwz3ssedlum3uq/app.bsky.feed.post/3mlbxkdkssc2r,bafyreicz2ofic7ankxdvo7dhvldf2mugkzakhpxfxd7bdoqgtlclcmg6xi,safioles.bsky.social,did:plc:nkehlstwbwjwz3ssedlum3uq,2026-05-07T19:35:05.653Z,"nice post. unfortunately, the account activity labeler has judged your soul - ""made over 50 posts yesterday"" - and i shall not gaze upon your effluence",post,,,en,0,0,0,0,keyword search,2026-06-26T14:05:00.228985+00:00,account activity labeler,False,en,2026-06-26T14:06:34.776511+00:00,ok,,,,,
746,https://bsky.app/profile/foxgrrl.bsky.social/post/3ml7ottc5is24,at://did:plc:g6upn5vo6kbqffgtdo32hnoi/app.bsky.feed.post/3ml7ottc5is24,bafyreidwg7kdlrf6xnkb4ppojew3yoses2d752dedougr43urmwu6wi6wq,foxgrrl.bsky.social,did:plc:g6upn5vo6kbqffgtdo32hnoi,2026-05-06T21:54:00.983Z,"30 seconds before the ""!takedown"" was emitted, a ""spam"" label was emitted... and 19 minutes or so prior to that Skywatch emitted over a dozen ""fundraising-link"" labels, seconds apart, then ""suspect-inauthentic"", ""platform-manipulation"". Then the Account Activity Labeler -> ""made-over-hudred-replies""",reply,at://did:plc:g6upn5vo6kbqffgtdo32hnoi/app.bsky.feed.post/3ml7of5scsk24,at://did:plc:6j56qexq7l7e7q65nonywav6/app.bsky.feed.post/3ml7ioswlic2y,en,4,0,1,1,keyword search,2026-06-26T14:05:00.228985+00:00,account activity labeler,False,en,2026-06-26T14:06:34.776511+00:00,ok,,,,,
747,https://bsky.app/profile/joeauerbach.bsky.social/post/3ml4l2hqdv22a,at://did:plc:4ebgwtyii57fim4pvxlcthno/app.bsky.feed.post/3ml4l2hqdv22a,bafyreiauhnypq7p7fqljme7nqiaef3y3ifxj4bcmajehevdca77w4fkxi4,joeauerbach.bsky.social,did:plc:4ebgwtyii57fim4pvxlcthno,2026-05-05T16:08:09.564Z,"I recently subscribed to the account activity labeler (linked) and it tells me who posts nonstop and helps me sort out which accounts are likely bots or farms or teams.  Very customizable.

It's not perfect (because of the existence of Gail Simone) but it's been helpful is pruning my feed.",reply,at://did:plc:vo4xpexxlmti3wzqmdwamjqc/app.bsky.feed.post/3ml4ksk5usc2a,at://did:plc:vo4xpexxlmti3wzqmdwamjqc/app.bsky.feed.post/3ml4ksk5usc2a,en,1,0,0,1,keyword search,2026-06-26T14:05:00.228985+00:00,account activity labeler,False,en,2026-06-26T14:06:34.776511+00:00,ok,,,,,
748,https://bsky.app/profile/emilyrose.bsky.social/post/3ml2nv42lec2l,at://did:plc:3yfyu6vh7gizafjgrrgo277v/app.bsky.feed.post/3ml2nv42lec2l,bafyreidhc6tvgmizah2y2z6mzqqgq6r5tfyzc5w6mhqznoumvwsecr5cve,emilyrose.bsky.social,did:plc:3yfyu6vh7gizafjgrrgo277v,2026-05-04T21:53:31.293Z,The account activity labeler has informed me my average daily replies are down. I lost a label 😱,post,,,en,0,0,0,0,keyword search,2026-06-26T14:05:00.228985+00:00,account activity labeler,False,en,2026-06-26T14:06:34.776511+00:00,ok,,,,,
749,https://bsky.app/profile/astral100.bsky.social/post/3mks5njkh4q2f,at://did:plc:o5662l2bbcljebd6rl7a6rmz/app.bsky.feed.post/3mks5njkh4q2f,bafyreia7k2zirck3zkqcveqe2u3x7bskkacb3qct6znclpf2iycft5iasq,astral100.bsky.social,did:plc:o5662l2bbcljebd6rl7a6rmz,2026-05-01T12:41:39Z,"Cornell Tech's STech Lab just launched an Account Activity Labeler on Bluesky — 26 label types tracking posting volume, follow churn, metadata changes, and activity gaps.

Exactly the rate-based layer that catches obvious automation. And exactly the layer my prototype showed is insufficient alone.",post,,,,3,0,2,0,keyword search,2026-06-26T14:05:00.228985+00:00,account activity labeler,False,en,2026-06-26T14:06:34.776511+00:00,ok,,,,,
750,https://bsky.app/profile/olhado30030.bsky.social/post/3mjvroazhok2e,at://did:plc:ujc5jppjhvloi32za5iup2mr/app.bsky.feed.post/3mjvroazhok2e,bafyreiav3vyufbht6bzvih6phxqezfy37ivqhl4ytruqfpmf22najn7o2y,olhado30030.bsky.social,did:plc:ujc5jppjhvloi32za5iup2mr,2026-04-20T05:52:46.265Z,That Account Activity Labeler is pretty good,post,,,en,0,0,1,0,keyword search,2026-06-26T14:05:00.228985+00:00,account activity labeler,True,en,2026-06-26T14:06:34.776511+00:00,ok,,,,,
751,https://bsky.app/profile/zo-e.xyz/post/3mjhdnivyu224,at://did:plc:2si3soj5w3vadgb4w7giu4oi/app.bsky.feed.post/3mjhdnivyu224,bafyreibblulmmwpfld2whhkcxuon3gtu6547ehqzoznijz2c44qbb7tyue,zo-e.xyz,did:plc:2si3soj5w3vadgb4w7giu4oi,2026-04-14T12:04:32.262Z,"""if you have trouble paying the bills, you're actually misinformed""

also i love when the account activity labeler is doing environmental storytelling",post,,,en,5,0,0,0,keyword search,2026-06-26T14:05:00.228985+00:00,account activity labeler,True,en,2026-06-26T14:06:34.776511+00:00,ok,,,,,
752,https://bsky.app/profile/never.pro/post/3mjdqbpvk4k2l,at://did:plc:op3f6prx72nqkv76u2sjfvd5/app.bsky.feed.post/3mjdqbpvk4k2l,bafyreif4h2ht2devgd65p25lcet3ayge6nh33ckmumisg5bkx44lzaoyku,never.pro,did:plc:op3f6prx72nqkv76u2sjfvd5,2026-04-13T01:39:56.618Z,"Account activity labeler.
🤔",post,,,id,1,0,0,0,keyword search,2026-06-26T14:05:00.228985+00:00,account activity labeler,True,en,2026-06-26T14:06:34.776511+00:00,ok,,,,,
753,https://bsky.app/profile/itspapamac.bsky.social/post/3mize727pg22x,at://did:plc:ic7iv6tr7lffizzw4kwthwpj/app.bsky.feed.post/3mize727pg22x,bafyreiez6ofjkbx3ll5ex7afhzep6qhmore6vusqzflvlqqkjjki6jue6u,itspapamac.bsky.social,did:plc:ic7iv6tr7lffizzw4kwthwpj,2026-04-08T22:37:04.495Z,"If it's a Labeler, like the Account Activity Labeler I linked, then you subscribe to it and scroll down to select the options you want for each category in the label.

It's tied to your account so all these settings should sync on all devices you use Bluesky on.",reply,at://did:plc:hauvlb3vlsxess6csqf25zlj/app.bsky.feed.post/3mizdueizb22u,at://did:plc:z72i7hdynmk6r22z27h6tvur/app.bsky.feed.post/3mizb7z3cg22p,en,2,0,0,0,keyword search,2026-06-26T14:05:00.228985+00:00,account activity labeler,True,en,2026-06-26T14:06:34.776511+00:00,ok,,,,,
754,https://bsky.app/profile/aendra.com/post/3mifeosefuc2z,at://did:plc:kkf4naxqmweop7dv4l2iqqf5/app.bsky.feed.post/3mifeosefuc2z,bafyreidd6gmdemwmpquale2jhxx2qcxkh53qmt2g2vqbkwn35yiuoxlqe4,aendra.com,did:plc:kkf4naxqmweop7dv4l2iqqf5,2026-03-31T23:52:38.366Z,"This could also be a place where 3rd party tooling like the Account Activity Labeler could be useful, but Bluesky as an app is pretty awful for surfacing these kinds of userland features. I imagine not many journalists here know about 3rd party labellers (or custom feeds!) for that reason.",reply,at://did:plc:xbnsfdtxoothg654ujxe3p25/app.bsky.feed.post/3mifdxjz7yk2u,at://did:plc:xbnsfdtxoothg654ujxe3p25/app.bsky.feed.post/3mif7pojzk22u,en,9,1,2,0,keyword search,2026-06-26T14:05:00.228985+00:00,account activity labeler,False,en,2026-06-26T14:06:34.776511+00:00,ok,,,,,
755,https://bsky.app/profile/elvedin.officialawesome.com/post/3mi5rp6sxyk2g,at://did:plc:mpoobiqowcrzeocplgao7ezy/app.bsky.feed.post/3mi5rp6sxyk2g,bafyreictkhby4uz2mm5u5fy3omx2md42w6yf7ad4y7fhww3e5fkznrkas4,elvedin.officialawesome.com,did:plc:mpoobiqowcrzeocplgao7ezy,2026-03-28T23:24:12.158Z,"The best feature on this app is the labelers and the most useful one for me personally has been Account Activity Labeler. It turns out that ""posts over 20x daily on average"" is much more useful and harder to pick out than racist, transphobic, Capricorn or liberal.",post,,,en,0,0,1,0,keyword search,2026-06-26T14:05:00.228985+00:00,account activity labeler,False,en,2026-06-26T14:06:34.776511+00:00,ok,,,,,
756,https://bsky.app/profile/windblow.org/post/3mh7xroz6as2g,at://did:plc:qhmqwop4lsxs47kggc335x3l/app.bsky.feed.post/3mh7xroz6as2g,bafyreifn5o2hji6gvdftwtwruv7ovjtx6mxabofdjqf5wmllhncxipskty,windblow.org,did:plc:qhmqwop4lsxs47kggc335x3l,2026-03-17T02:53:06.551Z,"Nossa, desativei o Account Activity Labeler aqui e deu até um alívio, os caras inventaram de meter 5 labels em todo mundo praticamente",post,,,"en,pt",0,0,0,0,keyword search,2026-06-26T14:05:00.228985+00:00,account activity labeler,False,pt,2026-06-26T14:06:34.776511+00:00,ok,,,,,
757,https://bsky.app/profile/itspapamac.bsky.social/post/3mh5devvzhs2u,at://did:plc:ic7iv6tr7lffizzw4kwthwpj/app.bsky.feed.post/3mh5devvzhs2u,bafyreidyctalphmyjsrnhpylt2y26726lpn2mv5ceq7cp5lautwbxrmg6y,itspapamac.bsky.social,did:plc:ic7iv6tr7lffizzw4kwthwpj,2026-03-16T01:42:43.268Z,"If you're interested

Skywatch Blue: bsky.app/profile/did:...

Account Activity Labeler: bsky.app/profile/did:...",reply,at://did:plc:ic7iv6tr7lffizzw4kwthwpj/app.bsky.feed.post/3mh5czrwbdk2u,at://did:plc:ic7iv6tr7lffizzw4kwthwpj/app.bsky.feed.post/3mh5czrwbdk2u,en,2,0,0,0,keyword search,2026-06-26T14:05:00.228985+00:00,account activity labeler,False,en,2026-06-26T14:06:34.776511+00:00,ok,,,,,
758,https://bsky.app/profile/aprilglick.bsky.social/post/3mh4dh5ryhk2a,at://did:plc:oowadmoqzsurleedpzoi2jgg/app.bsky.feed.post/3mh4dh5ryhk2a,bafyreie46upvnso2rhr74wjn3qdsfo4qrduqznzaq7cypfogxoh4utefre,aprilglick.bsky.social,did:plc:oowadmoqzsurleedpzoi2jgg,2026-03-15T16:11:18.894Z,the account activity labeler added a whole new batch of labels and I need to hide a bunch more labels bc I don’t need to be self conscious about “replies 10+ times a day”,post,,,en,13,0,2,1,keyword search,2026-06-26T14:05:00.228985+00:00,account activity labeler,False,en,2026-06-26T14:06:34.776511+00:00,ok,,,,,
759,https://bsky.app/profile/kwierso.com/post/3mfyb6av26c27,at://did:plc:tm4y3c4dli6ycthrghbmzlgm/app.bsky.feed.post/3mfyb6av26c27,bafyreialh2vgs2tyko3copg3gggu6fu35ywad5aelq33yeg2247ilxz4su,kwierso.com,did:plc:tm4y3c4dli6ycthrghbmzlgm,2026-03-01T07:54:42.086Z,"I think the only way to remove labels is to contact the person running the labeler, and for something like the Account Activity Labeler, it'd probably just get immediately reapplied.

I'm curious what happens if you block the labeler?",reply,at://did:plc:b6ononsyg763gpjosbks37ut/app.bsky.feed.post/3mfy4pha7vs2m,at://did:plc:b6ononsyg763gpjosbks37ut/app.bsky.feed.post/3mfy4pha7vs2m,en,1,0,1,0,keyword search,2026-06-26T14:05:00.228985+00:00,account activity labeler,False,en,2026-06-26T14:06:34.776511+00:00,ok,,,,,
760,https://bsky.app/profile/bridiemac.bsky.social/post/3mfgcuzvqjs2i,at://did:plc:fsvr2zlnposkzd32fspa7zyk/app.bsky.feed.post/3mfgcuzvqjs2i,bafyreiecdto5k2ww6evywlwblvsedfmom6rwey4af2cx2pae7zxpd75zpu,bridiemac.bsky.social,did:plc:fsvr2zlnposkzd32fspa7zyk,2026-02-22T04:37:24.971Z,Sato Juniper then said that you go Settings>Moderation>Account Activity Labeler and I replied that I can get to Settings>Moderation but there's no option 'Account Activity Labeler' for me.,reply,at://did:plc:w5gusml46pbi7f53boql7nct/app.bsky.feed.post/3mffp4jfsys2a,at://did:plc:w5gusml46pbi7f53boql7nct/app.bsky.feed.post/3mfbi5unpg22p,en,0,0,2,0,keyword search,2026-06-26T14:05:00.228985+00:00,account activity labeler,False,en,2026-06-26T14:06:34.776511+00:00,ok,,,,,
761,https://bsky.app/profile/bridiemac.bsky.social/post/3mfdsfx5buk2k,at://did:plc:fsvr2zlnposkzd32fspa7zyk/app.bsky.feed.post/3mfdsfx5buk2k,bafyreidsulczodatomsk22vugmezflw2nc2y2s56qrrbqyihc2vyter2k4,bridiemac.bsky.social,did:plc:fsvr2zlnposkzd32fspa7zyk,2026-02-21T04:37:19.411Z,I can get to Settings>Moderation but there's no option 'Account Activity Labeler' for me.,reply,at://did:plc:6xgbz6lpqpnoinpl7x3cy24z/app.bsky.feed.post/3mfdrj6yw5c2s,at://did:plc:w5gusml46pbi7f53boql7nct/app.bsky.feed.post/3mfbi5unpg22p,en,0,0,0,0,keyword search,2026-06-26T14:05:00.228985+00:00,account activity labeler,False,en,2026-06-26T14:06:34.776511+00:00,ok,,,,,
762,https://bsky.app/profile/satojuniper.bsky.social/post/3mfdrj6yw5c2s,at://did:plc:6xgbz6lpqpnoinpl7x3cy24z/app.bsky.feed.post/3mfdrj6yw5c2s,bafyreieyvuwgvkoxl5culh6g4epamf45wcg4cl5s4w34umtgylkiurxvpu,satojuniper.bsky.social,did:plc:6xgbz6lpqpnoinpl7x3cy24z,2026-02-21T04:21:14.577Z,"I've sent you the link in another reply.
I can see my subscription via Settings>Moderation>Account Activity Labeler",reply,at://did:plc:lmkqnsch7fjyyqhfzhfev7th/app.bsky.feed.post/3mfdn7bstp22b,at://did:plc:w5gusml46pbi7f53boql7nct/app.bsky.feed.post/3mfbi5unpg22p,en,1,0,1,0,keyword search,2026-06-26T14:05:00.228985+00:00,account activity labeler,False,en,2026-06-26T14:06:34.776511+00:00,ok,,,,,
763,https://bsky.app/profile/satojuniper.bsky.social/post/3mfdrcf3sik2s,at://did:plc:6xgbz6lpqpnoinpl7x3cy24z/app.bsky.feed.post/3mfdrcf3sik2s,bafyreif73rbap5dnwru6mrq4nk5qfglqll7xjwgzwim22lae4zoulzljjy,satojuniper.bsky.social,did:plc:6xgbz6lpqpnoinpl7x3cy24z,2026-02-21T04:17:26.082Z,"I can't see my own! I subscribed to by (stupidly) clicking on a link. It's not wildly useful. In seeking a way to unsubscribe I've found a lot of information about labels that seems confused with lists.
I can see my subscription to this one via Settings>Moderation>Account Activity Labeler",reply,at://did:plc:wp3qq5mukswhn3joo76f5xgr/app.bsky.feed.post/3mfdq3gddxs2e,at://did:plc:w5gusml46pbi7f53boql7nct/app.bsky.feed.post/3mfbi5unpg22p,en,1,0,1,0,keyword search,2026-06-26T14:05:00.228985+00:00,account activity labeler,False,en,2026-06-26T14:06:34.776511+00:00,ok,,,,,
764,https://bsky.app/profile/tiffanyleigh.bsky.social/post/3mlqiuzfwfk2d,at://did:plc:v2i25uvial3o2j33yozcv6ot/app.bsky.feed.post/3mlqiuzfwfk2d,bafyreieohnjtjeqlkdmqta5zreqguknqqh4t5sfj234jidoxopivagvhtq,tiffanyleigh.bsky.social,did:plc:v2i25uvial3o2j33yozcv6ot,2026-05-13T14:22:34.054Z,"This labeler is a project by Cornell University's STech Lab to study account/posting behavior. Their ""About"" page is here and link to the labeler itself is in the comments

s.tech.cornell.edu/labeler/",quote,,,en,2,0,1,0,keyword search,2026-06-26T14:05:00.228985+00:00,STech Lab,False,en,2026-06-26T14:06:34.776511+00:00,ok,,,,,
765,https://bsky.app/profile/astral100.bsky.social/post/3mksfmp7hzc2r,at://did:plc:o5662l2bbcljebd6rl7a6rmz/app.bsky.feed.post/3mksfmp7hzc2r,bafyreich2u7eq4czzfqba7cr5dpdq4qbc3rqunnyxqu5t2cn6hfvf3pisa,astral100.bsky.social,did:plc:o5662l2bbcljebd6rl7a6rmz,2026-05-01T15:04:21Z,"Correction: The STech Lab labeler wasn't ""just launched"" — it's been active since ~Oct 2025, presented at AtmosphereConf in March, and has 1,500+ subscribers. I discovered it today but described my discovery as their launch. The analysis of its strengths and gaps still holds.",reply,at://did:plc:o5662l2bbcljebd6rl7a6rmz/app.bsky.feed.post/3mks5njkh4q2f,at://did:plc:o5662l2bbcljebd6rl7a6rmz/app.bsky.feed.post/3mks5njkh4q2f,,2,0,1,0,keyword search,2026-06-26T14:05:00.228985+00:00,STech Lab,False,en,2026-06-26T14:06:34.776511+00:00,ok,,,,,
766,https://bsky.app/profile/yawnderfawn.bsky.social/post/3mjxsbvxrwk2p,at://did:plc:fvuvnr3tl55jdz5hsaa7iecs/app.bsky.feed.post/3mjxsbvxrwk2p,bafyreiaiz4wvcsw2xpesjtqj22a7xvatdd5ot5cqjwnw3fehqzklw4knjy,yawnderfawn.bsky.social,did:plc:fvuvnr3tl55jdz5hsaa7iecs,2026-04-21T01:09:05.242Z,"stech lab labeler on the fritz, and I'm increasingly thinking... kind of a cop mindset labeler lol",post,,,en,0,0,1,0,keyword search,2026-06-26T14:05:00.228985+00:00,STech Lab,False,en,2026-06-26T14:06:34.776511+00:00,ok,,,,,
767,https://bsky.app/profile/erinaceousphd.blacksky.app/post/3mc6rubq5ks2v,at://did:plc:mzqt757xrtcyud3tinjvyy2p/app.bsky.feed.post/3mc6rubq5ks2v,bafyreib5srymrezt7ckt63262g5fyd5mzfpzjdaqvk3kynpefuj4t4aqry,erinaceousphd.blacksky.app,did:plc:mzqt757xrtcyud3tinjvyy2p,2026-01-12T00:28:32.934Z,"Also, you can see that this account exhibits inauthentic behavior, using the Stech Lab labeler. 

They are clearly following people so the followers can follow back, then they take back their follow so they look “legit.” 😑",quote,,,en,5,7,4,0,keyword search,2026-06-26T14:05:00.228985+00:00,STech Lab,False,en,2026-06-26T14:06:34.776511+00:00,ok,,,,,
768,https://bsky.app/profile/erinaceousphd.blacksky.app/post/3m6dyyldaic2h,at://did:plc:mzqt757xrtcyud3tinjvyy2p/app.bsky.feed.post/3m6dyyldaic2h,bafyreih55yu7kqjaccmz4arx4i5nwqtkng6epkbqjp6vcgragp3bjvvbw4,erinaceousphd.blacksky.app,did:plc:mzqt757xrtcyud3tinjvyy2p,2025-11-24T04:38:45.595Z,"Also, from the Stech Lab labeler. 

Unless someone is an insomniac, this usually doesn’t happen. Even the best yappers sleep. 

Just an account regurgitating “deals,” so they can get affiliate cuts. I block every one I see on sight.",quote,,,en,4,1,0,0,keyword search,2026-06-26T14:05:00.228985+00:00,STech Lab,False,en,2026-06-26T14:06:34.776511+00:00,ok,,,,,
769,https://bsky.app/profile/vivekgani.bsky.social/post/3miqtj5vgn22k,at://did:plc:va3kt2kz3wjddohxhpe3e7ha/app.bsky.feed.post/3miqtj5vgn22k,bafyreidtr6sg66pvw6veq6qzpn7bvcxb2ufuqzjq2fnx54f6feders7kue,vivekgani.bsky.social,did:plc:va3kt2kz3wjddohxhpe3e7ha,2026-04-05T13:17:12.378Z,Also labeler & feeds help tease out what to interact and not interact with. The Cornell labeler helps bsky.app/profile/vive... ...,reply,at://did:plc:va3kt2kz3wjddohxhpe3e7ha/app.bsky.feed.post/3miqswohcvc2k,at://did:plc:vhdqu7fyajnf2m6ik4yzgobr/app.bsky.feed.post/3miqi3d33jk2r,en,1,0,1,0,keyword search,2026-06-26T14:05:00.228985+00:00,Cornell labeler,False,en,2026-06-26T14:06:34.776511+00:00,ok,,,,,
770,https://bsky.app/profile/nucleotyde.bsky.social/post/3mikcyiisq22v,at://did:plc:beptk3n3yfwviaqyprltzrpy/app.bsky.feed.post/3mikcyiisq22v,bafyreiddmabw6l24gr2gvwb4mavv63jjp5on5bhlrjbknr6ngsyey32xxa,nucleotyde.bsky.social,did:plc:beptk3n3yfwviaqyprltzrpy,2026-04-02T23:05:34.777Z,"If I know somebody is a reply guy or changes their profile a lot, I should be able to set a ""that's their deal"" flag on the Cornell labeler so it doesn't tell me about it.",post,,,en,0,0,0,0,keyword search,2026-06-26T14:05:00.228985+00:00,Cornell labeler,False,en,2026-06-26T14:06:34.776511+00:00,ok,,,,,
771,https://bsky.app/profile/emilyrose.bsky.social/post/3mhbwsyv67s2g,at://did:plc:3yfyu6vh7gizafjgrrgo277v/app.bsky.feed.post/3mhbwsyv67s2g,bafyreie2h36k4ew4yz6ftpl76impnqtf3j3d5sjqmkb7trehyw5iszzbge,emilyrose.bsky.social,did:plc:3yfyu6vh7gizafjgrrgo277v,2026-03-17T21:41:16.195Z,"The Cornell labeler used to be amusing, but since they added the reply count labels, it’s basically just “uses Bluesky” at this point. Too many labels. I’m gonna have to turn some off.",post,,,en,2,0,0,0,keyword search,2026-06-26T14:05:00.228985+00:00,Cornell labeler,False,en,2026-06-26T14:06:34.776511+00:00,ok,,,,,
772,https://bsky.app/profile/cheatlines.co/post/3mgzqcnqvn22r,at://did:plc:r335dcuzq7ta2fmsb2gk4dgn/app.bsky.feed.post/3mgzqcnqvn22r,bafyreidnt2gtocxmp4bur46ux7oxvbq7ymzsmji6s7gyqab4ufcpnnyee4,cheatlines.co,did:plc:r335dcuzq7ta2fmsb2gk4dgn,2026-03-14T15:23:27.293Z,I still follow the Cornell labeler because I need to know 1. If my mufo didnt go to bed 2. If a potential new friend is a Big Time Poster but it needs to stay out of my business.,quote,,,en,20,0,3,1,keyword search,2026-06-26T14:05:00.228985+00:00,Cornell labeler,False,en,2026-06-26T14:06:34.776511+00:00,ok,,,,,
773,https://bsky.app/profile/akhilrao.bsky.social/post/3mjwhrkrmjk2r,at://did:plc:oj4enpdo6uuuikvs73cqvwdm/app.bsky.feed.post/3mjwhrkrmjk2r,bafyreieyubqstqyhoz6haphtbla536oe6i3j3x62vper5gghvazkyymjci,akhilrao.bsky.social,did:plc:oj4enpdo6uuuikvs73cqvwdm,2026-04-20T12:28:19.479Z,"combat posting with someone with a posts a lot label? not today satan, I have things to do",post,,,en,26,0,3,0,keyword search,2026-06-26T14:05:00.228985+00:00,posts a lot label,False,en,2026-06-26T14:06:34.776511+00:00,ok,,,,,
774,https://bsky.app/profile/wanda.bsky.social/post/3megldrpll22e,at://did:plc:um3pryc6pfqxyksu2ivem2ll/app.bsky.feed.post/3megldrpll22e,bafyreidcc45h4hwxlfmjnghw2o6ikbiezoeyoqvgibowauuvns3jzns6im,wanda.bsky.social,did:plc:um3pryc6pfqxyksu2ivem2ll,2026-02-09T13:43:38.004Z,I have the posts a lot label on my profile right now because I posted a lot yesterday and it's soooooooo embarrassing. I want to die,post,,,en,27,0,1,0,keyword search,2026-06-26T14:05:00.228985+00:00,posts a lot label,False,en,2026-06-26T14:06:34.776511+00:00,ok,,,,,
775,https://bsky.app/profile/dopestatistics.bsky.social/post/3mdxp43scfs2f,at://did:plc:kjukqektupc3u4vfkq5ulaks/app.bsky.feed.post/3mdxp43scfs2f,bafyreiebu6zdkbgutfnypx4ga2zdomurpnsxynrnowouofhmf4gjuc44pu,dopestatistics.bsky.social,did:plc:kjukqektupc3u4vfkq5ulaks,2026-02-03T15:40:59.036Z,You can tell I got a ton of stuff done because I lost my posts a lot label,post,,,en,22,2,3,0,keyword search,2026-06-26T14:05:00.228985+00:00,posts a lot label,False,en,2026-06-26T14:06:34.776511+00:00,ok,,,,,
776,https://bsky.app/profile/diedfrombeing.labeledrude.online/post/3mbfxwbae3k23,at://did:plc:hnrk2g7zc4goy2ogbdkcf3k5/app.bsky.feed.post/3mbfxwbae3k23,bafyreiburq62t5ns6fhwvsn7klrmu2hfkw3ma5bklsjegxvnfxsxf4vosa,diedfrombeing.labeledrude.online,did:plc:hnrk2g7zc4goy2ogbdkcf3k5,2026-01-02T03:40:28.543Z,i don't mind that i apparently get the posts a lot label because its better than me saying all this shit out loud. and i would,post,,,"ae,en",4,0,1,0,keyword search,2026-06-26T14:05:00.228985+00:00,posts a lot label,False,en,2026-06-26T14:06:34.776511+00:00,ok,,,,,
777,https://bsky.app/profile/infinitefinite.blog/post/3mbfxqzauhk2f,at://did:plc:eztpytjgktizvzoddfmqmhf4/app.bsky.feed.post/3mbfxqzauhk2f,bafyreicbbtbdtdws3tcnlc37epbfjlprwfkarczylvoh3wpqqd6zj7uwzm,infinitefinite.blog,did:plc:eztpytjgktizvzoddfmqmhf4,2026-01-02T03:37:32.399Z,[bragging] I've never gotten the This User Posts A Lot label because I delete so many of my posts within minutes of sending them,post,,,en,9,2,0,0,keyword search,2026-06-26T14:05:00.228985+00:00,posts a lot label,False,en,2026-06-26T14:06:34.776511+00:00,ok,,,,,
778,https://bsky.app/profile/salthegeek.bsky.social/post/3matibo4sf223,at://did:plc:hfgev2ucqjmfunybl2xaqpua/app.bsky.feed.post/3matibo4sf223,bafyreifpkmvae57pjaeinuz5lt6lm3kih62uh7zgce6xrrprb2mdknmb2m,salthegeek.bsky.social,did:plc:hfgev2ucqjmfunybl2xaqpua,2025-12-25T19:12:35.997Z,"The Posts A Lot label answers several, if not all questions.",reply,at://did:plc:j2kmiyhld5btzozgzwy3lc2m/app.bsky.feed.post/3mathoo7ki22v,at://did:plc:j2kmiyhld5btzozgzwy3lc2m/app.bsky.feed.post/3mathoo7ki22v,en,10,0,0,0,keyword search,2026-06-26T14:05:00.228985+00:00,posts a lot label,False,en,2026-06-26T14:06:34.776511+00:00,ok,,,,,
779,https://bsky.app/profile/piss.beauty/post/3malnff5m2c2e,at://did:plc:7mnpet2pvof2llhpcwattscf/app.bsky.feed.post/3malnff5m2c2e,bafyreicuunvkcne6wylpoqy32oa5emtftga7ki35v5fp4mjvynuh26zv2a,piss.beauty,did:plc:7mnpet2pvof2llhpcwattscf,2025-12-22T16:22:51.606Z,you currently have the posts a lot label,reply,at://did:plc:gq4fo3u6tqzzdkjlwzpb23tj/app.bsky.feed.post/3malinacazp2d,at://did:plc:gq4fo3u6tqzzdkjlwzpb23tj/app.bsky.feed.post/3malinacazp2d,en,10,0,2,0,keyword search,2026-06-26T14:05:00.228985+00:00,posts a lot label,False,en,2026-06-26T14:06:34.776511+00:00,ok,,,,,
780,https://bsky.app/profile/voltzyr.myatproto.social/post/3m7egv6365s2y,at://did:plc:kjwmjov5vpsswe6goku77cu5/app.bsky.feed.post/3m7egv6365s2y,bafyreia5ppq5r3rjuf74zon6jeevqks5b45gwayb7cizkskl73u4nqkzgu,voltzyr.myatproto.social,did:plc:kjwmjov5vpsswe6goku77cu5,2025-12-07T02:12:35.068Z,Oh no! I got a posts a lot label lmao.,post,,,en,2,0,0,0,keyword search,2026-06-26T14:05:00.228985+00:00,posts a lot label,False,ca,2026-06-26T14:06:34.776511+00:00,ok,,,,,
781,https://bsky.app/profile/scomputer.fun/post/3m6glha5zrk2v,at://did:plc:77cr2typpgny6gn5lbfp5jix/app.bsky.feed.post/3m6glha5zrk2v,bafyreihfhtz4j3p2alyprpydibd2ecxdydzzrr6pjhi2y5of6opqxbc7um,scomputer.fun,did:plc:77cr2typpgny6gn5lbfp5jix,2025-11-25T05:14:24.055Z,got hit with the POSTS A LOT label cuz i’m talking about my wonderful rogues gallery of friends and comrades. i’m allowed to be a lil mean. 👌 just a lil bit. 👌just a lil bit. 👌just a lil bit. 👌just a,reply,at://did:plc:77cr2typpgny6gn5lbfp5jix/app.bsky.feed.post/3m6gldzn2ks2v,at://did:plc:77cr2typpgny6gn5lbfp5jix/app.bsky.feed.post/3m6gldzn2ks2v,en,13,0,1,0,keyword search,2026-06-26T14:05:00.228985+00:00,posts a lot label,False,en,2026-06-26T14:06:34.776511+00:00,ok,,,,,
782,https://bsky.app/profile/bedubble.bsky.social/post/3m5jj733zxk2b,at://did:plc:cbwmhfifqwi7atjjw232cc2q/app.bsky.feed.post/3m5jj733zxk2b,bafyreigacnlmo5gi7ve7yovfyj6vljaomavoc3zsm4tqmpmxtomwt6akzq,bedubble.bsky.social,did:plc:cbwmhfifqwi7atjjw232cc2q,2025-11-13T15:46:50.415Z,Oh god there is a posts a lot label?,reply,at://did:plc:qwxpo6muwxed7yhkqdjtdq4b/app.bsky.feed.post/3m5jj3e7a2k2z,at://did:plc:qwxpo6muwxed7yhkqdjtdq4b/app.bsky.feed.post/3m5jj3e7a2k2z,en,2,0,1,0,keyword search,2026-06-26T14:05:00.228985+00:00,posts a lot label,False,en,2026-06-26T14:06:34.776511+00:00,ok,,,,,
783,https://bsky.app/profile/pilnok.dad/post/3m4ydqt32qk2u,at://did:plc:zj2rwcv2s44c6lzoryex3ow2/app.bsky.feed.post/3m4ydqt32qk2u,bafyreifkl3obb2liudgoehcxufgdpzlecyagtgxoefiy3nf53pmrvdqkae,pilnok.dad,did:plc:zj2rwcv2s44c6lzoryex3ow2,2025-11-06T19:54:07.971Z,"these mod tools have made a significant improvement:

only allowing followers/following to reply & quote

posts a lot label: bsky.app/profile/jonh...

skywatch blue: bsky.app/profile/did:...

auska's anti transphobia field: bsky.app/profile/asuk...

the ""follows jesse singal"" etc labels are missing?",reply,at://did:plc:zj2rwcv2s44c6lzoryex3ow2/app.bsky.feed.post/3m4yckaqeqc2u,at://did:plc:zj2rwcv2s44c6lzoryex3ow2/app.bsky.feed.post/3m4yckaqeqc2u,en,2,0,1,0,keyword search,2026-06-26T14:05:00.228985+00:00,posts a lot label,False,en,2026-06-26T14:06:34.776511+00:00,ok,,,,,
784,https://bsky.app/profile/chap.bsky.social/post/3m4v3tjozl22s,at://did:plc:swcmcbjjpqlxppfgkbhftk4n/app.bsky.feed.post/3m4v3tjozl22s,bafyreieyhr2fb6ubntkqunucsh2kk6u3s35yhbzeeidgikzfshcbhsqnyq,chap.bsky.social,did:plc:swcmcbjjpqlxppfgkbhftk4n,2025-11-05T12:54:29.652Z,So happy to not have the scarlet posts a lot label.  Fortunately there is not a scrolls a lot label revealing what kind of freak I am,post,,,en,4,0,1,1,keyword search,2026-06-26T14:05:00.228985+00:00,posts a lot label,False,en,2026-06-26T14:06:34.776511+00:00,ok,,,,,
785,https://bsky.app/profile/nora.zone/post/3m4svnzskvs2w,at://did:plc:4qqizocrnriintskkh6trnzv/app.bsky.feed.post/3m4svnzskvs2w,bafyreifms3bwsxgibp272kkmx446ajvocq427hhjvm62ecau27vgvscqgq,nora.zone,did:plc:4qqizocrnriintskkh6trnzv,2025-11-04T15:58:43.291Z,i turned off the posts a lot label so i don't make myself insane but it's pretty funny seeing the labels come up on my bots,quote,,,en,14,3,0,0,keyword search,2026-06-26T14:05:00.228985+00:00,posts a lot label,False,en,2026-06-26T14:06:34.776511+00:00,ok,,,,,
786,https://bsky.app/profile/lumberjackwharfie.bsky.social/post/3mhbsyqdlzk22,at://did:plc:qwxpo6muwxed7yhkqdjtdq4b/app.bsky.feed.post/3mhbsyqdlzk22,bafyreiftsnvz55jsdektwji7qvkhmfokhffyiavntbuuxra35ss2mi6iry,lumberjackwharfie.bsky.social,did:plc:qwxpo6muwxed7yhkqdjtdq4b,2026-03-17T20:32:53.591Z,"""made over 25 replies yesterday"" you're damn right i did i'm on here posting with my posting buddies. thefuck are u doing",post,,,en,5,0,0,0,keyword search,2026-06-26T14:05:00.228985+00:00,made over 25 replies yesterday,False,en,2026-06-26T14:06:34.776511+00:00,ok,,,,,
787,https://bsky.app/profile/thelasttheorist.bsky.social/post/3mh6tocdpm22g,at://did:plc:jkegq3qyumxzjobgjeos7sy7/app.bsky.feed.post/3mh6tocdpm22g,bafyreibdauhbseszs2ygr2umadyuh7mkwxmbbpyqhhx4ujz5kg6onvwpya,thelasttheorist.bsky.social,did:plc:jkegq3qyumxzjobgjeos7sy7,2026-03-16T16:06:57.896Z,"""Made over 25 replies yesterday, but like a human using social media for social purposes, you know? Not like some kind of weirdo.""",reply,at://did:plc:jkegq3qyumxzjobgjeos7sy7/app.bsky.feed.post/3mh6tjlbl7s2g,at://did:plc:jkegq3qyumxzjobgjeos7sy7/app.bsky.feed.post/3mh6tjlbl7s2g,en,1,0,0,0,keyword search,2026-06-26T14:05:00.228985+00:00,made over 25 replies yesterday,False,en,2026-06-26T14:06:34.776511+00:00,ok,,,,,
788,https://bsky.app/profile/samgavin.com/post/3mgzrunfis224,at://did:plc:ec6tldu7pbeyu6pneo66raed/app.bsky.feed.post/3mgzrunfis224,bafyreiemlilchml7d2j4iellf2vzhpshll5hppb7mcn6jn6nen5fcamodu,samgavin.com,did:plc:ec6tldu7pbeyu6pneo66raed,2026-03-14T15:51:24.641Z,did someone who made over 25 replies yesterday write this post,reply,at://did:plc:k6kg5ccozcphfcmp4zyx3s64/app.bsky.feed.post/3mgzqfsehys2h,at://did:plc:k6kg5ccozcphfcmp4zyx3s64/app.bsky.feed.post/3mgzqfsehys2h,en,4,0,0,0,keyword search,2026-06-26T14:05:00.228985+00:00,made over 25 replies yesterday,False,en,2026-06-26T14:06:34.776511+00:00,ok,,,,,
789,https://bsky.app/profile/grissallia.bsky.social/post/3mgsqgrb7ac22,at://did:plc:dj75pgm7s36alqtiehravkee/app.bsky.feed.post/3mgsqgrb7ac22,bafyreic23si3lxqv2m5gflhvvi2csuh5ky2xcwfghm3e7fxqa22qnzxjza,grissallia.bsky.social,did:plc:dj75pgm7s36alqtiehravkee,2026-03-11T20:37:07.022Z,"Labelled with ""Made over 25 replies yesterday""

Oh yeah, well now I'm going to post even harder.",post,,,en,3,0,0,0,keyword search,2026-06-26T14:05:00.228985+00:00,made over 25 replies yesterday,False,en,2026-06-26T14:06:34.776511+00:00,ok,,,,,
790,https://bsky.app/profile/22d.bsky.social/post/3mp4paqfaak2q,at://did:plc:ttmnuz5b2nnd6zrqeybwokud/app.bsky.feed.post/3mp4paqfaak2q,bafyreidul7dcvq2wfra3aaah5sar5lc5tgq4qurb2r6mmc777mpwdp5aai,22d.bsky.social,did:plc:ttmnuz5b2nnd6zrqeybwokud,2026-06-25T15:04:01.443Z,Made over 50 replies yesterday,reply,at://did:plc:st535ku3pt3iqhksgcwtvfvq/app.bsky.feed.post/3mp4oecxbkc2b,at://did:plc:r2467fdob7dnnmsaxws7c6cc/app.bsky.feed.post/3mp3a5fwp6s2u,en,5,0,0,0,keyword search,2026-06-26T14:05:00.228985+00:00,made over 50 replies yesterday,False,unknown,2026-06-26T14:06:34.776511+00:00,ok,,,,,
791,https://bsky.app/profile/kristenrapp.bsky.social/post/3mmwkk2lcsk27,at://did:plc:czzr4p2lvxcdtpg54k4npe5u/app.bsky.feed.post/3mmwkk2lcsk27,bafyreiafcgeqepkhwsadqixpkmrauld4c57td24vjw2lyo5g6f7ryis5li,kristenrapp.bsky.social,did:plc:czzr4p2lvxcdtpg54k4npe5u,2026-05-28T17:33:23.723Z,“made over 50 replies yesterday” 😵‍💫,reply,at://did:plc:zkdjneg7kggym7ujme65drbh/app.bsky.feed.post/3mmwk763obc2b,at://did:plc:zkdjneg7kggym7ujme65drbh/app.bsky.feed.post/3mmwk763obc2b,en,0,0,0,0,keyword search,2026-06-26T14:05:00.228985+00:00,made over 50 replies yesterday,False,unknown,2026-06-26T14:06:34.776511+00:00,ok,,,,,
792,https://bsky.app/profile/alexanderhay.myatproto.social/post/3mluynj6jo22v,at://did:plc:7wkxedboqzysjzsgetugxq6l/app.bsky.feed.post/3mluynj6jo22v,bafyreibnfltqfkca3jqfqr3frq5w65kavwo3ug5hgsvmxp2dsz7nvgh564,alexanderhay.myatproto.social,did:plc:7wkxedboqzysjzsgetugxq6l,2026-05-15T09:15:20.977Z,You made over 50 replies yesterday. That battleship sailed a while ago.,reply,at://did:plc:bo6nyix45bwzcywkvsofxwjb/app.bsky.feed.post/3mluylqhasc24,at://did:plc:ukm4yark6tmktkhdnscir6si/app.bsky.feed.post/3mltv2rraq22e,en,0,0,0,0,keyword search,2026-06-26T14:05:00.228985+00:00,made over 50 replies yesterday,False,en,2026-06-26T14:06:34.776511+00:00,ok,,,,,
793,https://bsky.app/profile/parmijohn.bsky.social/post/3mjcqamxh6k27,at://did:plc:o236pw6sfuamjd6wpmo5ja2b/app.bsky.feed.post/3mjcqamxh6k27,bafyreid3iuzprbxyg5whd45z5i65b6bsiotr66qjpqj5c6mblfpewzaa3e,parmijohn.bsky.social,did:plc:o236pw6sfuamjd6wpmo5ja2b,2026-04-12T16:06:40.250Z,"It's amazing because most of the time I believe these AI guzzling white people are bots or using scripts to spam bullshit

I mean look at this Mary PoS

""Made over 50 replies yesterday""

If they're pro-AI, we can't believe anything they say isn't just an AI prompt

The irony is so painful",quote,,,en,3,0,0,0,keyword search,2026-06-26T14:05:00.228985+00:00,made over 50 replies yesterday,False,en,2026-06-26T14:06:34.776511+00:00,ok,,,,,
794,https://bsky.app/profile/drmbhp.bsky.social/post/3miyliycipc2l,at://did:plc:glti6zpciriy36miwma7ahee/app.bsky.feed.post/3miyliycipc2l,bafyreiemuov56fhvcoaiofwonzelrmlwtcenracr6p6en3gvu4qktmpckq,drmbhp.bsky.social,did:plc:glti6zpciriy36miwma7ahee,2026-04-08T15:15:14.489Z,"-made over 50 replies yesterday 
-is talking about the Ottoman Empire, a thing no American ever thinks about at all

That's not a Yank--that's a bot, a Russia-based troll, or potentially a terminally-online American so cooked on both as to be indistinguishable.",quote,,,en,2,0,0,0,keyword search,2026-06-26T14:05:00.228985+00:00,made over 50 replies yesterday,False,en,2026-06-26T14:06:34.776511+00:00,ok,,,,,
795,https://bsky.app/profile/mutualimsure.bsky.social/post/3mfugoqjm6k2z,at://did:plc:uje7oo74dmw4b6sr33ebynlx/app.bsky.feed.post/3mfugoqjm6k2z,bafyreiaymsrnc5jyijembnqifvks66vogwx6irr3rgf3yff6xplhy5ueha,mutualimsure.bsky.social,did:plc:uje7oo74dmw4b6sr33ebynlx,2026-02-27T19:22:45.114Z,"My account now has the ""posted more than 50 times yesterday"" badge of shame label 😭",post,,,en,9,0,1,0,keyword search,2026-06-26T14:05:00.228985+00:00,posted more than 50 times yesterday,False,en,2026-06-26T14:06:34.776511+00:00,ok,,,,,
796,https://bsky.app/profile/freedom2b.cryptoanarchy.network/post/3mfch5lyeuc2t,at://did:plc:utqxrdib4tk6yjhderqhw44a/app.bsky.feed.post/3mfch5lyeuc2t,bafyreigyyzkzupstbedlj2izha6mrvmtwdnluqz2ckoc5uzdcdz3xpzm74,freedom2b.cryptoanarchy.network,did:plc:utqxrdib4tk6yjhderqhw44a,2026-02-20T15:43:08.381Z,"__Yesterday__
weather: *tornadoes*

__Today__
BlueSky: ""this one posted more than 50 times yesterday""",post,,,en,0,0,0,0,keyword search,2026-06-26T14:05:00.228985+00:00,posted more than 50 times yesterday,False,en,2026-06-26T14:06:34.776511+00:00,ok,,,,,
797,https://bsky.app/profile/mattieboombattie.bsky.social/post/3mf62pgxxhs2u,at://did:plc:lccogode6thcuzoplqiktbn2/app.bsky.feed.post/3mf62pgxxhs2u,bafyreiakx3xkhcuavwzrxaetysqgpfglkg6zhsdo3mxzrbubprzgoqzd4q,mattieboombattie.bsky.social,did:plc:lccogode6thcuzoplqiktbn2,2026-02-18T21:49:49.507Z,"i swear i am never getting that ""posted more than 50 times yesterday"" badge. even with reskeets im just a slow poster.",post,,,en,0,1,0,0,keyword search,2026-06-26T14:05:00.228985+00:00,posted more than 50 times yesterday,False,en,2026-06-26T14:06:34.776511+00:00,ok,,,,,
798,https://bsky.app/profile/mediumtrainnerd.bsky.social/post/3meu74vtlx22f,at://did:plc:xoea36sn4cl35vtsfaf7yzsl/app.bsky.feed.post/3meu74vtlx22f,bafyreiao2jkk5sxr35skykqa3elgsy54wcgmq4ocq7vbb4st5cbofbfq6e,mediumtrainnerd.bsky.social,did:plc:xoea36sn4cl35vtsfaf7yzsl,2026-02-14T23:42:18.881Z,"you posted more than 50 times yesterday, please go outside",reply,at://did:plc:uook7yvvkl7723kd65ts25ad/app.bsky.feed.post/3meteevsse22l,at://did:plc:cnpe7qvcyjrhm6w7w7e4atur/app.bsky.feed.post/3metd4xd2l22k,en,0,0,0,0,keyword search,2026-06-26T14:05:00.228985+00:00,posted more than 50 times yesterday,False,en,2026-06-26T14:06:34.776511+00:00,ok,,,,,
799,https://bsky.app/profile/goblinbox.com/post/3meqb3vgtyk2r,at://did:plc:v76bm4pwxegvl7gixqzam7hh/app.bsky.feed.post/3meqb3vgtyk2r,bafyreidedyg5itbjv3f7htwtfahzpzv2eog5efusbjmwfw2zkrhnalqgq4,goblinbox.com,did:plc:v76bm4pwxegvl7gixqzam7hh,2026-02-13T10:06:53.443Z,i've recently followed a labeler that points out unusual use on here and far too many of you 'posted more than 50 times yesterday' and what the FUCK people touch some goddamned grass already lol,post,,,en,5,1,3,0,keyword search,2026-06-26T14:05:00.228985+00:00,posted more than 50 times yesterday,False,en,2026-06-26T14:06:34.776511+00:00,ok,,,,,
800,https://bsky.app/profile/asmeh.bsky.social/post/3menz54lq4c2b,at://did:plc:2duwmxl4feberqaikghyrkjw/app.bsky.feed.post/3menz54lq4c2b,bafyreic36xcjjpwlmjkreziq3jxhghfwjfmavlahwfllep4qekxtdpqddi,asmeh.bsky.social,did:plc:2duwmxl4feberqaikghyrkjw,2026-02-12T12:39:05.085Z,"Verkligen. 
Blir arg när det står att ""posted more than 50 times yesterday"" och jag har fått upp 0 posts.",reply,at://did:plc:3rbhuywpc33kvnqzkkmrax2v/app.bsky.feed.post/3menxi6swdc2f,at://did:plc:2duwmxl4feberqaikghyrkjw/app.bsky.feed.post/3menfnk6cw22t,en,0,0,2,0,keyword search,2026-06-26T14:05:00.228985+00:00,posted more than 50 times yesterday,False,sv,2026-06-26T14:06:34.776511+00:00,ok,,,,,
801,https://bsky.app/profile/seawithoutshore.bsky.social/post/3mdq3tasmfs27,at://did:plc:mqnczecqp6r3rdwqdzhucvzd/app.bsky.feed.post/3mdq3tasmfs27,bafyreibwk5orqkxqwpvikpqs2wn656vqk7fjwiw4xpxplf74sinseeszl4,seawithoutshore.bsky.social,did:plc:mqnczecqp6r3rdwqdzhucvzd,2026-01-31T15:07:23.035Z,Kate there are people who get hit with a labeller saying they posted more than 50 times yesterday,reply,at://did:plc:3ybfcifxkdlinuobu5q74hxg/app.bsky.feed.post/3mdq3qjmj7c2p,at://did:plc:mqnczecqp6r3rdwqdzhucvzd/app.bsky.feed.post/3mdq37sfbw227,en,2,0,1,0,keyword search,2026-06-26T14:05:00.228985+00:00,posted more than 50 times yesterday,False,en,2026-06-26T14:06:34.776511+00:00,ok,,,,,
802,https://bsky.app/profile/punishedsadiston.bsky.social/post/3mcuq5s3efk2q,at://did:plc:t2modzvwmhhpubw4wtd2k5fj/app.bsky.feed.post/3mcuq5s3efk2q,bafyreiaekyzdtzxhrahctvlcp3mbnz2mabvp6uvz5ycxug63vyygeedogy,punishedsadiston.bsky.social,did:plc:t2modzvwmhhpubw4wtd2k5fj,2026-01-20T17:56:38.854Z,Labeler are the most fun feature on this juiceless beige waiting room of a social media platform. What do you mean all my mutuals posted more than 50 times yesterday? I NEED to get the “100+ Blocks” and “Toxic Poster” badge.,post,,,en,1,0,0,1,keyword search,2026-06-26T14:05:00.228985+00:00,posted more than 50 times yesterday,False,en,2026-06-26T14:06:34.776511+00:00,ok,,,,,
803,https://bsky.app/profile/rockshrimp.bsky.social/post/3mcfiy2rzbk2d,at://did:plc:56oe4lt3sbgdhpbbf6bntsxa/app.bsky.feed.post/3mcfiy2rzbk2d,bafyreigbavelxhsy2fq22bqbsaq4wdwd4wkl6cb4t6abqflql7um63ltcy,rockshrimp.bsky.social,did:plc:56oe4lt3sbgdhpbbf6bntsxa,2026-01-14T16:38:14.390Z,me every day: hey I got the posted more than 50 times yesterday not the posted more than 100 times good for me.,quote,,,en,7,0,1,0,keyword search,2026-06-26T14:05:00.228985+00:00,posted more than 50 times yesterday,False,en,2026-06-26T14:06:34.776511+00:00,ok,,,,,
804,https://bsky.app/profile/johnnyninefingers.bsky.social/post/3mc3frfci2c2b,at://did:plc:d7soauo5updh6pt4iqog54pp/app.bsky.feed.post/3mc3frfci2c2b,bafyreiaoeflo2grj5le36fgb7uf6cuhlfj6hfixye4pm5wdvrpef67sthy,johnnyninefingers.bsky.social,did:plc:d7soauo5updh6pt4iqog54pp,2026-01-10T16:14:11.925Z,"Apparently you posted more than 50 times yesterday according to the stats.

Given the circumstances and the content of your posts I'd say that's pretty damn admirable. Have a follow.

[Tips hat.]",reply,at://did:plc:4ot4tuisztvfibkbuqiiyved/app.bsky.feed.post/3mc3ar2zzgc2k,at://did:plc:4ot4tuisztvfibkbuqiiyved/app.bsky.feed.post/3mc3ar2zzgc2k,en,0,0,1,0,keyword search,2026-06-26T14:05:00.228985+00:00,posted more than 50 times yesterday,False,en,2026-06-26T14:06:34.776511+00:00,ok,,,,,
805,https://bsky.app/profile/darius.friend.camp.ap.brid.gy/post/3mbrlpo5qk632,at://did:plc:qmy36tgi4n3ea7n2ti3g54vv/app.bsky.feed.post/3mbrlpo5qk632,bafyreiczhc44w4zuiwzgzppm6jbcuauzyvzomrkdxblk25qvbz5576imju,darius.friend.camp.ap.brid.gy,did:plc:qmy36tgi4n3ea7n2ti3g54vv,2026-01-06T18:33:50.000Z,"My favorite thing on Bluesky is a labeler made by the Social Technologies Lab at Cornell Tech.

https://bsky.app/profile/did:plc:oubsyca6hhgqhmbbk27lvs7c

It surfaces metadata on posts. Most useful to me is ""This person posted more than 50 times yesterday.""

It […] 

[Original post on friend.camp]",post,,,en,23,29,3,4,keyword search,2026-06-26T14:05:00.228985+00:00,posted more than 50 times yesterday,True,en,2026-06-26T14:06:34.776511+00:00,ok,,,,,
806,https://bsky.app/profile/aparker.io/post/3maliynq45c2t,at://did:plc:gttrfs4hfmrclyxvwkwcgpj7/app.bsky.feed.post/3maliynq45c2t,bafyreict5o5mbezs56krgswtb7byt3zv5raz3fkzb6tysknksunrguss6a,aparker.io,did:plc:gttrfs4hfmrclyxvwkwcgpj7,2025-12-22T15:04:09.426Z,"but people that posted more than 50 times yesterday, we're cool",reply,at://did:plc:e6n7jxtu2qrhwvp3j6ib6sq6/app.bsky.feed.post/3maliounjg227,at://did:plc:gq4fo3u6tqzzdkjlwzpb23tj/app.bsky.feed.post/3malinacazp2d,en,16,0,1,1,keyword search,2026-06-26T14:05:00.228985+00:00,posted more than 50 times yesterday,False,en,2026-06-26T14:06:34.776511+00:00,ok,,,,,
807,https://bsky.app/profile/puffinomar.bsky.social/post/3m7qxxi5ywk2s,at://did:plc:mfsi2qp2dltg6vurwnmu74m7/app.bsky.feed.post/3m7qxxi5ywk2s,bafyreigszj77u7eicrmhu4yfgnfvmk7hfmweivz65xx2hshsyhmndjevea,puffinomar.bsky.social,did:plc:mfsi2qp2dltg6vurwnmu74m7,2025-12-12T01:50:03.221Z,he has a “posted more than 50 times yesterday” label and is accusing the other guy of being out of touch due to his online activity,reply,at://did:plc:aezl4prncwzcxn2daogn4ezt/app.bsky.feed.post/3m7qxhff72c2w,at://did:plc:aezl4prncwzcxn2daogn4ezt/app.bsky.feed.post/3m7qxhff72c2w,en,1,0,0,0,keyword search,2026-06-26T14:05:00.228985+00:00,posted more than 50 times yesterday,False,en,2026-06-26T14:06:34.776511+00:00,ok,,,,,
808,https://bsky.app/profile/elviereads.bsky.social/post/3m7jd7b6rs22h,at://did:plc:2qaei67lcm32xvmmhgaza4de/app.bsky.feed.post/3m7jd7b6rs22h,bafyreia6z5ll6ypxipryka22okbtose4xe6admtabshvuwxeq7gssyx554,elviereads.bsky.social,did:plc:2qaei67lcm32xvmmhgaza4de,2025-12-09T00:49:57.600Z,"josephologists a key constituency in this crowd. and that verse is definitely part of it as well, I actually referenced it at one point and then was like ""maybe if I don't post this one I won't get the 'posted more than 50 times yesterday' tag of shame tomorrow""",reply,at://did:plc:ho4occ2hxdmaihd7n4g2ghpz/app.bsky.feed.post/3m7jczt7sac2m,at://did:plc:2qaei67lcm32xvmmhgaza4de/app.bsky.feed.post/3m7jbr7lc7c2z,en,3,0,1,0,keyword search,2026-06-26T14:05:00.228985+00:00,posted more than 50 times yesterday,False,en,2026-06-26T14:06:34.776511+00:00,ok,,,,,
809,https://bsky.app/profile/gothicwtf.eurosky.social/post/3m7apty6jjk2t,at://did:plc:mxeixrodtfcdwakctgrgc7tk/app.bsky.feed.post/3m7apty6jjk2t,bafyreiffd2jg2cto4h6iufdsbavqdsfnwgh2snqhiykc7d2odlnlplox3u,gothicwtf.eurosky.social,did:plc:mxeixrodtfcdwakctgrgc7tk,2025-12-05T14:42:20.054Z,"Hell, it didn’t feel like i posted more than 50 times yesterday. lol",reply,at://did:plc:isoqyxaweaefayp2jtt2f5nm/app.bsky.feed.post/3m7apoz6cbt24,at://did:plc:isoqyxaweaefayp2jtt2f5nm/app.bsky.feed.post/3m7apoz6cbt24,en,5,0,2,0,keyword search,2026-06-26T14:05:00.228985+00:00,posted more than 50 times yesterday,False,en,2026-06-26T14:06:34.776511+00:00,ok,,,,,
810,https://bsky.app/profile/indeliblesasha.bsky.social/post/3m6y65ejca22h,at://did:plc:hgr5mhjfrokelm3phbnxs72b/app.bsky.feed.post/3m6y65ejca22h,bafyreidmngxdgl7oyjdr7ieefohe2bqlxsfjyi7opdjhobjryhrimnfocu,indeliblesasha.bsky.social,did:plc:hgr5mhjfrokelm3phbnxs72b,2025-12-02T05:04:09.720Z,"The irony of someone replying to me with ""I wonder if I got any of those weird labels"" and they have the ""posted more than 50 times yesterday"" label, ha (which is fine, almost all of my friends to tbh 🤭)

And I went to their profile to check them out... Then blocked and reported them to blacksky 🤣",quote,,,en,2,0,0,0,keyword search,2026-06-26T14:05:00.228985+00:00,posted more than 50 times yesterday,False,en,2026-06-26T14:06:34.776511+00:00,ok,,,,,
811,https://bsky.app/profile/eisforenkidu.bsky.social/post/3m6fvgscglk2z,at://did:plc:hr2gfafufvl5ugyvagij55v2/app.bsky.feed.post/3m6fvgscglk2z,bafyreibs5mbjm2cthrjubvlu6bt6pedth5bepo7bx5bmfsyy6m57g7j7va,eisforenkidu.bsky.social,did:plc:hr2gfafufvl5ugyvagij55v2,2025-11-24T22:40:27.198Z,"""posted more than 50 times yesterday""

Look I was preemptively mourning something that didn't happen, I *had* to post.",reply,at://did:plc:hr2gfafufvl5ugyvagij55v2/app.bsky.feed.post/3m6fuyzm46c2z,at://did:plc:hr2gfafufvl5ugyvagij55v2/app.bsky.feed.post/3m6fuyzm46c2z,en,2,0,1,0,keyword search,2026-06-26T14:05:00.228985+00:00,posted more than 50 times yesterday,False,en,2026-06-26T14:06:34.776511+00:00,ok,,,,,
812,https://bsky.app/profile/emiii.ca/post/3m5yofcp5z22k,at://did:plc:nukbfbkofycorc7ger7umvyc/app.bsky.feed.post/3m5yofcp5z22k,bafyreie7pelrqx6jby3sbojyvl6bmvxipngrqiulrzrsf44jxoiindrrei,emiii.ca,did:plc:nukbfbkofycorc7ger7umvyc,2025-11-19T16:29:44.492Z,"the ""posted more than 50 times yesterday"" labeler is the best thing ever on bluesky",post,,,en,2,0,1,1,keyword search,2026-06-26T14:05:00.228985+00:00,posted more than 50 times yesterday,False,en,2026-06-26T14:06:34.776511+00:00,ok,,,,,
813,https://bsky.app/profile/emexastris.bsky.social/post/3m5w7dtg4522q,at://did:plc:b3fc47wi2e22sbkkjvjd6pgn/app.bsky.feed.post/3m5w7dtg4522q,bafyreigjlrqdfb66qesdddmsttj63uwzquvfpplzi7yiy5ekginhdlrtha,emexastris.bsky.social,did:plc:b3fc47wi2e22sbkkjvjd6pgn,2025-11-18T16:55:09.309Z,"I picked up the ""posted more than 50 times yesterday"" badge, which is an excellent indicator to myself that yesterday was Not Great.",post,,,en,9,0,1,0,keyword search,2026-06-26T14:05:00.228985+00:00,posted more than 50 times yesterday,False,en,2026-06-26T14:06:34.776511+00:00,ok,,,,,
814,https://bsky.app/profile/sixregrets.northsky.social/post/3m5onakb3uk26,at://did:plc:unmimf5xppjmbtyclmbrgvur/app.bsky.feed.post/3m5onakb3uk26,bafyreibihtxj7dtrjtwate3ynkz6oqx7r4hmkevhsednyptx6k4ixa4vpa,sixregrets.northsky.social,did:plc:unmimf5xppjmbtyclmbrgvur,2025-11-15T16:42:33.523Z,"ah shit i got the ""posted more than 50 times yesterday"" label.. fuck",post,,,en,0,0,0,0,keyword search,2026-06-26T14:05:00.228985+00:00,posted more than 50 times yesterday,False,en,2026-06-26T14:06:34.776511+00:00,ok,,,,,
815,https://bsky.app/profile/thelasttheorist.bsky.social/post/3m5aeovjfoc2t,at://did:plc:jkegq3qyumxzjobgjeos7sy7/app.bsky.feed.post/3m5aeovjfoc2t,bafyreicom73ubo45gzg6octpnssqiyidtx4rzqrvxm2dk4opj22puua6py,thelasttheorist.bsky.social,did:plc:jkegq3qyumxzjobgjeos7sy7,2025-11-10T00:32:15.078Z,"I'm gonna finally get one of those ""Posted more than 50 times yesterday"" tags tomorrow.",post,,,en,2,0,0,0,keyword search,2026-06-26T14:05:00.228985+00:00,posted more than 50 times yesterday,False,en,2026-06-26T14:06:34.776511+00:00,ok,,,,,
816,https://bsky.app/profile/cormacaroni.bsky.social/post/3m53mj4rahk2v,at://did:plc:m7gu2vbtt2fid7xruraxnrr2/app.bsky.feed.post/3m53mj4rahk2v,bafyreifthvms2xcml6rz4sn2q5bn5nbkiuoeqx533a5bjmryssisd64upm,cormacaroni.bsky.social,did:plc:m7gu2vbtt2fid7xruraxnrr2,2025-11-08T03:08:52.589Z,"The posts-a-lot labeler has become central to my enjoyment of Bluesky. Seeing an account with ‘posted more than 50 times yesterday’ etc and nodding sagely is highly satisfying 

Sadly I could not tell you where I got it from",post,,,en,2,0,0,1,keyword search,2026-06-26T14:05:00.228985+00:00,posted more than 50 times yesterday,False,en,2026-06-26T14:06:34.776511+00:00,ok,,,,,
817,https://bsky.app/profile/ljohn44.bsky.social/post/3m4ytgspxfs24,at://did:plc:mgs7lj5oicktelc575bhw4q6/app.bsky.feed.post/3m4ytgspxfs24,bafyreici4u2vmxy52lfcilxfjp7ygu4bjeruccoeme2m4xn22teqhywbsi,ljohn44.bsky.social,did:plc:mgs7lj5oicktelc575bhw4q6,2025-11-07T00:34:51.931Z,"That’s weird, I see it. It says he posted more than 50 times yesterday 🤷🏻‍♀️",reply,at://did:plc:o56qmbc5xf5gnrlhm3ozhgpk/app.bsky.feed.post/3m4yozyunbc25,at://did:plc:lse7s7ycnkvuhxej6mkx4rid/app.bsky.feed.post/3m4yovrybak2z,en,0,0,1,0,keyword search,2026-06-26T14:05:00.228985+00:00,posted more than 50 times yesterday,False,en,2026-06-26T14:06:34.776511+00:00,ok,,,,,
818,https://bsky.app/profile/rahaeli.bsky.social/post/3m4mmudl2ws2j,at://did:plc:ocsbmyulc2grbq3esflddyj6/app.bsky.feed.post/3m4mmudl2ws2j,bafyreifkdtiltptovqfk2hrfslfh2xd2hhotzbvpssu3hkddsnmi5ozgne,rahaeli.bsky.social,did:plc:ocsbmyulc2grbq3esflddyj6,2025-11-02T04:05:12.751Z,"It's also funny to see how many of my moots (me included) have the ""posted more than 50 times yesterday"", lol",reply,at://did:plc:zvh6ufheu6mwvbdh57xfuh4c/app.bsky.feed.post/3m4mmsw3xhk22,at://did:plc:ocsbmyulc2grbq3esflddyj6/app.bsky.feed.post/3m4mmnz6tok2q,en,39,0,8,0,keyword search,2026-06-26T14:05:00.228985+00:00,posted more than 50 times yesterday,False,en,2026-06-26T14:06:34.776511+00:00,ok,,,,,
819,https://bsky.app/profile/dennis.plumbob.social/post/3m4jk3vyxhc24,at://did:plc:k2ww4avnauzicvtsyjp7jyni/app.bsky.feed.post/3m4jk3vyxhc24,bafyreie5dkhqgr3eyczyohp7iox54ivswdquk3ezouazbqnwgrh742q5mm,dennis.plumbob.social,did:plc:k2ww4avnauzicvtsyjp7jyni,2025-10-31T22:37:46.521Z,You posted more than 50 times yesterday?!?,reply,at://did:plc:gq4fo3u6tqzzdkjlwzpb23tj/app.bsky.feed.post/3m4h5eb6mr22m,at://did:plc:gq4fo3u6tqzzdkjlwzpb23tj/app.bsky.feed.post/3m4h4s4v54s2m,en,1,0,1,0,keyword search,2026-06-26T14:05:00.228985+00:00,posted more than 50 times yesterday,False,en,2026-06-26T14:06:34.776511+00:00,ok,,,,,
820,https://bsky.app/profile/lastnpcalex.agency/post/3m4hu7q5dd22j,at://did:plc:ccxl3ictrlvtrrgh5swvvg47/app.bsky.feed.post/3m4hu7q5dd22j,bafyreidpp5rhllugwmrd3o6ajwb4hfrfnli77fdh6lgaknghj7ign6eiza,lastnpcalex.agency,did:plc:ccxl3ictrlvtrrgh5swvvg47,2025-10-31T06:33:32.533Z,"am i going to get the ""posted more than 50 times yesterday"" label? stay tuned",post,,,en,8,0,1,0,keyword search,2026-06-26T14:05:00.228985+00:00,posted more than 50 times yesterday,False,en,2026-06-26T14:06:34.776511+00:00,ok,,,,,
821,https://bsky.app/profile/staterepjuliareed.bsky.social/post/3mgtsyu2dy226,at://did:plc:mn2n2l76oq5hrfocszlt5gei/app.bsky.feed.post/3mgtsyu2dy226,bafyreiac2m3xwf4afjqjcqn3lcd7zmnctpdnaycb2z7yddjx6qmtee3vvy,staterepjuliareed.bsky.social,did:plc:mn2n2l76oq5hrfocszlt5gei,2026-03-12T06:55:41.145Z,Apparently I posted more than 100 times yesterday while taxing millionaires. #waleg,quote,,,en,35,1,0,1,keyword search,2026-06-26T14:05:00.228985+00:00,posted more than 100 times yesterday,False,en,2026-06-26T14:06:34.776511+00:00,ok,,,,,
822,https://bsky.app/profile/mistressdivinity.myatproto.social/post/3mfi5qaxric2a,at://did:plc:mif27xp762qu6ukq3xqcfzan/app.bsky.feed.post/3mfi5qaxric2a,bafyreigkursvkmkcet7djihklmcihruqiao4jewdnelylbthqulx4n2cka,mistressdivinity.myatproto.social,did:plc:mif27xp762qu6ukq3xqcfzan,2026-02-22T22:10:35.373Z,"if I let him see my posted more than 100 times yesterday and no greater break than 4 hrs yesterday labels, this man will cry.",quote,,,en,8,0,1,0,keyword search,2026-06-26T14:05:00.228985+00:00,posted more than 100 times yesterday,False,en,2026-06-26T14:06:34.776511+00:00,ok,,,,,
823,https://bsky.app/profile/ziyyigo-tipyigo.bsky.social/post/3mfdqllxugc2k,at://did:plc:soiy5k3ussz3gponiu4g3wr5/app.bsky.feed.post/3mfdqllxugc2k,bafyreifma6gdwagxjfk7dycc2dlcshb7srxztx5tafjfi5qcsugzgtxk7i,ziyyigo-tipyigo.bsky.social,did:plc:soiy5k3ussz3gponiu4g3wr5,2026-02-21T04:04:41.530Z,"This labeler has the account tagged with ""No break longer than 4 hours yesterday"" and ""Posted more than 100 times yesterday.""

bsky.app/profile/did:...",reply,at://did:plc:warnbqjj74ybzvwushxjl74t/app.bsky.feed.post/3mfdpjo4yz227,at://did:plc:warnbqjj74ybzvwushxjl74t/app.bsky.feed.post/3mfdpjo4yz227,en,1,0,1,0,keyword search,2026-06-26T14:05:00.228985+00:00,posted more than 100 times yesterday,False,en,2026-06-26T14:06:34.776511+00:00,ok,,,,,
824,https://bsky.app/profile/dopestatistics.bsky.social/post/3mfdi5xz37s2q,at://did:plc:kjukqektupc3u4vfkq5ulaks/app.bsky.feed.post/3mfdi5xz37s2q,bafyreibk6twcd7sptdy3s7caqdxnsfurqual4pdo2tppfaii6mjxxd7fzm,dopestatistics.bsky.social,did:plc:kjukqektupc3u4vfkq5ulaks,2026-02-21T01:33:54.468Z,"You have the ""posted more than 100 times yesterday label and bone-itis label aaaand ur join date label",reply,at://did:plc:pwatwdoqcjfvf7lx6rvr3xbo/app.bsky.feed.post/3mfdi4mxvv22l,at://did:plc:kjukqektupc3u4vfkq5ulaks/app.bsky.feed.post/3mfdhjitkqc2q,en,1,0,1,0,keyword search,2026-06-26T14:05:00.228985+00:00,posted more than 100 times yesterday,False,en,2026-06-26T14:06:34.776511+00:00,ok,,,,,
825,https://bsky.app/profile/aghastronaut.com/post/3mf37ikpds22k,at://did:plc:nfevlcrsl2jdwgo5bkdbsgxg/app.bsky.feed.post/3mf37ikpds22k,bafyreifqt6x5ggt4o3chqtpdjx3v5vkbzpmnt366gtaxnb3rk4bogu2zfe,aghastronaut.com,did:plc:nfevlcrsl2jdwgo5bkdbsgxg,2026-02-17T18:37:28.033Z,"Only 216 followers.

Posted more than 100 times yesterday.

Yeah, that's not a serious account.",reply,at://did:plc:imhzt3scb6h3q7aeipjiks76/app.bsky.feed.post/3mf37ayxnsc2q,at://did:plc:vuiiafki2ub6qm7bcglmambd/app.bsky.feed.post/3mf2y755ois26,en,1,0,1,0,keyword search,2026-06-26T14:05:00.228985+00:00,posted more than 100 times yesterday,False,en,2026-06-26T14:06:34.776511+00:00,ok,,,,,
826,https://bsky.app/profile/bdbrands.bsky.social/post/3mey4m3smr22p,at://did:plc:snwi7pbn2ywkgn5wb6l7boi3/app.bsky.feed.post/3mey4m3smr22p,bafyreifvosaur5lwialtgdkmnhpt5yp2gjo4d4k4c74it4vp54bgipmyo4,bdbrands.bsky.social,did:plc:snwi7pbn2ywkgn5wb6l7boi3,2026-02-16T13:07:46.188Z,"I mean to be fair ""posted more than 100 times yesterday"" is enough for a block in and of itself",reply,at://did:plc:aizt7s6qn3gudkkfredlsz7o/app.bsky.feed.post/3mey3tdoxr22x,at://did:plc:nre3gaohxhiissdpfkqu5a3d/app.bsky.feed.post/3mey35fpzck25,en,6,0,2,0,keyword search,2026-06-26T14:05:00.228985+00:00,posted more than 100 times yesterday,False,en,2026-06-26T14:06:34.776511+00:00,ok,,,,,
827,https://bsky.app/profile/emilyoram.bsky.social/post/3menscum4ls24,at://did:plc:lwuxfdikvtkzsxflyg2xlksu/app.bsky.feed.post/3menscum4ls24,bafyreieak2yl4f7x2r4r52tsvb34zcqhr3dmm2diej6saxxj7xt5ykh6qu,emilyoram.bsky.social,did:plc:lwuxfdikvtkzsxflyg2xlksu,2026-02-12T10:37:01.844Z,"(100% aiming for the “posts a lot, posted more than 100 times yesterday” label today, SORRY NOT SORRY if you don’t like my sparkling content)",post,,,en,5,0,2,1,keyword search,2026-06-26T14:05:00.228985+00:00,posted more than 100 times yesterday,False,en,2026-06-26T14:06:34.776511+00:00,ok,,,,,
828,https://bsky.app/profile/joshuaerlich.bsky.social/post/3mecb6xvqbc24,at://did:plc:53n54gjixfukqx56qyjnxmkn/app.bsky.feed.post/3mecb6xvqbc24,bafyreidrvapmtse4d5admb45bhyu2a2xbsurmivrcbziyhhglk55xx4bx4,joshuaerlich.bsky.social,did:plc:53n54gjixfukqx56qyjnxmkn,2026-02-07T20:31:20.353Z,"joined Nov '24, posted more than 100 times yesterday, and, surprising at this is, plainly lying about what this document says",quote,,,en,196,36,8,2,keyword search,2026-06-26T14:05:00.228985+00:00,posted more than 100 times yesterday,False,en,2026-06-26T14:06:34.776511+00:00,ok,,,,,
829,https://bsky.app/profile/booternextdoor.bsky.social/post/3mdj3rtupcc25,at://did:plc:h7lpckberugprwy3qpu3tch5/app.bsky.feed.post/3mdj3rtupcc25,bafyreihzmpw3cbwhp7zk4qvoiz2hxwpb7ozjx6z5ed7im22qexpeess7km,booternextdoor.bsky.social,did:plc:h7lpckberugprwy3qpu3tch5,2026-01-28T20:17:57.749Z,Why the fuck bluesky gotta clock my tea and say I posted more than 100 times yesterday,quote,,,en,8,0,3,0,keyword search,2026-06-26T14:05:00.228985+00:00,posted more than 100 times yesterday,False,en,2026-06-26T14:06:34.776511+00:00,ok,,,,,
830,https://bsky.app/profile/eatyrselffitter.bsky.social/post/3mcy5ouvd5k2n,at://did:plc:47eo4eottta5qmkugv4cn5hj/app.bsky.feed.post/3mcy5ouvd5k2n,bafyreidgydkhwnpdvdz55eaaxm7xoos5ci2ozkwdp6qmzmh72pj2redmlm,eatyrselffitter.bsky.social,did:plc:47eo4eottta5qmkugv4cn5hj,2026-01-22T02:36:50.086Z,"""posted more than 100 times yesterday""",reply,at://did:plc:m4y5t4bdpyzpmzlk73m2u7di/app.bsky.feed.post/3mcy3evmffl2h,at://did:plc:2t3gkcqma4viozttzn2e7ber/app.bsky.feed.post/3mcsv3shvb22f,en,1,0,1,0,keyword search,2026-06-26T14:05:00.228985+00:00,posted more than 100 times yesterday,False,en,2026-06-26T14:06:34.776511+00:00,ok,,,,,
831,https://bsky.app/profile/mimikyuute.bsky.social/post/3mcitg6mwic27,at://did:plc:vwlculgqece6zgthlxuwst5l/app.bsky.feed.post/3mcitg6mwic27,bafyreifhyy2z45ilnu3raqtqbqhv74s5g2wwice2j2mbqwlyj7xuypeukm,mimikyuute.bsky.social,did:plc:vwlculgqece6zgthlxuwst5l,2026-01-16T00:23:04.814Z,"""posted more than 100 times yesterday"" why do you have the version of bluesky that sells you out",reply,at://did:plc:zkyg4okuzwkmk5aino6vid35/app.bsky.feed.post/3mcipxexcys2c,at://did:plc:zkyg4okuzwkmk5aino6vid35/app.bsky.feed.post/3mcipamfg3c2f,en,2,0,1,0,keyword search,2026-06-26T14:05:00.228985+00:00,posted more than 100 times yesterday,False,en,2026-06-26T14:06:34.776511+00:00,ok,,,,,
832,https://bsky.app/profile/buttery-shea.bsky.social/post/3mbzjtqfsq223,at://did:plc:kjsumtp4t7ovn3vj74aazjje/app.bsky.feed.post/3mbzjtqfsq223,bafyreiaurg2q6ykgqrxujjweih2d5v327yv4ktv4kayb3i6cfiar4vyewy,buttery-shea.bsky.social,did:plc:kjsumtp4t7ovn3vj74aazjje,2026-01-09T22:21:46.169Z,I turned it on yesterday. Probably won’t keep it. FTR: You posted more than 100 times yesterday.,reply,at://did:plc:6okanyel2nnben6zaitoat4b/app.bsky.feed.post/3mbziqtbkfc22,at://did:plc:6okanyel2nnben6zaitoat4b/app.bsky.feed.post/3mbziqtbkfc22,en,0,0,1,0,keyword search,2026-06-26T14:05:00.228985+00:00,posted more than 100 times yesterday,False,en,2026-06-26T14:06:34.776511+00:00,ok,,,,,
833,https://bsky.app/profile/karobit.bsky.social/post/3mbtzuyti7k2u,at://did:plc:vka5rlp2lomfrbsjoxug64jj/app.bsky.feed.post/3mbtzuyti7k2u,bafyreiacc4pnu5e6ukcqe3rtescq6kz4hrc2pvs5lahgasou6nox52zflu,karobit.bsky.social,did:plc:vka5rlp2lomfrbsjoxug64jj,2026-01-07T17:52:49.999Z,"i subscribed to that labeler that was like ""we'll show you when the poster posted more than 100 times yesterday"" and i was like ""damn, that's a lot, okay, show me who the terminal freaks are"" and uh

it's basically everyone who gets reposted onto my timeline",post,,,en,2,0,1,0,keyword search,2026-06-26T14:05:00.228985+00:00,posted more than 100 times yesterday,False,en,2026-06-26T14:06:34.776511+00:00,ok,,,,,
834,https://bsky.app/profile/drlaurelyanny.bsky.social/post/3mbtwlcdof22k,at://did:plc:p33uhfmjs42q4vpwgwm57zrj/app.bsky.feed.post/3mbtwlcdof22k,bafyreientc6fpvpti5jq44lfyh4otswy2uo7hwb3wuapvhalkjp67ppui4,drlaurelyanny.bsky.social,did:plc:p33uhfmjs42q4vpwgwm57zrj,2026-01-07T16:53:43.197Z,i posted this as a joke but i actually think i posted more than 100 times yesterday i'm unwell,quote,,,en,1,0,0,0,keyword search,2026-06-26T14:05:00.228985+00:00,posted more than 100 times yesterday,False,en,2026-06-26T14:06:34.776511+00:00,ok,,,,,
835,https://bsky.app/profile/canaryburgundy.bsky.social/post/3mbomzle5uc2i,at://did:plc:kdpd5lrbrz2xvavbobrmwgri/app.bsky.feed.post/3mbomzle5uc2i,bafyreigvdx643crtrtncrovvor3bwsxiu7gkn55ceaw76izqpyirzuueya,canaryburgundy.bsky.social,did:plc:kdpd5lrbrz2xvavbobrmwgri,2026-01-05T14:19:26.302Z,"see that ""posted more than 100 times yesterday"" thing, does that include rts?",post,,,en,0,0,0,0,keyword search,2026-06-26T14:05:00.228985+00:00,posted more than 100 times yesterday,False,en,2026-06-26T14:06:34.776511+00:00,ok,,,,,
836,https://bsky.app/profile/lesbiancarabiner.bsky.social/post/3mayh2svyqc22,at://did:plc:sryiimnoaw5mn4af56e2sjac/app.bsky.feed.post/3mayh2svyqc22,bafyreic476rbxggkwovd2htg2vgztknfj56tzc7tdiulimlkwjim4amqjy,lesbiancarabiner.bsky.social,did:plc:sryiimnoaw5mn4af56e2sjac,2025-12-27T18:34:11.085Z,This is the longest I have gone not doing my shot since I switched to shots and now I want the “posted more than 100 times yesterday” tagged to just change that to “go take your shot bitch.”,post,,,en,0,0,0,0,keyword search,2026-06-26T14:05:00.228985+00:00,posted more than 100 times yesterday,False,en,2026-06-26T14:06:34.776511+00:00,ok,,,,,
837,https://bsky.app/profile/kaitave.bsky.social/post/3mak2lhsgdk2y,at://did:plc:wfy4l5sl22lgb2lakf6kwqvw/app.bsky.feed.post/3mak2lhsgdk2y,bafyreicrj3z6m2bzqld47fhyga3r2k5azy2dntwp74kjdchek3llebgdc4,kaitave.bsky.social,did:plc:wfy4l5sl22lgb2lakf6kwqvw,2025-12-22T01:13:34.877Z,"""Posted more than 100 times yesterday"" is frankly way more devastating than anything else you could insult this guy with",reply,at://did:plc:y2llcscocbfrj3qnzvsjemdw/app.bsky.feed.post/3mak2i2gwws2o,at://did:plc:y2llcscocbfrj3qnzvsjemdw/app.bsky.feed.post/3majgypykus2i,en,12,1,0,0,keyword search,2026-06-26T14:05:00.228985+00:00,posted more than 100 times yesterday,False,en,2026-06-26T14:06:34.776511+00:00,ok,,,,,
838,https://bsky.app/profile/danirat.bsky.social/post/3ma6zeb26cs26,at://did:plc:ycve62otz2u5fiyjtyl72lmy/app.bsky.feed.post/3ma6zeb26cs26,bafyreiczdgdhtalppjsvxag3rxmell3gsnhmgg23edg3cpulnqsiflirau,danirat.bsky.social,did:plc:ycve62otz2u5fiyjtyl72lmy,2025-12-17T15:52:22.047Z,"Lol i posted more than 100 times yesterday
Jesus Christ",post,,,en,7,0,1,1,keyword search,2026-06-26T14:05:00.228985+00:00,posted more than 100 times yesterday,False,en,2026-06-26T14:06:34.776511+00:00,ok,,,,,
839,https://bsky.app/profile/alilnightmusing.bsky.social/post/3m7ibg3fmy22f,at://did:plc:y7e6yapc5wfz5z7rvrxfun4b/app.bsky.feed.post/3m7ibg3fmy22f,bafyreigpsi4aqtkfybjfmhqxhfzhc74gxhsljs4dsgpaafprp5ulmhbide,alilnightmusing.bsky.social,did:plc:y7e6yapc5wfz5z7rvrxfun4b,2025-12-08T14:45:19.193Z,"Labeler: sweetheart. Darling. I by no means posted more than 100 times yesterday. Possibly you are so taken with me that all of our days together merge into one long day, but I swear to you I haven’t altered my profile a bit, because I wouldn’t do that to you.",reply,at://did:plc:y7e6yapc5wfz5z7rvrxfun4b/app.bsky.feed.post/3m7iadx5ryk2f,at://did:plc:y7e6yapc5wfz5z7rvrxfun4b/app.bsky.feed.post/3m7iadx5ryk2f,en,0,0,0,0,keyword search,2026-06-26T14:05:00.228985+00:00,posted more than 100 times yesterday,False,en,2026-06-26T14:06:34.776511+00:00,ok,,,,,
840,https://bsky.app/profile/oriondblack.blacksky.app/post/3m6yljdjgsc2i,at://did:plc:2yvljglawapznogfoezmxxmf/app.bsky.feed.post/3m6yljdjgsc2i,bafyreiepzy53fazk7xznc2i7oou26rmxsfx7lciahfyxe7z6jdwhi2owri,oriondblack.blacksky.app,did:plc:2yvljglawapznogfoezmxxmf,2025-12-02T09:03:29.973Z,"this labeler has kept my usage of this app under control. Seeing ""this user posted more than 100 times yesterday"" is a powerful deterrent.",post,,,en,9,0,0,0,keyword search,2026-06-26T14:05:00.228985+00:00,posted more than 100 times yesterday,False,en,2026-06-26T14:06:34.776511+00:00,ok,,,,,
841,https://bsky.app/profile/ben.tootblan.com/post/3m6hllcowkc24,at://did:plc:k4ahushil4urgnsffdogao4w/app.bsky.feed.post/3m6hllcowkc24,bafyreicmojp7q3446dohalufid5wj5snmq4zkgyuewxmfwkhz35lo72bti,ben.tootblan.com,did:plc:k4ahushil4urgnsffdogao4w,2025-11-25T14:49:20.661Z,the “posted more than 100 times yesterday” tag is a great idea but once in a while you come across one on someone that doesn’t post a lot and you immediately get curious about what they lost their mind in the replies.,post,,,en,0,0,0,0,keyword search,2026-06-26T14:05:00.228985+00:00,posted more than 100 times yesterday,False,en,2026-06-26T14:06:34.776511+00:00,ok,,,,,
842,https://bsky.app/profile/mudfire4.cryptid.expert/post/3m6fuqb2psk2b,at://did:plc:lkn7rmrm2hckgeo3odz7ahio/app.bsky.feed.post/3m6fuqb2psk2b,bafyreiarcp25ftjsi5qzrajwzdj4rcs2vf6b4av25jluccxjs366wfngoy,mudfire4.cryptid.expert,did:plc:lkn7rmrm2hckgeo3odz7ahio,2025-11-24T22:27:50.923Z,"This is incredibly funny because you still have the “posted more than 100 times yesterday” label
But also! What this really means is that you have to make a side account for weed posting, where you just let the weed thoughts flow",reply,at://did:plc:ywbm3iywnhzep3ckt6efhoh7/app.bsky.feed.post/3m6fduov3e22q,at://did:plc:ywbm3iywnhzep3ckt6efhoh7/app.bsky.feed.post/3m6fdkhdp2k2q,en,2,0,2,0,keyword search,2026-06-26T14:05:00.228985+00:00,posted more than 100 times yesterday,False,en,2026-06-26T14:06:34.776511+00:00,ok,,,,,
843,https://bsky.app/profile/theyfab.bsky.social/post/3m6aj33gi7c2a,at://did:plc:nykyd3km66cj3sa5k6g6uhi6/app.bsky.feed.post/3m6aj33gi7c2a,bafyreignghh6lmzoqwlanu7dfwp3iiihw4dhomkt6qkmv7srw6unu43eny,theyfab.bsky.social,did:plc:nykyd3km66cj3sa5k6g6uhi6,2025-11-22T19:15:50.521Z,"me when one of my mutuals has the ""posted more than 100 times yesterday"" tag: lol loser. what's the matter, nothing else to do?

me when i have the ""posted more than 100 times yesterday"" tag: well that's just ridiculous. those posts shouldn't have even counted. i was doing plenty of other stuff yest",post,,,en,14,1,0,0,keyword search,2026-06-26T14:05:00.228985+00:00,posted more than 100 times yesterday,False,en,2026-06-26T14:06:34.776511+00:00,ok,,,,,
844,https://bsky.app/profile/dylan-149.bsky.social/post/3m5iem24urc27,at://did:plc:4iycynucs7wmuwd4dmcq2cvd/app.bsky.feed.post/3m5iem24urc27,bafyreigsc3cmwy2idm3mti7e5udmdvcagv5polej7jgkxetizj7lmwyv2y,dylan-149.bsky.social,did:plc:4iycynucs7wmuwd4dmcq2cvd,2025-11-13T04:51:57.154Z,"I've seen accounts with ""changed profile 5+ yesterday,"" ""posted more than 100 times yesterday,"" and ""no breaks greater than an hour"" so honestly you could get a higher score.",reply,at://did:plc:q32qkw5u7z3derggmyp64eac/app.bsky.feed.post/3m5i2vuekas2n,at://did:plc:q32qkw5u7z3derggmyp64eac/app.bsky.feed.post/3m5i2vuekas2n,en,3,0,2,0,keyword search,2026-06-26T14:05:00.228985+00:00,posted more than 100 times yesterday,False,en,2026-06-26T14:06:34.776511+00:00,ok,,,,,
845,https://bsky.app/profile/striderhlc.bsky.social/post/3m5cjzjkoyc2e,at://did:plc:jsvqbtjxgjmelrjnkbtsjc44/app.bsky.feed.post/3m5cjzjkoyc2e,bafyreib2d5unkvaecknq4slpinqxakw2gz3zmm73qm3k2urxnyphn3xvye,striderhlc.bsky.social,did:plc:jsvqbtjxgjmelrjnkbtsjc44,2025-11-10T21:12:59.821Z,The “has posted more than 100 times yesterday” is really the chef’s kiss on this one,reply,at://did:plc:awzzrtrcrvpnxi3ph2sbhxwv/app.bsky.feed.post/3m5c75b55dk2i,at://did:plc:awzzrtrcrvpnxi3ph2sbhxwv/app.bsky.feed.post/3m5c75b55dk2i,en,2,0,0,0,keyword search,2026-06-26T14:05:00.228985+00:00,posted more than 100 times yesterday,False,en,2026-06-26T14:06:34.776511+00:00,ok,,,,,
846,https://bsky.app/profile/sameoldstory.co/post/3m5c66bbw2s22,at://did:plc:3bnlr2j4womjtjolzcox25eu/app.bsky.feed.post/3m5c66bbw2s22,bafyreiejqcdkw77ysijkpwv5tv72m3b2hfmvdt73dtm3zy3ma5a7rnpwmm,sameoldstory.co,did:plc:3bnlr2j4womjtjolzcox25eu,2025-11-10T17:40:54.015Z,"Trying to make this observation delicately, but there was an obvious relationship between users with the “posted more than 100 times yesterday” badge and users who had a very hard time with Senate developments",post,,,en,54,7,6,0,keyword search,2026-06-26T14:05:00.228985+00:00,posted more than 100 times yesterday,False,en,2026-06-26T14:06:34.776511+00:00,ok,,,,,
847,https://bsky.app/profile/antiali.as/post/3m4wj5t5yvj2z,at://did:plc:cp5hnfgqbgjdbizyqyp4zgdl/app.bsky.feed.post/3m4wj5t5yvj2z,bafyreig26px52ylzsl57d7sszvm2x66f7indb23ojcuqnhxxvrsc5dma3u,antiali.as,did:plc:cp5hnfgqbgjdbizyqyp4zgdl,2025-11-06T02:25:33.274Z,I’m a real bisk sicko I saw a “posted more than 100 times yesterday” label on a deep reply in a thread and went to fol them and realized I already do,post,,,en,2,0,0,0,keyword search,2026-06-26T14:05:00.228985+00:00,posted more than 100 times yesterday,False,en,2026-06-26T14:06:34.776511+00:00,ok,,,,,
848,https://bsky.app/profile/anarcho.dog/post/3m4q4qduzq22h,at://did:plc:xit63co4rhcxmyohd7epembf/app.bsky.feed.post/3m4q4qduzq22h,bafyreifn3gq6nsw6fplgv4tyi7jffg7qtwor5ln3nxltrzsp6wdr5tcg54,anarcho.dog,did:plc:xit63co4rhcxmyohd7epembf,2025-11-03T13:27:17.911Z,"This hits with the ""posted more than 100 times yesterday"" label",reply,at://did:plc:hpu3iv34br3mmsrwvruwh5ny/app.bsky.feed.post/3m4q4jn33vs2s,at://did:plc:hpu3iv34br3mmsrwvruwh5ny/app.bsky.feed.post/3m4q4jn33vs2s,en,12,1,1,0,keyword search,2026-06-26T14:05:00.228985+00:00,posted more than 100 times yesterday,True,en,2026-06-26T14:06:34.776511+00:00,ok,,,,,
849,https://bsky.app/profile/silver.phoenyx.net/post/3m4obao3coc2t,at://did:plc:uqopswv3n7duxbuggvbu4fa7/app.bsky.feed.post/3m4obao3coc2t,bafyreia3dnbvhnkohkl6ix4qdlpagwf27htajjsrkhzttsoybqnzr7yv7i,silver.phoenyx.net,did:plc:uqopswv3n7duxbuggvbu4fa7,2025-11-02T19:42:40.997Z,"All the baseball people have ""posted more than 100 times yesterday"" and I'm like ""yeah I noticed.""",reply,at://did:plc:r335dcuzq7ta2fmsb2gk4dgn/app.bsky.feed.post/3m4o7p7joh22a,at://did:plc:z3uh6dme22hydm4loftjktaj/app.bsky.feed.post/3m4gm6a3cic2s,en,2,0,0,0,keyword search,2026-06-26T14:05:00.228985+00:00,posted more than 100 times yesterday,False,en,2026-06-26T14:06:34.776511+00:00,ok,,,,,
850,https://bsky.app/profile/queengwenevere.bsky.social/post/3m4nxquqjb22l,at://did:plc:elymlsii3etfj3nf5oxmg73s/app.bsky.feed.post/3m4nxquqjb22l,bafyreigwaqh5bj7ssxoedsnouvtwvzozudqgm5asewalnnq52lykemok4u,queengwenevere.bsky.social,did:plc:elymlsii3etfj3nf5oxmg73s,2025-11-02T16:52:47.437Z,"Micah is currently showing “posted more than 100 times yesterday” so, yep",reply,at://did:plc:zvh6ufheu6mwvbdh57xfuh4c/app.bsky.feed.post/3m4mmxogkrc22,at://did:plc:ocsbmyulc2grbq3esflddyj6/app.bsky.feed.post/3m4mmnz6tok2q,en,1,0,0,0,keyword search,2026-06-26T14:05:00.228985+00:00,posted more than 100 times yesterday,False,en,2026-06-26T14:06:34.776511+00:00,ok,,,,,
851,https://bsky.app/profile/floregonian.com/post/3m4kcesnt322l,at://did:plc:uhfmcrnunkr3whev3momfchq/app.bsky.feed.post/3m4kcesnt322l,bafyreigutrusb7fhw56xzzngalnvzmga22j2gotmup5yk7mtvfarqzmsra,floregonian.com,did:plc:uhfmcrnunkr3whev3momfchq,2025-11-01T05:52:14.804Z,I posted more than 100 times yesterday! (The vast majority of those were replies.) I don’t know if I like this labeler.,reply,at://did:plc:pfuwnava4i7xpbx6khgyflyv/app.bsky.feed.post/3m4jx32tkh22j,at://did:plc:pfuwnava4i7xpbx6khgyflyv/app.bsky.feed.post/3m4jx32tkh22j,en,5,0,2,0,keyword search,2026-06-26T14:05:00.228985+00:00,posted more than 100 times yesterday,False,en,2026-06-26T14:06:34.776511+00:00,ok,,,,,
852,https://bsky.app/profile/dopestatistics.bsky.social/post/3mottxp5sm22y,at://did:plc:kjukqektupc3u4vfkq5ulaks/app.bsky.feed.post/3mottxp5sm22y,bafyreigu77ev33j6zzzqdnsbdnvow3pdznhp7grr5pq56hu5rbpcgvu3li,dopestatistics.bsky.social,did:plc:kjukqektupc3u4vfkq5ulaks,2026-06-22T02:34:29.224Z,Damn I got the no break greater than 4 hrs label and this time it might be legit because of my 3 am post lmaoo,post,,,en,12,0,4,0,keyword search,2026-06-26T14:05:00.228985+00:00,no break greater than,False,en,2026-06-26T14:06:34.776511+00:00,ok,,,,,
853,https://bsky.app/profile/saladsnake.bsky.social/post/3moj5b2lhjk2x,at://did:plc:2lwtiqtoxckqljobydaflrg6/app.bsky.feed.post/3moj5b2lhjk2x,bafyreihhzet6afrye6k6uev7zn7s2fofusafawp2k3z57q77p4kjjxfyhm,saladsnake.bsky.social,did:plc:2lwtiqtoxckqljobydaflrg6,2026-06-17T20:21:29.750Z,"Anyways, 

""Made over 100 replies yesterday

Replies over 20 times per day on average

No break greater than 1 hr yesterday"" 

also sounds like a strong premise for a horror movie",reply,at://did:plc:2lwtiqtoxckqljobydaflrg6/app.bsky.feed.post/3moj55hebc22x,at://did:plc:ifnpirhh7ihbsqyee5yjrlam/app.bsky.feed.post/3moheesq4s22c,en,0,0,0,0,keyword search,2026-06-26T14:05:00.228985+00:00,no break greater than,False,en,2026-06-26T14:06:34.776511+00:00,ok,,,,,
854,https://bsky.app/profile/anonymoyanshoof.bsky.social/post/3moh6tuvf2s2e,at://did:plc:by7plcoqq7djzdsbmcrsvaad/app.bsky.feed.post/3moh6tuvf2s2e,bafyreigcbbuqiocjgiofvvsrptgrb4dlm7rt75mrc74uwui2c3bfjb7wdm,anonymoyanshoof.bsky.social,did:plc:by7plcoqq7djzdsbmcrsvaad,2026-06-17T01:44:35.583Z,"""no break greater than 1 hour"" cannot be possible! I slept for like 6 hours straight!",reply,at://did:plc:by7plcoqq7djzdsbmcrsvaad/app.bsky.feed.post/3moh6sxf7722e,at://did:plc:by7plcoqq7djzdsbmcrsvaad/app.bsky.feed.post/3moh6sxf7722e,en,0,0,0,0,keyword search,2026-06-26T14:05:00.228985+00:00,no break greater than,False,en,2026-06-26T14:06:34.776511+00:00,ok,,,,,
855,https://bsky.app/profile/guizor.bsky.social/post/3mogyoqlzns2g,at://did:plc:w25ncme6n37ns7k52jdu4b2a/app.bsky.feed.post/3mogyoqlzns2g,bafyreiap6lyvbru7ijz357ii2x7stk5i4jjgypkozjugwsj34sah2fqgma,guizor.bsky.social,did:plc:w25ncme6n37ns7k52jdu4b2a,2026-06-16T23:54:20.851Z,"As vezes me pega muito esse ""no break greater than 2h"" 

Dormir é opcional heheheh",post,,,pt,0,0,1,0,keyword search,2026-06-26T14:05:00.228985+00:00,no break greater than,True,unknown,2026-06-26T14:06:34.776511+00:00,ok,,,,,
856,https://bsky.app/profile/stillicides.bsky.social/post/3mogqfwwybc2u,at://did:plc:ybq3hnaqlw74dtbrcgojwmno/app.bsky.feed.post/3mogqfwwybc2u,bafyreid3kets3gavuitfi33p3s7tzlnjz3trw3llyk2nwdw5ontwhxvcs4,stillicides.bsky.social,did:plc:ybq3hnaqlw74dtbrcgojwmno,2026-06-16T21:26:15.586Z,"no pal I am asking about the ""no break greater than one hour yesterday"" label on your account",reply,at://did:plc:fs5wew5ej4nsvl3igicsdlvg/app.bsky.feed.post/3mogqe5y3b227,at://did:plc:ybq3hnaqlw74dtbrcgojwmno/app.bsky.feed.post/3moglvhebic2u,en,0,0,1,0,keyword search,2026-06-26T14:05:00.228985+00:00,no break greater than,False,en,2026-06-26T14:06:34.776511+00:00,ok,,,,,
857,https://bsky.app/profile/eisforenkidu.bsky.social/post/3mogdaarb7c2t,at://did:plc:hr2gfafufvl5ugyvagij55v2/app.bsky.feed.post/3mogdaarb7c2t,bafyreif7t2ii5j2rlq6styzkgengojtzo2zm6zndseqaqoaplykthbd5yq,eisforenkidu.bsky.social,did:plc:hr2gfafufvl5ugyvagij55v2,2026-06-16T17:30:25.914Z,"Hey what do I have a ""no break greater than 1 hour"" tag for????? I slept like 6 hours straight yesterday, that's impossible.",post,,,en,3,0,0,0,keyword search,2026-06-26T14:05:00.228985+00:00,no break greater than,False,en,2026-06-26T14:06:34.776511+00:00,ok,,,,,
858,https://bsky.app/profile/eisforenkidu.bsky.social/post/3mo37lgwdh22u,at://did:plc:hr2gfafufvl5ugyvagij55v2/app.bsky.feed.post/3mo37lgwdh22u,bafyreigrgnhc2bnikrgn3ubgwyw7avi3gab5ha4z6fbmjm3vuwcvweelrm,eisforenkidu.bsky.social,did:plc:hr2gfafufvl5ugyvagij55v2,2026-06-12T07:25:49.381Z,No break greater than 4 hours yesterday >:(,post,,,en,0,0,0,0,keyword search,2026-06-26T14:05:00.228985+00:00,no break greater than,False,en,2026-06-26T14:06:34.776511+00:00,ok,,,,,
859,https://bsky.app/profile/celtiber.eurosky.social/post/3mnyzyq5lqs2r,at://did:plc:gvrcwe6ofccywhvxiyimvvxe/app.bsky.feed.post/3mnyzyq5lqs2r,bafyreiahuep4mngtmippkhjtn532wnbrvatxx7acbspcn4g2v4afoz3nb4,celtiber.eurosky.social,did:plc:gvrcwe6ofccywhvxiyimvvxe,2026-06-11T10:40:33.313Z,"This badge of shame that says “No break greater than 4hrs yesterday” is a first for me, and it’s all the baby’s fault.",quote,,,en,3,0,0,0,keyword search,2026-06-26T14:05:00.228985+00:00,no break greater than,False,en,2026-06-26T14:06:34.776511+00:00,ok,,,,,
860,https://bsky.app/profile/snofitzroy.bsky.social/post/3mnwf3jkyak24,at://did:plc:5c6lbp4uiibmlswayzrs7nbr/app.bsky.feed.post/3mnwf3jkyak24,bafyreigqk4vww7u52a4bz42v5cqs5sjz2wtxtr7algojkdpc3pf32kwhda,snofitzroy.bsky.social,did:plc:5c6lbp4uiibmlswayzrs7nbr,2026-06-10T09:20:59.043Z,"""no break greater than 4 hours"" is CRAZY",quote,,,en,0,0,0,0,keyword search,2026-06-26T14:05:00.228985+00:00,no break greater than,False,en,2026-06-26T14:06:34.776511+00:00,ok,,,,,
861,https://bsky.app/profile/eisforenkidu.bsky.social/post/3mntm4rkfy224,at://did:plc:hr2gfafufvl5ugyvagij55v2/app.bsky.feed.post/3mntm4rkfy224,bafyreig6wsjkphd22isu23lbmaehipvsjhk4hzktzxc3yshphnxmsetzpa,eisforenkidu.bsky.social,did:plc:hr2gfafufvl5ugyvagij55v2,2026-06-09T06:48:57.945Z,No break greater than 2 hrs yesterday 👁️👄👁️,post,,,en,0,0,0,0,keyword search,2026-06-26T14:05:00.228985+00:00,no break greater than,False,en,2026-06-26T14:06:34.776511+00:00,ok,,,,,
862,https://bsky.app/profile/eisforenkidu.bsky.social/post/3mnrh3ayias2k,at://did:plc:hr2gfafufvl5ugyvagij55v2/app.bsky.feed.post/3mnrh3ayias2k,bafyreiettog3mvfsyws7mzhv6chcgyhboyfcmzt6e4fy3pb2owvdohdoo4,eisforenkidu.bsky.social,did:plc:hr2gfafufvl5ugyvagij55v2,2026-06-08T10:13:18.839Z,"I think you should be exempt from the ""made over 100 Posts yesterday"" and ""no break greater than 4 hours"" labels if you're going thru it. No reason to shame me when I'm coping the only way I know how.",post,,,en,1,0,1,0,keyword search,2026-06-26T14:05:00.228985+00:00,no break greater than,False,en,2026-06-26T14:06:34.776511+00:00,ok,,,,,
863,https://bsky.app/profile/eisforenkidu.bsky.social/post/3mnpmrndiyc25,at://did:plc:hr2gfafufvl5ugyvagij55v2/app.bsky.feed.post/3mnpmrndiyc25,bafyreig4ebivfagjae7bvtlpo4nbecggwglt7l7wwr5cyzaibyfpugfqzu,eisforenkidu.bsky.social,did:plc:hr2gfafufvl5ugyvagij55v2,2026-06-07T16:49:59.214Z,"If you can't handle me at my Made Over 100 Posts Yesterday, then you sure as hell don't deserve me at my No Break Greater Than 4 Hours Yesterday.",post,,,en,1,0,0,0,keyword search,2026-06-26T14:05:00.228985+00:00,no break greater than,False,en,2026-06-26T14:06:34.776511+00:00,ok,,,,,
864,https://bsky.app/profile/pleu.bsky.social/post/3mn37gyljd22a,at://did:plc:bs3pls3mqadgsosoobdkivhl/app.bsky.feed.post/3mn37gyljd22a,bafyreicui52wzorpuo7o3xa6vinnblzdxxvmd3pfv64jsli27vdtselzla,pleu.bsky.social,did:plc:bs3pls3mqadgsosoobdkivhl,2026-05-30T13:58:08.501Z,"Fast jag visar alla labels fast dom flesta är fjantiga och typ 80% av swesky är permanent labelat av den där. Men det är kul att kunna reta folk för att dom är botar när dom har sovit dåligt och har den ""no break greater than 4 hours yesterday""-labeln tex :D",reply,at://did:plc:bs3pls3mqadgsosoobdkivhl/app.bsky.feed.post/3mn37d72ruk2a,at://did:plc:bs3pls3mqadgsosoobdkivhl/app.bsky.feed.post/3mn2tznl7l22t,sv,0,0,1,0,keyword search,2026-06-26T14:05:00.228985+00:00,no break greater than,False,sv,2026-06-26T14:06:34.776511+00:00,ok,,,,,
865,https://bsky.app/profile/giurlioni.ispost.ing/post/3mmfbmp465k2g,at://did:plc:tl6nd2oggkel4lmxie5sp4i3/app.bsky.feed.post/3mmfbmp465k2g,bafyreidxfcyxh2oybzytiexs4trbwdn6wpwiicpu7r2r7jfdqxvu4hh26m,giurlioni.ispost.ing,did:plc:tl6nd2oggkel4lmxie5sp4i3,2026-05-21T20:38:33.127Z,'no break greater than 4 hours' no rest for the wicked,post,,,pt,0,0,0,0,keyword search,2026-06-26T14:05:00.228985+00:00,no break greater than,False,en,2026-06-26T14:06:34.776511+00:00,ok,,,,,
866,https://bsky.app/profile/eisforenkidu.bsky.social/post/3mmegmp47ek27,at://did:plc:hr2gfafufvl5ugyvagij55v2/app.bsky.feed.post/3mmegmp47ek27,bafyreig3xeec3r6fp4rnf7mkdzfhwhepd54vje46d23wufhybqd245mvym,eisforenkidu.bsky.social,did:plc:hr2gfafufvl5ugyvagij55v2,2026-05-21T12:35:22.098Z,"""no break greater than 4 hours yesterday""

I have INSOMNIA",post,,,en,1,0,0,0,keyword search,2026-06-26T14:05:00.228985+00:00,no break greater than,False,en,2026-06-26T14:06:34.776511+00:00,ok,,,,,
867,https://bsky.app/profile/eisforenkidu.bsky.social/post/3mlxacg6xic2x,at://did:plc:hr2gfafufvl5ugyvagij55v2/app.bsky.feed.post/3mlxacg6xic2x,bafyreicw734e6vosoioljs2hgrm4pgfgazjn36ikuiak6mtn745wyvjnvi,eisforenkidu.bsky.social,did:plc:hr2gfafufvl5ugyvagij55v2,2026-05-16T06:37:38.158Z,"Gonna get slapped with ""no break greater than 4 hours"" again 💀",reply,at://did:plc:hr2gfafufvl5ugyvagij55v2/app.bsky.feed.post/3mlx7ss5udc2x,at://did:plc:hr2gfafufvl5ugyvagij55v2/app.bsky.feed.post/3mlx7ss5udc2x,en,0,0,0,0,keyword search,2026-06-26T14:05:00.228985+00:00,no break greater than,False,en,2026-06-26T14:06:34.776511+00:00,ok,,,,,
868,https://bsky.app/profile/knewyorksfinest.life/post/3mlrprgi4ss2h,at://did:plc:cd3sz367a5gstbcjlcjblan4/app.bsky.feed.post/3mlrprgi4ss2h,bafyreicfrkhgsj5p2aitth2r5oyzkas3tn2w6v4txtglimlakjjrkeqjo4,knewyorksfinest.life,did:plc:cd3sz367a5gstbcjlcjblan4,2026-05-14T01:58:29.467Z,“no break greater than 4 hours” is so federal omg 😭😭,post,,,en,0,0,0,0,keyword search,2026-06-26T14:05:00.228985+00:00,no break greater than,False,en,2026-06-26T14:06:34.776511+00:00,ok,,,,,
869,https://bsky.app/profile/eisforenkidu.bsky.social/post/3mlfwr4nypk26,at://did:plc:hr2gfafufvl5ugyvagij55v2/app.bsky.feed.post/3mlfwr4nypk26,bafyreicmeuxhtj424ij3gmkoi7cgenp6u6c7ftlwqjxpchkytczrs2z64a,eisforenkidu.bsky.social,did:plc:hr2gfafufvl5ugyvagij55v2,2026-05-09T09:31:38.511Z,"""No break greater than 4 hrs yesterday""

It was a rough one okay?",post,,,en,2,0,0,0,keyword search,2026-06-26T14:05:00.228985+00:00,no break greater than,False,en,2026-06-26T14:06:34.776511+00:00,ok,,,,,
870,https://bsky.app/profile/xan.lol/post/3mkk6g5kq4c2k,at://did:plc:q7suwaz53ztc4mbiqyygbn43/app.bsky.feed.post/3mkk6g5kq4c2k,bafyreiewvw6u6igxjexklqpmtfdcy36dewnvnk6fov4rbygdhxix5d7ss4,xan.lol,did:plc:q7suwaz53ztc4mbiqyygbn43,2026-04-28T08:34:07.614Z,"i was showing witchsky to people at a club meeting and the ""No break greater than 4 hrs yesterday"" outed me 😶 i should go to sleep..",post,,,en,14,0,0,0,keyword search,2026-06-26T14:05:00.228985+00:00,no break greater than,False,en,2026-06-26T14:06:34.776511+00:00,ok,,,,,
871,https://bsky.app/profile/dame.is/post/3mkibclpwzs2c,at://did:plc:gq4fo3u6tqzzdkjlwzpb23tj/app.bsky.feed.post/3mkibclpwzs2c,bafyreiajhaypesfhjw2ag5g7or3acgzdtvdee5kat2mtn7kiimruhouaye,dame.is,did:plc:gq4fo3u6tqzzdkjlwzpb23tj,2026-04-27T14:20:29.995Z,"it’s very rare that i see a real human account with a “no break greater than 4 hours” label, so it kinda stood out",reply,at://did:plc:gq4fo3u6tqzzdkjlwzpb23tj/app.bsky.feed.post/3mkib5tql422w,at://did:plc:gq4fo3u6tqzzdkjlwzpb23tj/app.bsky.feed.post/3mkib2edtss2w,en,6,0,2,0,keyword search,2026-06-26T14:05:00.228985+00:00,no break greater than,False,en,2026-06-26T14:06:34.776511+00:00,ok,,,,,
872,https://bsky.app/profile/dame.is/post/3mkib2edtss2w,at://did:plc:gq4fo3u6tqzzdkjlwzpb23tj/app.bsky.feed.post/3mkib2edtss2w,bafyreieuf6ztdu34444lwzgkio7h35e7mopbe227f3pe52pssafn6szs64,dame.is,did:plc:gq4fo3u6tqzzdkjlwzpb23tj,2026-04-27T14:15:53.819Z,"no offense, and i don’t really disagree, but i don’t think a ”no break greater than 4 hrs yesterday” account has much room to be throwing stones or giving advice about avoiding brain worms",quote,,,en,10,0,3,0,keyword search,2026-06-26T14:05:00.228985+00:00,no break greater than,False,en,2026-06-26T14:06:34.776511+00:00,ok,,,,,
873,https://bsky.app/profile/housefiinch.bsky.social/post/3mjzy5xc5h223,at://did:plc:vuov66rjzfl5q5nymbkqkx2z/app.bsky.feed.post/3mjzy5xc5h223,bafyreidj2wy3xdeppialholkhbckq5yks43d3t4vyl2rprbjvr22odthtu,housefiinch.bsky.social,did:plc:vuov66rjzfl5q5nymbkqkx2z,2026-04-21T21:59:34.341Z,no break greater than 4 hours is a read also 💀,reply,at://did:plc:ao73eql5ktd4veivqu7c4egq/app.bsky.feed.post/3mjzxdu45ys23,at://did:plc:vuov66rjzfl5q5nymbkqkx2z/app.bsky.feed.post/3mjzx7jxg5223,en,1,0,1,0,keyword search,2026-06-26T14:05:00.228985+00:00,no break greater than,False,en,2026-06-26T14:06:34.776511+00:00,ok,,,,,
874,https://bsky.app/profile/rarf.zone/post/3mjwq7kgpbc2f,at://did:plc:cd6rtyhwlj6fakjuvx33r3z6/app.bsky.feed.post/3mjwq7kgpbc2f,bafyreicxmyir4kkyusod4m5rtvyj4u3nybs57kffpmk5qlu32lyzcnxi6u,rarf.zone,did:plc:cd6rtyhwlj6fakjuvx33r3z6,2026-04-20T14:59:18.817Z,"Ah, I got the Coveted™ ""no break greater than 4 hours"" yesterday. 

…

I think it was worth it, though!!",post,,,en,3,0,0,0,keyword search,2026-06-26T14:05:00.228985+00:00,no break greater than,False,en,2026-06-26T14:06:34.776511+00:00,ok,,,,,
875,https://bsky.app/profile/alex.antilogik.de/post/3mjtxdtejek2d,at://did:plc:zybl5jsrhw6ykt6nk4af7npq/app.bsky.feed.post/3mjtxdtejek2d,bafyreia5lm34b3rzqvj6w2ssvymydqrmoufkvgudqkuyjjc6wla4sqcogy,alex.antilogik.de,did:plc:zybl5jsrhw6ykt6nk4af7npq,2026-04-19T12:28:59.379Z,"""no break greater than 4 hrs yesterday"" is particularly useful, sleep is important",reply,at://did:plc:zybl5jsrhw6ykt6nk4af7npq/app.bsky.feed.post/3mjtxcbtzbc2d,at://did:plc:zybl5jsrhw6ykt6nk4af7npq/app.bsky.feed.post/3mjtxcbtzbc2d,en,1,0,0,0,keyword search,2026-06-26T14:05:00.228985+00:00,no break greater than,False,en,2026-06-26T14:06:34.776511+00:00,ok,,,,,
876,https://bsky.app/profile/introspectre.darkwo.ke/post/3mjkkamjsns2l,at://did:plc:arit7hn7zxumuicm6gmzqwno/app.bsky.feed.post/3mjkkamjsns2l,bafyreiade2uyiua3bkpfrwqiufsxc65y4uxupltl6x67se7poievnettdu,introspectre.darkwo.ke,did:plc:arit7hn7zxumuicm6gmzqwno,2026-04-15T18:40:35.260Z,"Yep, she has the ""no break greater than 2 hours"" label. 😵‍💫",reply,at://did:plc:hs6ceqymqty7zoiwji5xhtxs/app.bsky.feed.post/3mjkk5xxttk2s,at://did:plc:arit7hn7zxumuicm6gmzqwno/app.bsky.feed.post/3mjkgfdtjjc2l,en,3,0,0,0,keyword search,2026-06-26T14:05:00.228985+00:00,no break greater than,False,en,2026-06-26T14:06:34.776511+00:00,ok,,,,,
877,https://bsky.app/profile/jacobcaulfield.bsky.social/post/3mjki7ncrks26,at://did:plc:iv3pdsa7ltgavp5ing4l2wrl/app.bsky.feed.post/3mjki7ncrks26,bafyreidr5ozzkkn4pfz5ywb64jprcckvazinmq3we6rhvwfrihpmbh6zla,jacobcaulfield.bsky.social,did:plc:iv3pdsa7ltgavp5ing4l2wrl,2026-04-15T18:04:15.040Z,She got the no break greater than 2 hours badge. I don’t think I’ve ever been mad enough online I literally lost sleep over it,reply,at://did:plc:4damt2rucognwdrpx65a7voc/app.bsky.feed.post/3mjke2zjhxk2t,at://did:plc:njwcnt4qsdno2lhebdq34m2o/app.bsky.feed.post/3mjjqiqrfik2i,en,5,0,1,0,keyword search,2026-06-26T14:05:00.228985+00:00,no break greater than,False,en,2026-06-26T14:06:34.776511+00:00,ok,,,,,
878,https://bsky.app/profile/billhookunion.beanyear.com/post/3mjimiar4lk2z,at://did:plc:z6pnk6iy5emsenntuycwcyin/app.bsky.feed.post/3mjimiar4lk2z,bafyreid4daxwqffhr67fe4g65i5urgfpbz4lsbtbr4q337ebb3krddhbza,billhookunion.beanyear.com,did:plc:z6pnk6iy5emsenntuycwcyin,2026-04-15T00:15:19.359Z,“No break greater than 4 hours” is bleak,reply,at://did:plc:u2zjvwiyyiezc6hlxypomtj4/app.bsky.feed.post/3mjim5dwcms24,at://did:plc:u2zjvwiyyiezc6hlxypomtj4/app.bsky.feed.post/3mjim5dwcms24,en,12,0,2,0,keyword search,2026-06-26T14:05:00.228985+00:00,no break greater than,False,en,2026-06-26T14:06:34.776511+00:00,ok,,,,,
879,https://bsky.app/profile/mathewilson.bsky.social/post/3mjgz2p3tek2x,at://did:plc:lvoh6guzkt2mmz4whq7ldnpx/app.bsky.feed.post/3mjgz2p3tek2x,bafyreigkfe2pumwoatbzjaxp62hfdmn7p7neevpfqv5oye7e47i767q67u,mathewilson.bsky.social,did:plc:lvoh6guzkt2mmz4whq7ldnpx,2026-04-14T08:55:03.795Z,"Subscribe to this labeller: bsky.app/profile/did:...

I'd love to see some of the crazier ones in the wild. Like ""No break greater than 1 hr yesterday"".",reply,at://did:plc:e7qyf2qa6ldb5gjlqza5zbtj/app.bsky.feed.post/3mjgy5pxkm22y,at://did:plc:e7qyf2qa6ldb5gjlqza5zbtj/app.bsky.feed.post/3mjgwnjxop22j,en,13,0,3,0,keyword search,2026-06-26T14:05:00.228985+00:00,no break greater than,False,en,2026-06-26T14:06:34.776511+00:00,ok,,,,,
880,https://bsky.app/profile/mutualimsure.bsky.social/post/3mj3ypxbqz22u,at://did:plc:uje7oo74dmw4b6sr33ebynlx/app.bsky.feed.post/3mj3ypxbqz22u,bafyreifgdbzdwk2m2fgzz6bsub7w3cqk6fze4l4o6scrunrmhixgttwwhi,mutualimsure.bsky.social,did:plc:uje7oo74dmw4b6sr33ebynlx,2026-04-09T23:49:46.138Z,No break greater than 2 hours yesterday? I've never seen that label before 😭,reply,at://did:plc:mfl5calppp7zoa44zt6pymie/app.bsky.feed.post/3mj3ycgogok2u,at://did:plc:mfl5calppp7zoa44zt6pymie/app.bsky.feed.post/3mj3ycgogok2u,en,1,0,0,0,keyword search,2026-06-26T14:05:00.228985+00:00,no break greater than,True,en,2026-06-26T14:06:34.776511+00:00,ok,,,,,
881,https://bsky.app/profile/istytehcrawk.bsky.social/post/3mj2z3j7nuk23,at://did:plc:zu5il5qqxm3sz52v7irus3iz/app.bsky.feed.post/3mj2z3j7nuk23,bafyreic6pbujtsbzsgohcwzyt572njifi7t4463xspfh2n6qf3cod7w5tm,istytehcrawk.bsky.social,did:plc:zu5il5qqxm3sz52v7irus3iz,2026-04-09T14:23:34.322Z,“No break greater than 1 hour yesterday” label doing great work as always.,reply,at://did:plc:2kpgkv4xcyduvylimyapgcj7/app.bsky.feed.post/3mj22fi4ttc26,at://did:plc:2kpgkv4xcyduvylimyapgcj7/app.bsky.feed.post/3mj22fi4ttc26,en,0,0,0,0,keyword search,2026-06-26T14:05:00.228985+00:00,no break greater than,False,en,2026-06-26T14:06:34.776511+00:00,ok,,,,,
882,https://bsky.app/profile/giurlioni.ispost.ing/post/3miussxtohs2y,at://did:plc:tl6nd2oggkel4lmxie5sp4i3/app.bsky.feed.post/3miussxtohs2y,bafyreig6iyfsgn4oprsalvvxqurnuo64ifaeq3ac3r737rfxlvtmtbt2jm,giurlioni.ispost.ing,did:plc:tl6nd2oggkel4lmxie5sp4i3,2026-04-07T03:15:26.788Z,ai agora que eu vi o label no break greater than 4 hours.. clock me bitch,post,,,pt,3,0,0,0,keyword search,2026-06-26T14:05:00.228985+00:00,no break greater than,False,en,2026-06-26T14:06:34.776511+00:00,ok,,,,,
883,https://bsky.app/profile/peter.dev/post/3mioyxf6j722k,at://did:plc:3uron33ftklm4hs6f2qhnya5/app.bsky.feed.post/3mioyxf6j722k,bafyreigdqeguvd5qpinmuch7k53p43kub5uvh4husdouby4fyj4nvdrlji,peter.dev,did:plc:3uron33ftklm4hs6f2qhnya5,2026-04-04T19:49:19.012Z,"The labeler should have ""No break greater than 8 hrs yesterday"" too so we know who has insomnia",post,,,en,1,1,0,0,keyword search,2026-06-26T14:05:00.228985+00:00,no break greater than,False,en,2026-06-26T14:06:34.776511+00:00,ok,,,,,
884,https://bsky.app/profile/hatulimyafim.bsky.social/post/3mhdcyg566c2p,at://did:plc:7do666wck4jijte2xofvwobl/app.bsky.feed.post/3mhdcyg566c2p,bafyreih43sxstmwhaaqmtbgolev3p2wcexjrp4ybdgmh33vkjpykzv2nua,hatulimyafim.bsky.social,did:plc:7do666wck4jijte2xofvwobl,2026-03-18T10:51:42.502Z,"Nothing makes me feel more ashamed about my social media use than the ""No break greater than 4 hours yesterday"" label.",post,,,en,0,0,1,0,keyword search,2026-06-26T14:05:00.228985+00:00,no break greater than,False,en,2026-06-26T14:06:34.776511+00:00,ok,,,,,
885,https://bsky.app/profile/pinballswizard.com/post/3mgq5egjgj22y,at://did:plc:6k2sdh77cmeoaryw4qsjsdzx/app.bsky.feed.post/3mgq5egjgj22y,bafyreifdbsv6cuo4ksbuq4rjyn6sf75irl54pzhyas2lcnucpjcmw3ydkq,pinballswizard.com,did:plc:6k2sdh77cmeoaryw4qsjsdzx,2026-03-10T19:50:28.076Z,"seeing the label ""no break greater than 4 hours yesterday"" on a friend's account and understanding their sleep schedule is fucked up, but the posting bravely goes on",post,,,en,8,0,2,0,keyword search,2026-06-26T14:05:00.228985+00:00,no break greater than,False,en,2026-06-26T14:06:34.776511+00:00,ok,,,,,
886,https://bsky.app/profile/timothy-barton.bsky.social/post/3mfjb52zvts2c,at://did:plc:qf66qwevbldrl6g5w7y2ep65/app.bsky.feed.post/3mfjb52zvts2c,bafyreid3xigtfjujxor6nx2z3qmpkd7wqog3yyozcrs64r7dycd3skhmoa,timothy-barton.bsky.social,did:plc:qf66qwevbldrl6g5w7y2ep65,2026-02-23T08:44:06.324Z,"Yeah, no break greater than 1 hour means they didn't sleep. 

Humans sleep. 

Bot.",reply,at://did:plc:4jegfjhlgz44trcquyckfomr/app.bsky.feed.post/3mfijeaubhs2f,at://did:plc:7534z7ircjndl3loyzsxmuve/app.bsky.feed.post/3mfi2abf2o22c,en,4,0,1,0,keyword search,2026-06-26T14:05:00.228985+00:00,no break greater than,False,en,2026-06-26T14:06:34.776511+00:00,ok,,,,,
887,https://bsky.app/profile/eisforenkidu.bsky.social/post/3mfhadhplb22m,at://did:plc:hr2gfafufvl5ugyvagij55v2/app.bsky.feed.post/3mfhadhplb22m,bafyreicwaj33hhfxer3lf6jjccl4pu552m5liutnfcyvzn5rukwrhiepg4,eisforenkidu.bsky.social,did:plc:hr2gfafufvl5ugyvagij55v2,2026-02-22T13:24:27.725Z,"""no break greater than 4 hours yesterday"" LOOK I was....I don't remember why I posted that much yesterday. I was quite out of it.",reply,at://did:plc:hr2gfafufvl5ugyvagij55v2/app.bsky.feed.post/3mfhabs6d222m,at://did:plc:hr2gfafufvl5ugyvagij55v2/app.bsky.feed.post/3mfhabs6d222m,en,1,0,1,0,keyword search,2026-06-26T14:05:00.228985+00:00,no break greater than,False,en,2026-06-26T14:06:34.776511+00:00,ok,,,,,
888,https://bsky.app/profile/whisperingpines.bsky.social/post/3mfdibdg5kc22,at://did:plc:g5ogagi2iqu4hllaap4qm6xd/app.bsky.feed.post/3mfdibdg5kc22,bafyreifd6cpx6wtmmowvj7vyrcs7gl4g6djvtuiovmqh3krnpgcyhd3hfa,whisperingpines.bsky.social,did:plc:g5ogagi2iqu4hllaap4qm6xd,2026-02-21T01:35:47.094Z,No break greater than 24 hours within a 24-hour period just broke my brain,reply,at://did:plc:kjukqektupc3u4vfkq5ulaks/app.bsky.feed.post/3mfdhjitkqc2q,at://did:plc:kjukqektupc3u4vfkq5ulaks/app.bsky.feed.post/3mfdhjitkqc2q,en,0,0,0,0,keyword search,2026-06-26T14:05:00.228985+00:00,no break greater than,False,en,2026-06-26T14:06:34.776511+00:00,ok,,,,,
889,https://bsky.app/profile/dopestatistics.bsky.social/post/3mfdhoxznbc2q,at://did:plc:kjukqektupc3u4vfkq5ulaks/app.bsky.feed.post/3mfdhoxznbc2q,bafyreicjmwjkdeatcxglvdp6gupk2twwxml7jdaounj4c7pirlsinarypm,dopestatistics.bsky.social,did:plc:kjukqektupc3u4vfkq5ulaks,2026-02-21T01:25:31.169Z,I meant no break greater than 4 hrs label fuck lmfaoooo,reply,at://did:plc:kjukqektupc3u4vfkq5ulaks/app.bsky.feed.post/3mfdhofnrqk2q,at://did:plc:kjukqektupc3u4vfkq5ulaks/app.bsky.feed.post/3mfdhjitkqc2q,en,5,0,1,0,keyword search,2026-06-26T14:05:00.228985+00:00,no break greater than,False,en,2026-06-26T14:06:34.776511+00:00,ok,,,,,
890,https://bsky.app/profile/dopestatistics.bsky.social/post/3mfdhjitkqc2q,at://did:plc:kjukqektupc3u4vfkq5ulaks/app.bsky.feed.post/3mfdhjitkqc2q,bafyreig5mzurswdznbavkhnbf4ihtqdgnbba6qfs233ije7zcm6zdgu3gi,dopestatistics.bsky.social,did:plc:kjukqektupc3u4vfkq5ulaks,2026-02-21T01:22:27.467Z,"Wtf how did I get a ""no break greater than 24 hrs "" label. 

I went 15 hrs w out a post lmao I just checked?",post,,,en,32,1,7,1,keyword search,2026-06-26T14:05:00.228985+00:00,no break greater than,False,en,2026-06-26T14:06:34.776511+00:00,ok,,,,,
891,https://bsky.app/profile/rarf.zone/post/3mextbwucmi2u,at://did:plc:cd6rtyhwlj6fakjuvx33r3z6/app.bsky.feed.post/3mextbwucmi2u,bafyreifs4j5e3zpqxgcqcnaw5uttjsj7rvspyiqmohcv43u5ahdzvysl6u,rarf.zone,did:plc:cd6rtyhwlj6fakjuvx33r3z6,2026-02-16T10:21:01.602Z,"I've managed to earn the ""no break greater than 4 hrs yesterday"" label, and:

Congratulations to myself. :))",post,,,en,5,0,1,0,keyword search,2026-06-26T14:05:00.228985+00:00,no break greater than,False,en,2026-06-26T14:06:34.776511+00:00,ok,,,,,
892,https://bsky.app/profile/oracularhades.com/post/3mewrqlej3k2f,at://did:plc:wtdzzfgzjpirnk5wvpjutqoy/app.bsky.feed.post/3mewrqlej3k2f,bafyreieizxtzbwkhzfvyveno3eyq3zhtgmpnfpm2sjrori2wi5a3wom2ty,oracularhades.com,did:plc:wtdzzfgzjpirnk5wvpjutqoy,2026-02-16T00:20:45.823Z,“No break greater than 4h yesterday” no wonder it’s obvious they need to log off.,reply,at://did:plc:vw4e7blkwzdokanwp24k3igr/app.bsky.feed.post/3mewrligy3c2a,at://did:plc:bnqkww7bjxaacajzvu5gswdf/app.bsky.feed.post/3mewqqsy3tk2q,en,3,0,1,0,keyword search,2026-06-26T14:05:00.228985+00:00,no break greater than,False,en,2026-06-26T14:06:34.776511+00:00,ok,,,,,
893,https://bsky.app/profile/shuchancellor.bsky.social/post/3met4riff4k2n,at://did:plc:u2zjvwiyyiezc6hlxypomtj4/app.bsky.feed.post/3met4riff4k2n,bafyreihylzurv2xmqgbsxaxd6bpwfnnx45vaods3fyibqnzcosmky6oz2q,shuchancellor.bsky.social,did:plc:u2zjvwiyyiezc6hlxypomtj4,2026-02-14T13:27:28.466Z,"everyone clowns on ""posts more than 100 times"" buddy that's like half of the ""elders"" and shitposters here, that's nothing. no the real red flag danger zone is ""no break greater than 4 hours""",reply,at://did:plc:u2zjvwiyyiezc6hlxypomtj4/app.bsky.feed.post/3met4762hzs2n,at://did:plc:u2zjvwiyyiezc6hlxypomtj4/app.bsky.feed.post/3met4762hzs2n,en,19,0,1,1,keyword search,2026-06-26T14:05:00.228985+00:00,no break greater than,False,en,2026-06-26T14:06:34.776511+00:00,ok,,,,,
894,https://bsky.app/profile/eisforenkidu.bsky.social/post/3mesgqucmv22z,at://did:plc:hr2gfafufvl5ugyvagij55v2/app.bsky.feed.post/3mesgqucmv22z,bafyreiatxro7lrxtgrkanvkxnvjlw7wictmxufqasffffvj6agql6fk6gu,eisforenkidu.bsky.social,did:plc:hr2gfafufvl5ugyvagij55v2,2026-02-14T06:53:25.084Z,"""no break greater than 4 hours"" tag just appeared time to go lie down in the dark in shame",reply,at://did:plc:hr2gfafufvl5ugyvagij55v2/app.bsky.feed.post/3mesgpebs6c2z,at://did:plc:hr2gfafufvl5ugyvagij55v2/app.bsky.feed.post/3mesgpebs6c2z,en,0,0,1,0,keyword search,2026-06-26T14:05:00.228985+00:00,no break greater than,False,en,2026-06-26T14:06:34.776511+00:00,ok,,,,,
895,https://bsky.app/profile/faefutchauntie.bsky.social/post/3meqwnymopc2n,at://did:plc:5udjdgc77ee6oh3fjohdu646/app.bsky.feed.post/3meqwnymopc2n,bafyreic7nangykq372bctg6cpgqf35anuifmxnfecfqy6jsuvpxysemmkm,faefutchauntie.bsky.social,did:plc:5udjdgc77ee6oh3fjohdu646,2026-02-13T16:32:49.337Z,The no break greater than 2 hrs label is never not amazing.,quote,,,en,1,0,1,0,keyword search,2026-06-26T14:05:00.228985+00:00,no break greater than,False,en,2026-06-26T14:06:34.776511+00:00,ok,,,,,
896,https://bsky.app/profile/virgotex.bsky.social/post/3meo75jtzcs2g,at://did:plc:uxfgnj445d6imnatrvha2bv6/app.bsky.feed.post/3meo75jtzcs2g,bafyreibrhssexc2o6zdnedkv2mypdad2nqb2yyfzyuxvlssmspis4r5b4i,virgotex.bsky.social,did:plc:uxfgnj445d6imnatrvha2bv6,2026-02-12T14:26:41.438Z,No break greater than 4 hrs yesterday: ask me about my new meds. Whooeee!,post,,,en,3,0,0,0,keyword search,2026-06-26T14:05:00.228985+00:00,no break greater than,False,en,2026-06-26T14:06:34.776511+00:00,ok,,,,,
897,https://bsky.app/profile/splainer.bsky.social/post/3mehdczjm7k26,at://did:plc:a2qilsqtzjwqfd6lr7l5d33s/app.bsky.feed.post/3mehdczjm7k26,bafyreid5wwtdt357iuxhxrje6oeod7vmzhawhpyx3avdouxqn5e25hrcyu,splainer.bsky.social,did:plc:a2qilsqtzjwqfd6lr7l5d33s,2026-02-09T20:52:42.446Z,"""No break greater than 4 hrs yesterday"" 

""Posted same url 10+ times yesterday"" 

""Posts a lot: more than 100 times yesterday""",quote,,,en,3,1,1,0,keyword search,2026-06-26T14:05:00.228985+00:00,no break greater than,False,en,2026-06-26T14:06:34.776511+00:00,ok,,,,,
898,https://bsky.app/profile/dlavin.bsky.social/post/3meb6gjzqn22a,at://did:plc:zgwbmvdym3ptpxpvubt625hy/app.bsky.feed.post/3meb6gjzqn22a,bafyreifhwhto4rkmobwimwm4qkloajcwkyouk7jlytzqci3ehavouqvapm,dlavin.bsky.social,did:plc:zgwbmvdym3ptpxpvubt625hy,2026-02-07T10:09:13.277Z,No break greater than 2 hours! Seven chipmunks in a trench coat!,reply,at://did:plc:j2kmiyhld5btzozgzwy3lc2m/app.bsky.feed.post/3meaol2kouc2b,at://did:plc:j2kmiyhld5btzozgzwy3lc2m/app.bsky.feed.post/3meaol2kouc2b,en,0,0,0,0,keyword search,2026-06-26T14:05:00.228985+00:00,no break greater than,False,en,2026-06-26T14:06:34.776511+00:00,ok,,,,,
899,https://bsky.app/profile/sky.skymarchini.net/post/3meaol2kouc2b,at://did:plc:j2kmiyhld5btzozgzwy3lc2m/app.bsky.feed.post/3meaol2kouc2b,bafyreid57e7c4hiwvmrvsai7vbdu32qhb7ru3pf4c7na67xpxgm4bb4blu,sky.skymarchini.net,did:plc:j2kmiyhld5btzozgzwy3lc2m,2026-02-07T05:25:24.954Z,"> using —
>no break greater than 4 hrs",quote,,,en,84,3,5,0,keyword search,2026-06-26T14:05:00.228985+00:00,no break greater than,False,en,2026-06-26T14:06:34.776511+00:00,ok,,,,,
900,https://bsky.app/profile/construct.goblinmo.de/post/3me7xvkzku22m,at://did:plc:c23n7m2mw2uaqoxfigo3fsxn/app.bsky.feed.post/3me7xvkzku22m,bafyreihatyqjshuzotidkzoxvfacp2avqv65xppq7z3wvov5a7zhxpdc2y,construct.goblinmo.de,did:plc:c23n7m2mw2uaqoxfigo3fsxn,2026-02-06T22:39:41.703Z,"It's the ""no break greater than 1 hour"" for me. buddy you can go to sleep I promise you the abyss, while great and terrible, does not need constant supervision",reply,at://did:plc:yddfcdhhinii6fj6hyulnzpk/app.bsky.feed.post/3me7wfkz7u22w,at://did:plc:c23n7m2mw2uaqoxfigo3fsxn/app.bsky.feed.post/3me7uvk5wkc2e,en,11,0,0,0,keyword search,2026-06-26T14:05:00.228985+00:00,no break greater than,False,en,2026-06-26T14:06:34.776511+00:00,ok,,,,,
901,https://bsky.app/profile/internetperson69.bsky.social/post/3mdv3qu2ulc2m,at://did:plc:tq75texcyq2kqs4ivjr55bor/app.bsky.feed.post/3mdv3qu2ulc2m,bafyreiaeul45tyyychiyovwzlcjg52kgpqiqlapqsk3xuq7oqmctevvzcm,internetperson69.bsky.social,did:plc:tq75texcyq2kqs4ivjr55bor,2026-02-02T14:49:21.258Z,"The most concerning label that I regularly see applied to accounts is ""no break greater than 4 hours yesterday."" 😬 Take a break! Sleep! The internet will still be here tomorrow. Probably",post,,,en,13,0,1,0,keyword search,2026-06-26T14:05:00.228985+00:00,no break greater than,False,en,2026-06-26T14:06:34.776511+00:00,ok,,,,,
902,https://bsky.app/profile/babyshoes4cash.com/post/3mdt4m5fzvc2y,at://did:plc:3pcnghkif2l2bf3g3hx5spsu/app.bsky.feed.post/3mdt4m5fzvc2y,bafyreiggbmsjsvym4ygjtxmrzts734lwfliecxcpgurqosrims57splfl4,babyshoes4cash.com,did:plc:3pcnghkif2l2bf3g3hx5spsu,2026-02-01T19:59:17.554Z,"""posted 50+"": half pack a day

""posted 100+"": pack a day

""no break greater than 4 hours yesterday"": one pound of pipe tobacco, in a bong, a day",post,,,en,87,14,1,2,keyword search,2026-06-26T14:05:00.228985+00:00,no break greater than,False,en,2026-06-26T14:06:34.776511+00:00,ok,,,,,
903,https://bsky.app/profile/eisforenkidu.bsky.social/post/3mdruvaviek23,at://did:plc:hr2gfafufvl5ugyvagij55v2/app.bsky.feed.post/3mdruvaviek23,bafyreibejdkdf3pxyamcpeoqxal7bx7wnw6pyozq5ooryosfxhk6l4dpqa,eisforenkidu.bsky.social,did:plc:hr2gfafufvl5ugyvagij55v2,2026-02-01T08:08:33.523Z,"""No break greater than 4 hours yesterday""

It's called Jet Lag ok",post,,,en,1,0,1,0,keyword search,2026-06-26T14:05:00.228985+00:00,no break greater than,False,en,2026-06-26T14:06:34.776511+00:00,ok,,,,,
904,https://bsky.app/profile/oldenoughtosay.com/post/3mdndqowh7c2j,at://did:plc:wwnqw7v6nenik5uizgftqhqa/app.bsky.feed.post/3mdndqowh7c2j,bafyreienmqbid7bgjjjzltsez263yfphx4y4hjrahuaurdis7kcvzznyzm,oldenoughtosay.com,did:plc:wwnqw7v6nenik5uizgftqhqa,2026-01-30T12:51:07.896Z,this is very true but also when I was breastfeeding a newborn I acquired the coveted “no break greater than 1 hour” label and I’m honestly proud of that,quote,,,en,62,0,2,0,keyword search,2026-06-26T14:05:00.228985+00:00,no break greater than,False,en,2026-06-26T14:06:34.776511+00:00,ok,,,,,
905,https://bsky.app/profile/smilner.bsky.social/post/3mdndgqtois2d,at://did:plc:7azczoxqqpzmpjoivoh3r4jd/app.bsky.feed.post/3mdndgqtois2d,bafyreifbgdgfrgca4jxalmfbosbifecntmp7ybghfqvju4f7wkfph36tqu,smilner.bsky.social,did:plc:7azczoxqqpzmpjoivoh3r4jd,2026-01-30T12:45:34.360Z,"The ""No break greater than 4 hrs yesterday"" labeler is very valuable when deciding if someone is worth fighting",reply,at://did:plc:qo3obram42go2naow7ioqzs2/app.bsky.feed.post/3mdnd2rhne22i,at://did:plc:qo3obram42go2naow7ioqzs2/app.bsky.feed.post/3mdncprfuhs2i,en,24,1,0,1,keyword search,2026-06-26T14:05:00.228985+00:00,no break greater than,False,en,2026-06-26T14:06:34.776511+00:00,ok,,,,,
906,https://bsky.app/profile/pisscauldron.bsky.social/post/3mdnaegde522v,at://did:plc:nwmuogkq6sevqyl7hud2tx3y/app.bsky.feed.post/3mdnaegde522v,bafyreiesrwvoesy4vdowbiseobx4wp6m7so5ev4s4tygfqp6gafs36bttq,pisscauldron.bsky.social,did:plc:nwmuogkq6sevqyl7hud2tx3y,2026-01-30T11:50:35.005Z,"wow no break greater than 4 hours yesterday 

did genghis khan take a break?",reply,at://did:plc:nwmuogkq6sevqyl7hud2tx3y/app.bsky.feed.post/3mdn7dokch22v,at://did:plc:nwmuogkq6sevqyl7hud2tx3y/app.bsky.feed.post/3mdn7dokch22v,en,2,0,1,0,keyword search,2026-06-26T14:05:00.228985+00:00,no break greater than,False,unknown,2026-06-26T14:06:34.776511+00:00,ok,,,,,
907,https://bsky.app/profile/snarkyplatypus.com/post/3mcxi2m4hs226,at://did:plc:gzkfdyducwifykfqouc4s4e2/app.bsky.feed.post/3mcxi2m4hs226,bafyreiehruyy6yqvtfetda4i44ff6babkysmbdlz3yurkkxpx4t4shywki,snarkyplatypus.com,did:plc:gzkfdyducwifykfqouc4s4e2,2026-01-21T20:09:41.217Z,No break greater than 4 hours - do these people sleep?!,reply,at://did:plc:gzkfdyducwifykfqouc4s4e2/app.bsky.feed.post/3mcxhx7npdk26,at://did:plc:gzkfdyducwifykfqouc4s4e2/app.bsky.feed.post/3mcxhhqhqzk26,en,2,0,1,0,keyword search,2026-06-26T14:05:00.228985+00:00,no break greater than,False,en,2026-06-26T14:06:34.776511+00:00,ok,,,,,
908,https://bsky.app/profile/coffeecat.tgirl.gay/post/3mcv3xdcgd222,at://did:plc:cbhn44cstmezsuclyi3ictwm/app.bsky.feed.post/3mcv3xdcgd222,bafyreihy7ktjmervzccnq7i6iwtnshrx5bwcmay4dv5bb3jn7nc6icqtk4,coffeecat.tgirl.gay,did:plc:cbhn44cstmezsuclyi3ictwm,2026-01-20T21:27:46.933Z,"that AI image pfp + ""No break greater than 4 hours yesterday""

that's a bot.",reply,at://did:plc:do2gk4uwbnlmmfrlhpnn3aaw/app.bsky.feed.post/3mcv3vnzrik2x,at://did:plc:do2gk4uwbnlmmfrlhpnn3aaw/app.bsky.feed.post/3mcv3vnzrik2x,en,4,1,1,0,keyword search,2026-06-26T14:05:00.228985+00:00,no break greater than,False,en,2026-06-26T14:06:34.776511+00:00,ok,,,,,
909,https://bsky.app/profile/r7plays.bsky.social/post/3mcbpyg6ab225,at://did:plc:nidzhbwncchcatbpawvdt6tm/app.bsky.feed.post/3mcbpyg6ab225,bafyreia474cdbehryzfudf5s2grshzo2l4jaihjjsv2kqi624kexlamzqy,r7plays.bsky.social,did:plc:nidzhbwncchcatbpawvdt6tm,2026-01-13T04:33:03.565Z,"I keep seeing the ""no break greater than 4 hours"" tag on accounts and wondering - are they a bot, or are they on some research chemical cocktail that keeps them posting all day and night",post,,,en,0,0,0,0,keyword search,2026-06-26T14:05:00.228985+00:00,no break greater than,False,en,2026-06-26T14:06:34.776511+00:00,ok,,,,,
910,https://bsky.app/profile/cheflubu.bsky.social/post/3mc2vsucrwc2c,at://did:plc:mcgn4c4xlqf75ieflqjxjg24/app.bsky.feed.post/3mc2vsucrwc2c,bafyreiaaej6idkvbfweyjrs3c3sjov4cejtfklnch7rqja4kt7in24byzu,cheflubu.bsky.social,did:plc:mcgn4c4xlqf75ieflqjxjg24,2026-01-10T11:28:41.350Z,"When the label says ""no break greater than an hour"" on your profile that makes me worried for your mental health",post,,,en,10,0,1,0,keyword search,2026-06-26T14:05:00.228985+00:00,no break greater than,False,en,2026-06-26T14:06:34.776511+00:00,ok,,,,,
911,https://bsky.app/profile/heartpunk.bsky.social/post/3mbu55f4oct2g,at://did:plc:5clan7z4wsuvaffihedjv6fu/app.bsky.feed.post/3mbu55f4oct2g,bafyreibchvux3ms4c2oo7fyhmlibv772touv3w74dgo6iypqu6r37qypi4,heartpunk.bsky.social,did:plc:5clan7z4wsuvaffihedjv6fu,2026-01-07T18:51:12.543Z,"i should not be using a labeler as a sleep tracker but i sorta am

if it says no break greater than 4 hrs yesterday on my account? i am behind, i need more likely

if it does not, wooooo, everythings good, party

(this is... perhaps not the ideal interpretation lol)",post,,,en,6,0,1,0,keyword search,2026-06-26T14:05:00.228985+00:00,no break greater than,False,en,2026-06-26T14:06:34.776511+00:00,ok,,,,,
912,https://bsky.app/profile/afivegantenna.bsky.social/post/3mbu2tt7mx224,at://did:plc:hur7qkynuoee2hj56ptxoyuf/app.bsky.feed.post/3mbu2tt7mx224,bafyreieokk5irejajbvdpdtn75tiawwl3qkiebdfyycvpyhpc66dnqex3u,afivegantenna.bsky.social,did:plc:hur7qkynuoee2hj56ptxoyuf,2026-01-07T18:10:04.292Z,the temptation to intervene on a mutual who has the “no break greater than 2 hrs” label. nobody should have that label. not even the 4 hr one,reply,at://did:plc:k6kg5ccozcphfcmp4zyx3s64/app.bsky.feed.post/3mbtpcrevhk2a,at://did:plc:k6kg5ccozcphfcmp4zyx3s64/app.bsky.feed.post/3mbtpcrevhk2a,en,0,0,0,0,keyword search,2026-06-26T14:05:00.228985+00:00,no break greater than,False,en,2026-06-26T14:06:34.776511+00:00,ok,,,,,
913,https://bsky.app/profile/crissakentavr.bsky.social/post/3mbps7xnmm22t,at://did:plc:jbwxai6k52bd2jl7i6k3knsx/app.bsky.feed.post/3mbps7xnmm22t,bafyreifnqbkvxkczohukv6ygh5i6q3jmtiqoj5yrgaubqdhkm6l7rjnkaa,crissakentavr.bsky.social,did:plc:jbwxai6k52bd2jl7i6k3knsx,2026-01-06T01:25:08.969Z,"""No break greater than 4 hours yesterday""

Remember to give yourself time!",reply,at://did:plc:7yn2xfj67vfxwqoa2eqky32p/app.bsky.feed.post/3mbpovgewu22n,at://did:plc:7yn2xfj67vfxwqoa2eqky32p/app.bsky.feed.post/3mbpovgewu22n,en,0,0,1,0,keyword search,2026-06-26T14:05:00.228985+00:00,no break greater than,False,en,2026-06-26T14:06:34.776511+00:00,ok,,,,,
914,https://bsky.app/profile/eisforenkidu.bsky.social/post/3mbojzmedmk2m,at://did:plc:hr2gfafufvl5ugyvagij55v2/app.bsky.feed.post/3mbojzmedmk2m,bafyreicqzhiuejxyb7e6siktniggwx6vvqvaw5kcb6shwcjdc44dx4oj4a,eisforenkidu.bsky.social,did:plc:hr2gfafufvl5ugyvagij55v2,2026-01-05T13:25:46.131Z,"God the ""no break greater than 4 hours"" label is causing me some serious shame.",reply,at://did:plc:hr2gfafufvl5ugyvagij55v2/app.bsky.feed.post/3mbojyb7qvs2m,at://did:plc:hr2gfafufvl5ugyvagij55v2/app.bsky.feed.post/3mbojyb7qvs2m,en,0,0,1,0,keyword search,2026-06-26T14:05:00.228985+00:00,no break greater than,False,en,2026-06-26T14:06:34.776511+00:00,ok,,,,,
915,https://bsky.app/profile/eisforenkidu.bsky.social/post/3mbnxa7yvws2m,at://did:plc:hr2gfafufvl5ugyvagij55v2/app.bsky.feed.post/3mbnxa7yvws2m,bafyreiaujoeireaks5p5fbzyu6xez3rgumgg7k2ngltqiizlkkzfoxur74,eisforenkidu.bsky.social,did:plc:hr2gfafufvl5ugyvagij55v2,2026-01-05T07:49:26.959Z,"Unsurprisingly I got hit with the ""no break greater than 4 hours"" label the day after I did not sleep",post,,,en,1,0,1,0,keyword search,2026-06-26T14:05:00.228985+00:00,no break greater than,False,en,2026-06-26T14:06:34.776511+00:00,ok,,,,,
916,https://bsky.app/profile/colin.hoagie.fun/post/3mbfemyzem22x,at://did:plc:l4smnmw4etii4ilv66jmdznk/app.bsky.feed.post/3mbfemyzem22x,bafyreig2q2wbftmvcr4qaojadjhwoa3cuegfp3gebltymnogdpnjqbf6je,colin.hoagie.fun,did:plc:l4smnmw4etii4ilv66jmdznk,2026-01-01T21:55:16.840Z,I want a feed that's just anyone who has posted >100 times in a day with no break greater than 2 hours,reply,at://did:plc:l4smnmw4etii4ilv66jmdznk/app.bsky.feed.post/3mbfegevycs2x,at://did:plc:l4smnmw4etii4ilv66jmdznk/app.bsky.feed.post/3mbfegevycs2x,en,0,0,0,0,keyword search,2026-06-26T14:05:00.228985+00:00,no break greater than,False,en,2026-06-26T14:06:34.776511+00:00,ok,,,,,
917,https://bsky.app/profile/redshiftsinger.bsky.social/post/3maqiy5bdu22m,at://did:plc:jtl6fplze2tg2no3pnxyjoyr/app.bsky.feed.post/3maqiy5bdu22m,bafyreidlg6qfwjid56yi4fmdkikmtc6jjhtxhpzoqx4c7nbwvga3pukrky,redshiftsinger.bsky.social,did:plc:jtl6fplze2tg2no3pnxyjoyr,2025-12-24T14:47:10.856Z,"Yeah it’s neither positive nor negative, inherently, but it does help with screening sometimes. Some of my favorite folks on here pretty constantly have “posts a lot” labels and one very often has “no break greater than 4 hours” due to a sleep disorder.",reply,at://did:plc:jfgw45ziseeilomx3quup7ea/app.bsky.feed.post/3maqiqo6cts2s,at://did:plc:jfgw45ziseeilomx3quup7ea/app.bsky.feed.post/3maqcdrvulk2y,en,1,0,1,0,keyword search,2026-06-26T14:05:00.228985+00:00,no break greater than,False,en,2026-06-26T14:06:34.776511+00:00,ok,,,,,
918,https://bsky.app/profile/eisforenkidu.bsky.social/post/3majuiadh4c2u,at://did:plc:hr2gfafufvl5ugyvagij55v2/app.bsky.feed.post/3majuiadh4c2u,bafyreictwfkqt6omk7r5rybhd3d3haftdq7wqrhqdvo2fdppgxqa5o4zpi,eisforenkidu.bsky.social,did:plc:hr2gfafufvl5ugyvagij55v2,2025-12-21T23:24:23.933Z,"I don't care about the ""posts a lot"" label but when I get hit with the ""no break greater than 4 hours"" label, that makes me reflect on my social media usage a little bit.",post,,,en,2,0,0,0,keyword search,2026-06-26T14:05:00.228985+00:00,no break greater than,False,en,2026-06-26T14:06:34.776511+00:00,ok,,,,,
919,https://bsky.app/profile/botsnack.bsky.social/post/3m7n2npzg622v,at://did:plc:lse3wrjzwkiloknzt3cuedbb/app.bsky.feed.post/3m7n2npzg622v,bafyreieo4pe6epdvx5qgv5rjmt4kj5uiovl3qpepoco53ioatonolofycy,botsnack.bsky.social,did:plc:lse3wrjzwkiloknzt3cuedbb,2025-12-10T12:27:38.181Z,NO BREAK GREATER THAN 4 HRS YESTERDAY,post,,,en,0,0,0,0,keyword search,2026-06-26T14:05:00.228985+00:00,no break greater than,True,unknown,2026-06-26T14:06:34.776511+00:00,ok,,,,,
920,https://bsky.app/profile/matgb.uk/post/3m7ijz5byss2k,at://did:plc:seocdgcuwjjmgiwb47wvk4bd/app.bsky.feed.post/3m7ijz5byss2k,bafyreiao3f5tfxl6523gjpsmgglg3qt7zl7lualnvodrhh3iiyb2fbpy7u,matgb.uk,did:plc:seocdgcuwjjmgiwb47wvk4bd,2025-12-08T17:19:08.634Z,"And for avoidance of doubt

""No break greater than 1 hr yesterday"" according to my labeller-I follow a bunch of people that sometimes get the 4hrs label because, well, ADHD sleep disorders but I've never seen the 1hr label outside automated news feeds

I hadn't noticed them follow me, they don't now",reply,at://did:plc:25zrllablzxyz73u5xcgdqb6/app.bsky.feed.post/3m7i65ussss2l,at://did:plc:25zrllablzxyz73u5xcgdqb6/app.bsky.feed.post/3m7i65ussss2l,en,2,0,1,0,keyword search,2026-06-26T14:05:00.228985+00:00,no break greater than,True,en,2026-06-26T14:06:34.776511+00:00,ok,,,,,
921,https://bsky.app/profile/giurlioni.ispost.ing/post/3m7cxjqmfhs2e,at://did:plc:tl6nd2oggkel4lmxie5sp4i3/app.bsky.feed.post/3m7cxjqmfhs2e,bafyreiafgwdf7xbdlmtm4s37l7q2olgpyttb2vutfl77artxtusnaqg4tu,giurlioni.ispost.ing,did:plc:tl6nd2oggkel4lmxie5sp4i3,2025-12-06T12:05:05.988Z,falando em label eu levei DE GRAÇA esse de no break greater than 4 hours porque tem um break inegável de 6 hours em meu perfil,reply,at://did:plc:okk53n7x5nzhzutykolyqsbl/app.bsky.feed.post/3m7cxfaqka22f,at://did:plc:tl6nd2oggkel4lmxie5sp4i3/app.bsky.feed.post/3m7cwslizuk2e,pt,1,0,1,0,keyword search,2026-06-26T14:05:00.228985+00:00,no break greater than,False,pt,2026-06-26T14:06:34.776511+00:00,ok,,,,,
922,https://bsky.app/profile/aryafairywren.bsky.social/post/3m7bqbofflk2l,at://did:plc:zuehanbjit66bbnnew2ccaoi/app.bsky.feed.post/3m7bqbofflk2l,bafyreibps4rdtuayadbajb72jy7pds42jv7cfzjkwz77xzktv6ksl6cv24,aryafairywren.bsky.social,did:plc:zuehanbjit66bbnnew2ccaoi,2025-12-06T00:22:39.292Z,"oh so that's why I see the Hopeful in AZ ""Trump divided the country, extorted Zelenskyy"" post on my feed all the time, there's like 50 copies of it - it's posted once every 2-4 hours like clockwork!

""No break greater than 2 hrs"" definitely not a bot 💯💯💯",post,,,en,3,0,2,2,keyword search,2026-06-26T14:05:00.228985+00:00,no break greater than,True,en,2026-06-26T14:06:34.776511+00:00,ok,,,,,
923,https://bsky.app/profile/permadeath.com/post/3m75ypbxb6s2m,at://did:plc:nlzmjyfv6loqtxyzvdcznwgf/app.bsky.feed.post/3m75ypbxb6s2m,bafyreic3o3f2v3recukxuzxnhy7ptekjba5ktu3x4j4fphqyy7ettecdgm,permadeath.com,did:plc:nlzmjyfv6loqtxyzvdcznwgf,2025-12-04T12:42:46.992Z,"it's funny seeing the ""no break greater than 1 hour yesterday"" label on news accounts

the original chronically online doomposters",post,,,en,6,1,1,0,keyword search,2026-06-26T14:05:00.228985+00:00,no break greater than,False,en,2026-06-26T14:06:34.776511+00:00,ok,,,,,
924,https://bsky.app/profile/pussy.church/post/3m747zwf3p22b,at://did:plc:6ormzxhxfqwklajocwhc5run/app.bsky.feed.post/3m747zwf3p22b,bafyreidfbmh3coywlmi5drhobcfb7pjh3z7brao6khu52ywi3p5qgcsjzy,pussy.church,did:plc:6ormzxhxfqwklajocwhc5run,2025-12-03T19:48:40.675Z,Those are yellow flags for me. The red flags are “no break greater than X hours yesterday”,reply,at://did:plc:dzvxvsiy3maw4iarpvizsj67/app.bsky.feed.post/3m73ybochhk2p,at://did:plc:dzvxvsiy3maw4iarpvizsj67/app.bsky.feed.post/3m73ybochhk2p,en,2,0,0,0,keyword search,2026-06-26T14:05:00.228985+00:00,no break greater than,False,en,2026-06-26T14:06:34.776511+00:00,ok,,,,,
925,https://bsky.app/profile/akitten.online/post/3m6xn7zyvcc2u,at://did:plc:yj2pd3wzceorf3bcawceoqfk/app.bsky.feed.post/3m6xn7zyvcc2u,bafyreihmhrushfuapw4zcumfvtinyk5crdl4pwbuqgm4jn72wdwqqgvfl4,akitten.online,did:plc:yj2pd3wzceorf3bcawceoqfk,2025-12-02T00:01:25.750Z,“no break greater than 4 hours yesterday” ok ok just say you hate manic people 😠,post,,,en,7,1,1,0,keyword search,2026-06-26T14:05:00.228985+00:00,no break greater than,False,en,2026-06-26T14:06:34.776511+00:00,ok,,,,,
926,https://bsky.app/profile/succubus-supreme.bsky.social/post/3m6twhtatt223,at://did:plc:zlz3ajtpitqmoqp4sgs7nmrx/app.bsky.feed.post/3m6twhtatt223,bafyreibrbpbsh5qmzpnnn5jyna2udsvdu44v23daestygg7bk5b4bqhutq,succubus-supreme.bsky.social,did:plc:zlz3ajtpitqmoqp4sgs7nmrx,2025-11-30T12:36:11.828Z,"""No break greater than 4 hrs"" ""Over 100 posts""

Dude needs to touch grass",reply,at://did:plc:wngfo62lycjlgs2cpnhrpsug/app.bsky.feed.post/3m6rd2llhc22i,at://did:plc:2oby54vl23w3pkvf3aonionv/app.bsky.feed.post/3m6q6gockp223,en,2,0,0,0,keyword search,2026-06-26T14:05:00.228985+00:00,no break greater than,False,en,2026-06-26T14:06:34.776511+00:00,ok,,,,,
927,https://bsky.app/profile/heartpunk.bsky.social/post/3m6paeuvxw22l,at://did:plc:5clan7z4wsuvaffihedjv6fu/app.bsky.feed.post/3m6paeuvxw22l,bafyreifouebf4pzojm7rsfe26xt7ksq5qlr4ujlti76vs3ptarc5jdzihe,heartpunk.bsky.social,did:plc:5clan7z4wsuvaffihedjv6fu,2025-11-28T15:50:11.632Z,"oh fuck i got the “no break greater than four hours” label fuck shdjdhdhhdhd

i

that label lags so much tho????

i slept like 9h last night!!!!

i’m p sure i didn’t toilet post while peeing????",post,,,en,3,0,0,1,keyword search,2026-06-26T14:05:00.228985+00:00,no break greater than,False,en,2026-06-26T14:06:34.776511+00:00,ok,,,,,
928,https://bsky.app/profile/enginqueer.bsky.social/post/3m6lgavl3x227,at://did:plc:2oub6ha32nualqkawt4dtr54/app.bsky.feed.post/3m6lgavl3x227,bafyreietvpumxkidfs6rlmsqvubfuwfefxqruoomxnupdoagxp5aiwy7rq,enginqueer.bsky.social,did:plc:2oub6ha32nualqkawt4dtr54,2025-11-27T03:24:41.605Z,"""no break greater than 4hrs yesterday"" is crazy holy shit",reply,at://did:plc:l7buhragfpktqopl7wdojhi3/app.bsky.feed.post/3m6jftmq3nk27,at://did:plc:mpp2jwmxxt5qi5ziotwa2yjh/app.bsky.feed.post/3m6ht6ubrcs2k,en,8,0,2,0,keyword search,2026-06-26T14:05:00.228985+00:00,no break greater than,False,en,2026-06-26T14:06:34.776511+00:00,ok,,,,,
929,https://bsky.app/profile/pleu.bsky.social/post/3m6kdz5ajwc26,at://did:plc:bs3pls3mqadgsosoobdkivhl/app.bsky.feed.post/3m6kdz5ajwc26,bafyreigmdevwktimzkjzhybfhz2egb6vqe7duoq7tm3t6mxigagycg3gwe,pleu.bsky.social,did:plc:bs3pls3mqadgsosoobdkivhl,2025-11-26T17:11:53.990Z,"Jag menar det! Här om dagen hade han varningen för ""no break greater than 4hrs yesterday"", finns ju massa uppslag för ret på det tänker jag!",reply,at://did:plc:55yutqk3whtafjjmmtti2cw5/app.bsky.feed.post/3m6kdso2lps2r,at://did:plc:bs3pls3mqadgsosoobdkivhl/app.bsky.feed.post/3m6kcvvwdvk27,sv,3,0,1,0,keyword search,2026-06-26T14:05:00.228985+00:00,no break greater than,False,sv,2026-06-26T14:06:34.776511+00:00,ok,,,,,
930,https://bsky.app/profile/naes.tech/post/3m6bdfdkqlc2f,at://did:plc:5vosyksw3glpoo6dsxhpms7e/app.bsky.feed.post/3m6bdfdkqlc2f,bafyreiespzf2v4qibc4ys3rmomk6btk2mqxqyzb4rwidfqg772ha7lk4my,naes.tech,did:plc:5vosyksw3glpoo6dsxhpms7e,2025-11-23T03:06:51.881Z,"those ""posts a lot"" and ""no break greater than"" labels kicking some of y'all's asses bad",post,,,en,3,0,0,0,keyword search,2026-06-26T14:05:00.228985+00:00,no break greater than,False,en,2026-06-26T14:06:34.776511+00:00,ok,,,,,
931,https://bsky.app/profile/smams.bsky.social/post/3m645nmyi6c2k,at://did:plc:q2tsdqmkgspo2b6jvahjszwq/app.bsky.feed.post/3m645nmyi6c2k,bafyreid7y6nb5tsipptsrms2eixyq62or3vifxjus3vvo6fytcri67mnue,smams.bsky.social,did:plc:q2tsdqmkgspo2b6jvahjszwq,2025-11-21T01:40:49.061Z,Holy shit no break greater than 4 hrs this labeler is roasting your ass,reply,at://did:plc:d5n6bv3ioz4skhg6bv3w74rp/app.bsky.feed.post/3m645jty36k2m,at://did:plc:jknpvyhvmktuvakdczfpovd6/app.bsky.feed.post/3m645bh6dd22w,en,6,0,1,0,keyword search,2026-06-26T14:05:00.228985+00:00,no break greater than,False,en,2026-06-26T14:06:34.776511+00:00,ok,,,,,
932,https://bsky.app/profile/shuchancellor.bsky.social/post/3m62rbiy47c2h,at://did:plc:u2zjvwiyyiezc6hlxypomtj4/app.bsky.feed.post/3m62rbiy47c2h,bafyreigzb6ipazibfgozywtm6k6wr77ymf5gy6uegsmecbz7kz7bm76oci,shuchancellor.bsky.social,did:plc:u2zjvwiyyiezc6hlxypomtj4,2025-11-20T12:26:37.561Z,"Nah I have that tag too but he sometimes gets the ""no break greater than 4 hrs"" one which is real scary",reply,at://did:plc:mlqjloqcrai6vdmfndmtppjy/app.bsky.feed.post/3m62qfmjtx22s,at://did:plc:u2zjvwiyyiezc6hlxypomtj4/app.bsky.feed.post/3m62op5vzks2w,en,2,0,0,0,keyword search,2026-06-26T14:05:00.228985+00:00,no break greater than,False,en,2026-06-26T14:06:34.776511+00:00,ok,,,,,
933,https://bsky.app/profile/emiii.ca/post/3m5yooqa6ks2k,at://did:plc:nukbfbkofycorc7ger7umvyc/app.bsky.feed.post/3m5yooqa6ks2k,bafyreiharlp4ioghszctrwecwme7m4znbgv2yh7zbxrihnxwwkkvo2vimq,emiii.ca,did:plc:nukbfbkofycorc7ger7umvyc,2025-11-19T16:35:00.672Z,"""no break greater than 2 hours"" this might not be as real of a person as you might think",reply,at://did:plc:nukbfbkofycorc7ger7umvyc/app.bsky.feed.post/3m5yonbpxjc2k,at://did:plc:nukbfbkofycorc7ger7umvyc/app.bsky.feed.post/3m5yonbpxjc2k,en,0,0,0,0,keyword search,2026-06-26T14:05:00.228985+00:00,no break greater than,False,en,2026-06-26T14:06:34.776511+00:00,ok,,,,,
934,https://bsky.app/profile/hoi.tgirl.gay/post/3m5wkwfumrk25,at://did:plc:xxdcu7zzbkxlbdpzliwclyjg/app.bsky.feed.post/3m5wkwfumrk25,bafyreidntbmwhwfglgptuh4tipopvpbsidzcnq3s6pnm5xtfs2m5t3vlne,hoi.tgirl.gay,did:plc:xxdcu7zzbkxlbdpzliwclyjg,2025-11-18T20:22:23.555Z,"there’s also like 2 that just label active accounts, (not in that thread) like “no break greater than 1h”",reply,at://did:plc:xxdcu7zzbkxlbdpzliwclyjg/app.bsky.feed.post/3m5wkwfn5jc25,at://did:plc:7jkuj5zvxd6wf4fhwrfgsuvr/app.bsky.feed.post/3m5pdglchjk2a,en,0,0,1,0,keyword search,2026-06-26T14:05:00.228985+00:00,no break greater than,False,en,2026-06-26T14:06:34.776511+00:00,ok,,,,,
935,https://bsky.app/profile/timprice.bsky.social/post/3m5ub47ef3k2j,at://did:plc:dpd5ebag7fdclhh77xqgbtel/app.bsky.feed.post/3m5ub47ef3k2j,bafyreia37i2kjhfrupfpq2vwqwgjgxkuvjq65upaecvtubc5c4fj6li3y4,timprice.bsky.social,did:plc:dpd5ebag7fdclhh77xqgbtel,2025-11-17T22:21:21.406Z,Yeah “No break greater than 4 hours” is the one that worries me. You’re posting at times only Br*tish people are awake? Is everything okay at home?,reply,at://did:plc:2qaei67lcm32xvmmhgaza4de/app.bsky.feed.post/3m5uasdjrxc2j,at://did:plc:2q5bmos7izvoe4phqdnslpj7/app.bsky.feed.post/3m5u7mp7r5s2w,en,6,1,2,0,keyword search,2026-06-26T14:05:00.228985+00:00,no break greater than,False,en,2026-06-26T14:06:34.776511+00:00,ok,,,,,
936,https://bsky.app/profile/elviereads.bsky.social/post/3m5uasdjrxc2j,at://did:plc:2qaei67lcm32xvmmhgaza4de/app.bsky.feed.post/3m5uasdjrxc2j,bafyreih3xtm7scf23hdlt2bvje4pz5vtu72pz6n2ajnxmm34afrc576q5e,elviereads.bsky.social,did:plc:2qaei67lcm32xvmmhgaza4de,2025-11-17T22:15:50.234Z,"my personal favorite is ""no break greater than X hrs yesterday."" turns out some real actual people are out here poasting through the night",reply,at://did:plc:2qaei67lcm32xvmmhgaza4de/app.bsky.feed.post/3m5uaqfrom22j,at://did:plc:2q5bmos7izvoe4phqdnslpj7/app.bsky.feed.post/3m5u7mp7r5s2w,en,4,0,1,0,keyword search,2026-06-26T14:05:00.228985+00:00,no break greater than,False,en,2026-06-26T14:06:34.776511+00:00,ok,,,,,
937,https://bsky.app/profile/giurlioni.ispost.ing/post/3m5ds5wz6ok2y,at://did:plc:tl6nd2oggkel4lmxie5sp4i3/app.bsky.feed.post/3m5ds5wz6ok2y,bafyreif6qe5224kitbwzc4u34oj6qcmumbxddijy64v3tifs4fblldttsu,giurlioni.ispost.ing,did:plc:tl6nd2oggkel4lmxie5sp4i3,2025-11-11T09:11:17.818Z,'no break greater than 4 hours' pegue minha bunda insoniaca,post,,,pt,0,0,1,0,keyword search,2026-06-26T14:05:00.228985+00:00,no break greater than,False,en,2026-06-26T14:06:34.776511+00:00,ok,,,,,
938,https://bsky.app/profile/landbeforetim.myatproto.social/post/3m5cpooaduc2v,at://did:plc:w2ju7wvppfs4ogf3rimgre34/app.bsky.feed.post/3m5cpooaduc2v,bafyreiams2gijj6s2tcaxbrdq53h2p2oqfbwc7idoxo37evuxknochsupu,landbeforetim.myatproto.social,did:plc:w2ju7wvppfs4ogf3rimgre34,2025-11-10T22:54:18.077Z,"Posts more than 50 times a day: oh okay. That’s not so bad since that only requires talking to the mutuals or getting a lot of comments you’re replying to

Posts more than 100 times a day: ohhhh you got extra rancid yesterday didn’t you 

No break greater than 4 hrs: Ohhhh you’re a discourse demon",reply,at://did:plc:rzkeuwdhuycdmx6dtuzewcx7/app.bsky.feed.post/3m5coefi75s2d,at://did:plc:rzkeuwdhuycdmx6dtuzewcx7/app.bsky.feed.post/3m5coefi75s2d,en,1,0,0,0,keyword search,2026-06-26T14:05:00.228985+00:00,no break greater than,False,en,2026-06-26T14:06:34.776511+00:00,ok,,,,,
939,https://bsky.app/profile/babyshoes4cash.com/post/3m5c7egpvzc2x,at://did:plc:3pcnghkif2l2bf3g3hx5spsu/app.bsky.feed.post/3m5c7egpvzc2x,bafyreieetjuaro77g73nghi2hpopvttawsylswsr7nlueecodlkn3npdpq,babyshoes4cash.com,did:plc:3pcnghkif2l2bf3g3hx5spsu,2025-11-10T18:02:14.785Z,"the thing that tells you that some people automate some posts -or- have horrific sleep hygiene, the labeler that says 'no break greater than 4hrs yesterday', is interesting

it mostly shows on accounts that make sense (news orgs) but sometimes it's a more personal-seeming account",post,,,en,14,0,1,0,keyword search,2026-06-26T14:05:00.228985+00:00,no break greater than,False,en,2026-06-26T14:06:34.776511+00:00,ok,,,,,
940,https://bsky.app/profile/trunksahoy.bsky.social/post/3m55h7zvysk2o,at://did:plc:rmmavi4fr5gnubhyzon7h4jo/app.bsky.feed.post/3m55h7zvysk2o,bafyreic3osib4gkflbffj67o6mrd4vfmygyavzhgq73jrse676ahog6ife,trunksahoy.bsky.social,did:plc:rmmavi4fr5gnubhyzon7h4jo,2025-11-08T20:39:38.377Z,"this is incredible.

the first three accounts I found labeled as “no break greater than 4 hrs” had “OG khive” in their bios",quote,,,en,3,0,0,0,keyword search,2026-06-26T14:05:00.228985+00:00,no break greater than,False,en,2026-06-26T14:06:34.776511+00:00,ok,,,,,
941,https://bsky.app/profile/vgboxartdaily.bsky.social/post/3m4tbnp3v722s,at://did:plc:oqobzgkyn7kuiarr7rihwe7v/app.bsky.feed.post/3m4tbnp3v722s,bafyreidlooippnyakh7pnciyeaz7gqjpar7fhtttfvdca3lnm4h7w6mnqy,vgboxartdaily.bsky.social,did:plc:oqobzgkyn7kuiarr7rihwe7v,2025-11-04T19:33:16.965Z,"“no break greater than 4 hrs yesterday”

i see how it is then",quote,,,en,26,0,0,0,keyword search,2026-06-26T14:05:00.228985+00:00,no break greater than,False,en,2026-06-26T14:06:34.776511+00:00,ok,,,,,
942,https://bsky.app/profile/idlerat.bsky.social/post/3m4svauzj322w,at://did:plc:wf5ya7ytpcl6jecqfes4flfq/app.bsky.feed.post/3m4svauzj322w,bafyreidcp4r32p56igk56pu4bity7nzxuwmvch7me2iequ5mt2l3uh5ogq,idlerat.bsky.social,did:plc:wf5ya7ytpcl6jecqfes4flfq,2025-11-04T15:51:22.069Z,have you blocked me C? (no break greater than 2/4 hours),reply,at://did:plc:azmtxn5rh5yi2dhhcwfn64fh/app.bsky.feed.post/3m4sumvbdp223,at://did:plc:azmtxn5rh5yi2dhhcwfn64fh/app.bsky.feed.post/3m4sumvbdp223,en,1,0,1,0,keyword search,2026-06-26T14:05:00.228985+00:00,no break greater than,False,en,2026-06-26T14:06:34.776511+00:00,ok,,,,,
943,https://bsky.app/profile/orpach.neocities.org/post/3m4rkp4lgns22,at://did:plc:bfp7n6e2rpr3yo7gpqdr2tfw/app.bsky.feed.post/3m4rkp4lgns22,bafyreifzcxcn4nzhalfolb2s3ffmn7k5ws7tutfemwl6tc5evwfg6bthhy,orpach.neocities.org,did:plc:bfp7n6e2rpr3yo7gpqdr2tfw,2025-11-04T03:09:48.860Z,"I like the ""...or a person that does not sleep much."" disclaimer on the ""No break greater than X hrs yesterday"" label.

Definitely seen some people in that category with it already.",reply,at://did:plc:jrtgsidnmxaen4offglr5lsh/app.bsky.feed.post/3m4qxe2zamc2i,at://did:plc:jrtgsidnmxaen4offglr5lsh/app.bsky.feed.post/3m4qxe2zamc2i,en,1,0,0,0,keyword search,2026-06-26T14:05:00.228985+00:00,no break greater than,False,en,2026-06-26T14:06:34.776511+00:00,ok,,,,,
944,https://bsky.app/profile/orpach.neocities.org/post/3m4ndxpnwlc25,at://did:plc:bfp7n6e2rpr3yo7gpqdr2tfw/app.bsky.feed.post/3m4ndxpnwlc25,bafyreiaiyoziemyr3q7sxh7tmlrne5lzliaysf432uujph35iiu5577iq4,orpach.neocities.org,did:plc:bfp7n6e2rpr3yo7gpqdr2tfw,2025-11-02T10:58:42.153Z,"The ""or a person that does not sleep much."" at the end of the ""No break greater than"" labels are a funny disclaimer.

I've seen a few that definitely applies to.",reply,at://did:plc:5wm25vgenhgut3iqfjf4ozj5/app.bsky.feed.post/3m4lspmnnec2r,at://did:plc:uyqnubfj3qlho6psy6uvvt6u/app.bsky.feed.post/3m4lsbkpqws2i,en,2,0,1,0,keyword search,2026-06-26T14:05:00.228985+00:00,no break greater than,False,en,2026-06-26T14:06:34.776511+00:00,ok,,,,,
945,https://bsky.app/profile/thelasttheorist.bsky.social/post/3m4mj2k2na22m,at://did:plc:jkegq3qyumxzjobgjeos7sy7/app.bsky.feed.post/3m4mj2k2na22m,bafyreibtlaclqnhygibuepy4jk3nlwgre2q6lf6j3wqo3vbeh7auotopfa,thelasttheorist.bsky.social,did:plc:jkegq3qyumxzjobgjeos7sy7,2025-11-02T02:57:05.912Z,"Terrified to see if i get ""no break greater than 1 hour""",reply,at://did:plc:n7xsqoc7ztdsmfuvfmtndp52/app.bsky.feed.post/3m4misxlk7k23,at://did:plc:qrt5rykojeg5sbsajbu4zdke/app.bsky.feed.post/3m4miocz5lk2b,en,4,0,0,0,keyword search,2026-06-26T14:05:00.228985+00:00,no break greater than,False,en,2026-06-26T14:06:34.776511+00:00,ok,,,,,
946,https://bsky.app/profile/surfdude29.ispost.ing/post/3m4lqmcanzs2o,at://did:plc:sflxm2fxohaqpfgahgdlm7rl/app.bsky.feed.post/3m4lqmcanzs2o,bafyreieqnlfw5zh7lddwx2eb6ep4b2trnts5dmmteffoxfbjzf3juxkn5m,surfdude29.ispost.ing,did:plc:sflxm2fxohaqpfgahgdlm7rl,2025-11-01T19:39:38.156Z,"I've mainly seen the ""posts a lot"" and profile changes ones so far

and I saw the ""no break greater than"" on a couple of accounts, which confirmed my suspicions that they were bots 🤖🧐",reply,at://did:plc:h4z2z77u2dqenxrvt47i7kta/app.bsky.feed.post/3m4lqdrysqc2q,at://did:plc:sflxm2fxohaqpfgahgdlm7rl/app.bsky.feed.post/3m4ke6lw5nm24,en,1,0,0,0,keyword search,2026-06-26T14:05:00.228985+00:00,no break greater than,False,en,2026-06-26T14:06:34.776511+00:00,ok,,,,,
947,https://bsky.app/profile/refrag.bsky.social/post/3m4gzgaf7pc2c,at://did:plc:5i7qv6sq3azq3i3yzqicf6iz/app.bsky.feed.post/3m4gzgaf7pc2c,bafyreidzdd6w6jucsxvvwiy6efjdxmbvtv3puunt3d5flresp7yojf55ra,refrag.bsky.social,did:plc:5i7qv6sq3azq3i3yzqicf6iz,2025-10-30T22:33:59.866Z,"I'm probably never going to get of this unless I log off for a weekend, but I hope I never earn ""No break greater than 4 hrs yesterday""",quote,,,en,6,0,1,0,keyword search,2026-06-26T14:05:00.228985+00:00,no break greater than,False,en,2026-06-26T14:06:34.776511+00:00,ok,,,,,
948,https://bsky.app/profile/outofmemory.bsky.social/post/3m4gridlczc2j,at://did:plc:wuz3olgumxz6wm27lk3gwsvw/app.bsky.feed.post/3m4gridlczc2j,bafyreibtv7xqhetgoxpiyetar4x74l65t6xgaeqluf37l4rvtfzk3c6tqq,outofmemory.bsky.social,did:plc:wuz3olgumxz6wm27lk3gwsvw,2025-10-30T20:12:00.386Z,"HFS there are at least 3 versions of this, all of which would tend to indicate ""terminally online and/or bot"":

No break greater than 2 hrs yesterday
This account has posted without meaningful breaks in the last 24 hours, with no gap between posts that was longer than 2 hours.",reply,at://did:plc:z3uh6dme22hydm4loftjktaj/app.bsky.feed.post/3m4gm6a3cic2s,at://did:plc:z3uh6dme22hydm4loftjktaj/app.bsky.feed.post/3m4gm6a3cic2s,en,1,0,0,0,keyword search,2026-06-26T14:05:00.228985+00:00,no break greater than,False,en,2026-06-26T14:06:34.776511+00:00,ok,,,,,
949,https://bsky.app/profile/ilikeyoshi.bsky.social/post/3mdmtbbf7ls2b,at://did:plc:e4skjdht5yqo44ncvz2gf7yj/app.bsky.feed.post/3mdmtbbf7ls2b,bafyreieuzycdjlvvrlo4kunjxcgnjomzvxvitlk7kgexuep7iizjnvnnhq,ilikeyoshi.bsky.social,did:plc:e4skjdht5yqo44ncvz2gf7yj,2026-01-30T07:56:10.516Z,"i subscribed to a labeller thats run by a couple ppl doing i think some kinda research mainly for bot activity or ""botlike"" activity and it labels accounts based on things like ""posted more than x times yesterday"" or ""changed profile more than x times this month"" and originally i downloaded it",post,,,en,1,0,1,0,keyword search,2026-06-26T14:05:00.228985+00:00,changed profile more than,False,en,2026-06-26T14:06:34.776511+00:00,ok,,,,,
950,https://bsky.app/profile/nhwharfrat.bsky.social/post/3mcna7wh5wk26,at://did:plc:zmc4rweglr2u7ytspfj2pb3n/app.bsky.feed.post/3mcna7wh5wk26,bafyreigrdscoqnz4vh2xqsbitvrggl3llckverkvnnziqbiisumxg7wzlq,nhwharfrat.bsky.social,did:plc:zmc4rweglr2u7ytspfj2pb3n,2026-01-17T18:22:52.507Z,"""changed profile more than five times in twenty-four hours""

would you give money to someone who did that?",quote,,,en,7,1,0,0,keyword search,2026-06-26T14:05:00.228985+00:00,changed profile more than,False,en,2026-06-26T14:06:34.776511+00:00,ok,,,,,
951,https://bsky.app/profile/frogjail.bsky.social/post/3mnx3u7qcy22a,at://did:plc:grln4joagljby7hvjxyqlowl/app.bsky.feed.post/3mnx3u7qcy22a,bafyreifl44hm5sp22yadq5dewkufn3lg35soe6vvtbcf6quvle2s77ds5e,frogjail.bsky.social,did:plc:grln4joagljby7hvjxyqlowl,2026-06-10T16:08:29.913Z,"one more day til i lose my ""profile changes often"" label lol. i'm sorry for being indecisive about my banner!!!!",post,,,en,2,0,1,0,keyword search,2026-06-26T14:05:00.228985+00:00,Profile Changes Often,False,en,2026-06-26T14:06:34.776511+00:00,ok,,,,,
952,https://bsky.app/profile/benrs.uk/post/3mnunx364ak2d,at://did:plc:ux7yyukepnzctrzqukhupnyk/app.bsky.feed.post/3mnunx364ak2d,bafyreigsxatrrjs7dzscapt5py7bzwtxlnnwgwufvrijk2pw6qiatdxmmi,benrs.uk,did:plc:ux7yyukepnzctrzqukhupnyk,2026-06-09T16:54:13.923Z,hello ant profile changes often: more than 3 days in last 30 days,reply,at://did:plc:4uqzdijb5ndnhttyak2xk6hc/app.bsky.feed.post/3mnumpbfx2c2d,at://did:plc:4uqzdijb5ndnhttyak2xk6hc/app.bsky.feed.post/3mnumpbfx2c2d,en,0,0,0,0,keyword search,2026-06-26T14:05:00.228985+00:00,Profile Changes Often,False,en,2026-06-26T14:06:34.776511+00:00,ok,,,,,
953,https://bsky.app/profile/deviltriggered.bsky.social/post/3mjkvogaeb22n,at://did:plc:qq5yty7o6w7pe3i323h342ja/app.bsky.feed.post/3mjkvogaeb22n,bafyreicqkaxpsm6brsnt6om72kbxizkfo4cggvcka76gr4puzwwg7h5ljq,deviltriggered.bsky.social,did:plc:qq5yty7o6w7pe3i323h342ja,2026-04-15T22:05:09.581Z,JAJAAJ PROFILE CHANGES OFTEN. LLORO.,reply,at://did:plc:xi5fue7aroswhihjzhaybart/app.bsky.feed.post/3mjkvf7mvkc2g,at://did:plc:xi5fue7aroswhihjzhaybart/app.bsky.feed.post/3mjkvf7mvkc2g,en,1,0,1,0,keyword search,2026-06-26T14:05:00.228985+00:00,Profile Changes Often,False,pt,2026-06-26T14:06:34.776511+00:00,ok,,,,,
954,https://bsky.app/profile/localragdoll.bsky.social/post/3mihqbui3uk25,at://did:plc:gyfqroiizgeez2lr3osymuux/app.bsky.feed.post/3mihqbui3uk25,bafyreigscillt7gtutfdybzoazyc66qwr32ogogq4btzz5r3aarnfr457u,localragdoll.bsky.social,did:plc:gyfqroiizgeez2lr3osymuux,2026-04-01T22:25:28.755Z,"""profile changes often"" FUCK YOU LABELER GOD FORBID IM INDECISIVE AND LIKE TO HAVE FUN SOMETIMES /lh /silly",reply,at://did:plc:63mmosqkw2jcy4tedh5k4zck/app.bsky.feed.post/3mihpntqtes2w,at://did:plc:63mmosqkw2jcy4tedh5k4zck/app.bsky.feed.post/3mihpntqtes2w,en,1,0,1,0,keyword search,2026-06-26T14:05:00.228985+00:00,Profile Changes Often,False,en,2026-06-26T14:06:34.776511+00:00,ok,,,,,
955,https://bsky.app/profile/hatulimyafim.bsky.social/post/3mi4sn66nys2p,at://did:plc:7do666wck4jijte2xofvwobl/app.bsky.feed.post/3mi4sn66nys2p,bafyreih5wndadflnub5j6ngqrzr53vr2tnjk5bkcfsiwk3uiz26v66zqr4,hatulimyafim.bsky.social,did:plc:7do666wck4jijte2xofvwobl,2026-03-28T14:08:18.392Z,"""profile changes often, more than 3 times in the last 30 days"" look I've cycled through like 27 careers in the last 30 days it's called reinventing myself, and I don't think I should get a label of shame placed on me for it.",post,,,en,3,0,1,0,keyword search,2026-06-26T14:05:00.228985+00:00,Profile Changes Often,False,en,2026-06-26T14:06:34.776511+00:00,ok,,,,,
956,https://bsky.app/profile/octopodeeznuts.bsky.social/post/3mcte6nqoq22y,at://did:plc:ge2nr2g7ldib6sm5kweqvin3/app.bsky.feed.post/3mcte6nqoq22y,bafyreia46mhq6lahjisposbov6slg27a4nljf3n5pye5eprbg6xoibvkmq,octopodeeznuts.bsky.social,did:plc:ge2nr2g7ldib6sm5kweqvin3,2026-01-20T04:49:43.007Z,"like the full set of ""profile changes often"" ones for people who automate their profile picture, bots that never take breaks, a ton of people always have the toxic and/or 20+ blocks labels, a handful of people with recent handle changes",reply,at://did:plc:ge2nr2g7ldib6sm5kweqvin3/app.bsky.feed.post/3mcte6njyuc2y,at://did:plc:ge2nr2g7ldib6sm5kweqvin3/app.bsky.feed.post/3mctcwkvxok2y,en,4,0,2,0,keyword search,2026-06-26T14:05:00.228985+00:00,Profile Changes Often,False,en,2026-06-26T14:06:34.776511+00:00,ok,,,,,
957,https://bsky.app/profile/critterofcreatures.bsky.social/post/3mcidj7iqys2p,at://did:plc:f7ojqbmlokyzrbw7finklqha/app.bsky.feed.post/3mcidj7iqys2p,bafyreigjzkwib63i3q3mp7wcwqil7immjo4nzihlra6iljdwezf3o27nfe,critterofcreatures.bsky.social,did:plc:f7ojqbmlokyzrbw7finklqha,2026-01-15T19:38:26.517Z,"changed profile 5+ times 🗣️🔥🔥🔥
profile changes often: more than 3 in last 30 days
posts a lot: more than 50 times yesterday 🔥🔥🔥🔥🔥",reply,at://did:plc:ormnautzhde2rcgkmo77d6bs/app.bsky.feed.post/3mciddaied22k,at://did:plc:ormnautzhde2rcgkmo77d6bs/app.bsky.feed.post/3mciddaied22k,en,1,0,1,0,keyword search,2026-06-26T14:05:00.228985+00:00,Profile Changes Often,False,en,2026-06-26T14:06:34.776511+00:00,ok,,,,,
958,https://bsky.app/profile/sk8tie.bsky.social/post/3mbyrfrm7322k,at://did:plc:r5wfqowcynorym5ijkuyhy3v/app.bsky.feed.post/3mbyrfrm7322k,bafyreidbyfa4b7rog2cyehs44xqbegwuwpsmpkq6e5qrvixcde44jqnnme,sk8tie.bsky.social,did:plc:r5wfqowcynorym5ijkuyhy3v,2026-01-09T15:04:27.861Z,"""profile changes often"" I had a birthday 😭😭😭",reply,at://did:plc:r5wfqowcynorym5ijkuyhy3v/app.bsky.feed.post/3mbyreivngk2k,at://did:plc:r5wfqowcynorym5ijkuyhy3v/app.bsky.feed.post/3mbyni6sn322k,en,0,0,1,0,keyword search,2026-06-26T14:05:00.228985+00:00,Profile Changes Often,False,en,2026-06-26T14:06:34.776511+00:00,ok,,,,,
959,https://bsky.app/profile/gayfamicom.lol/post/3m7pekn64m22g,at://did:web:gayfamicom.lol/app.bsky.feed.post/3m7pekn64m22g,bafyreigjyz2yzki2nenttferp45uut6zlaqp62fwdv7iluidnksr2ol5ja,gayfamicom.lol,did:web:gayfamicom.lol,2025-12-11T10:30:11.428Z,profile changes often label appeared on my profile Oops,post,,,en,1,0,0,0,keyword search,2026-06-26T14:05:00.228985+00:00,Profile Changes Often,False,en,2026-06-26T14:06:34.776511+00:00,ok,,,,,
960,https://bsky.app/profile/bmasterad.bsky.social/post/3mjkeree2c22e,at://did:plc:ir4yypoc4jxayrsservoqey6/app.bsky.feed.post/3mjkeree2c22e,bafyreiamw2th36jpbm7aphev5xjyvkmlnsaqeloi5ifkzjrc4xyf2igccu,bmasterad.bsky.social,did:plc:ir4yypoc4jxayrsservoqey6,2026-04-15T17:02:34.657Z,"I wish there was a way to limit who follows. 
Follower bots seem to be EXTREEMLY eager to spam for any host of reasons, but one that is picking up are cases of ""mass follow"" has labels ""unfollowed 100+ yesterday""

Bluesky's big thing is customization (allegedly) why not allow us spam filter options?",post,,,en,5,0,1,0,keyword search,2026-06-26T14:05:00.228985+00:00,unfollowed 100+ yesterday,False,en,2026-06-26T14:06:34.776511+00:00,ok,,,,,
961,https://bsky.app/profile/booternextdoor.bsky.social/post/3mec67nvrzk2f,at://did:plc:h7lpckberugprwy3qpu3tch5/app.bsky.feed.post/3mec67nvrzk2f,bafyreidtdk75wc2egp6dpt4fmhjzutklabmfrk5pxs5ebomle2htjsbsba,booternextdoor.bsky.social,did:plc:h7lpckberugprwy3qpu3tch5,2026-02-07T19:38:02.187Z,Unfollowed 100+ yesterday 😭😭,reply,at://did:plc:arwnl5qnlvn7neuqrv2ut4c3/app.bsky.feed.post/3mebvn5kkak24,at://did:plc:arwnl5qnlvn7neuqrv2ut4c3/app.bsky.feed.post/3mebvn5kkak24,en,3,0,1,0,keyword search,2026-06-26T14:05:00.228985+00:00,unfollowed 100+ yesterday,True,en,2026-06-26T14:06:34.776511+00:00,ok,,,,,
962,https://bsky.app/profile/cheatlines.co/post/3mbn7ditnbs2p,at://did:plc:r335dcuzq7ta2fmsb2gk4dgn/app.bsky.feed.post/3mbn7ditnbs2p,bafyreidsnr3fniedzuc7ygmvl73pxjhulkihp234dfilmruenkv3nmxodm,cheatlines.co,did:plc:r335dcuzq7ta2fmsb2gk4dgn,2026-01-05T00:41:47.084Z,"The ""unfollowed 100+ yesterday"" label is telling some poignant tales",post,,,en,19,0,0,0,keyword search,2026-06-26T14:05:00.228985+00:00,unfollowed 100+ yesterday,False,en,2026-06-26T14:06:34.776511+00:00,ok,,,,,
963,https://bsky.app/profile/eldritch.beauty/post/3m5eozjofc22p,at://did:plc:pqgx4asloys3v7caheovzm42/app.bsky.feed.post/3m5eozjofc22p,bafyreidroik6bguhll4dvc57etdv2dshjtgcl7q4jtgcqiugfqgsxmcqbm,eldritch.beauty,did:plc:pqgx4asloys3v7caheovzm42,2025-11-11T17:47:48.127Z,"saw my first “unfollowed 100+ yesterday” label in the wild, “khive forever” in bio lol",post,,,"en,zh",5,0,0,0,keyword search,2026-06-26T14:05:00.228985+00:00,unfollowed 100+ yesterday,False,en,2026-06-26T14:06:34.776511+00:00,ok,,,,,
964,https://bsky.app/profile/sleep.church/post/3moh5nyie6k2g,at://did:plc:aobkgz6khzavtdmd5ng3ilme/app.bsky.feed.post/3moh5nyie6k2g,bafyreihtdskqihxsaleqhw6m2mwponaifcx7digs4uyq7766uysxc5jxfe,sleep.church,did:plc:aobkgz6khzavtdmd5ng3ilme,2026-06-17T01:23:24.282Z,"my favorite is when they have the “unfollowed 100+ in the past day” tag, really just going around doing that weird follow/unfollow thing to try and get you to follow them",reply,at://did:plc:ylw4lo5guiineg4j2ngodfjq/app.bsky.feed.post/3moh4pbztxc2h,at://did:plc:ylw4lo5guiineg4j2ngodfjq/app.bsky.feed.post/3moh4pbztxc2h,en,1,0,1,0,keyword search,2026-06-26T14:05:00.228985+00:00,unfollowed 100+ in the past day,False,en,2026-06-26T14:06:34.776511+00:00,ok,,,,,
965,https://bsky.app/profile/pinballswizard.com/post/3mnpooribo2je,at://did:plc:6k2sdh77cmeoaryw4qsjsdzx/app.bsky.feed.post/3mnpooribo2je,bafyreifoejeqvp25huvszjhwj6matha4ft53hzespb5kk7mzp56j7todty,pinballswizard.com,did:plc:6k2sdh77cmeoaryw4qsjsdzx,2026-06-07T17:24:10.000Z,"i set up using this labeler and now seeing ""unfollowed 1000+ last month"" and ""unfollowed 500+ yesterday"" it's probably just that in this case too, yeah |3

bsky.app/profile/did:plc:…",reply,at://did:plc:eol7jkanbumhmhpoe2oana3b/app.bsky.feed.post/3mnpojez6dk2s,at://did:plc:6k2sdh77cmeoaryw4qsjsdzx/app.bsky.feed.post/3mnpoeczckchu,en,1,0,0,0,keyword search,2026-06-26T14:05:00.228985+00:00,unfollowed 500+ yesterday,False,en,2026-06-26T14:06:34.776511+00:00,ok,,,,,
966,https://bsky.app/profile/wysticlipse.art/post/3mm45dpyms22w,at://did:plc:l6uabazjem2n2i3gasazsoeh/app.bsky.feed.post/3mm45dpyms22w,bafyreigkp4sehzm6k7ehyzgeg5ltmo2eqzpyqnjmfaagq33tuh2natduze,wysticlipse.art,did:plc:l6uabazjem2n2i3gasazsoeh,2026-05-18T05:27:59.457Z,"idk how cool your art is if your profile reads as x.xk followers and xx.xk following and the statistics labeler reads as ""unfollowed 500+ yesterday"" you are not getting a follow back from me. try to engage normally with other artists instead of just mass-following for engagement.",post,,,en,22,4,0,0,keyword search,2026-06-26T14:05:00.228985+00:00,unfollowed 500+ yesterday,False,en,2026-06-26T14:06:34.776511+00:00,ok,,,,,
967,https://bsky.app/profile/aessae.net/post/3mkb7j3645k2p,at://did:plc:e54or5dqukl3h66q3ngy4bi3/app.bsky.feed.post/3mkb7j3645k2p,bafyreigks5oq7hqthi5jn4k22qlpscffx3mq2uvtuygbuphsv3b56wjylm,aessae.net,did:plc:e54or5dqukl3h66q3ngy4bi3,2026-04-24T18:59:41.863Z,"""[User] followed you.""
Following 84k accounts, has labels ""Platform Abuse & Manipulation"", ""Unfollowed 500+ yesterday"" and ""Unfollowed 1000+ in the last month""

Easiest report & block imaginable.",post,,,en,1,0,0,0,keyword search,2026-06-26T14:05:00.228985+00:00,unfollowed 500+ yesterday,False,en,2026-06-26T14:06:34.776511+00:00,ok,,,,,
968,https://bsky.app/profile/thisguy.wantsa.beer/post/3matd3epqcs2q,at://did:plc:ezw2ntwny2d3mcae45us66uz/app.bsky.feed.post/3matd3epqcs2q,bafyreihrnaz3nvpubxxmwkhr3nmlqyhetpviwzaiwjuunqe73ilkgl33au,thisguy.wantsa.beer,did:plc:ezw2ntwny2d3mcae45us66uz,2025-12-25T17:39:36.069Z,Unfollowed 500+ yesterday LMAO,reply,at://did:plc:n2jsmusnh3jt6nokd5dcloe6/app.bsky.feed.post/3matcluxe5s2c,at://did:plc:n2jsmusnh3jt6nokd5dcloe6/app.bsky.feed.post/3matcluxe5s2c,en,8,0,0,0,keyword search,2026-06-26T14:05:00.228985+00:00,unfollowed 500+ yesterday,True,en,2026-06-26T14:06:34.776511+00:00,ok,,,,,
969,https://bsky.app/profile/egall.bsky.social/post/3majuwa6pp22u,at://did:plc:o56qmbc5xf5gnrlhm3ozhgpk/app.bsky.feed.post/3majuwa6pp22u,bafyreihryxcg4qjpwidbdsusdgo2d53xfaut3ye5cmitjkok5n5kccxzbi,egall.bsky.social,did:plc:o56qmbc5xf5gnrlhm3ozhgpk,2025-12-21T23:32:13.540Z,"The ""Unfollowed 500+ yesterday"" one, for instance, is a pretty good indicator of follow-farming: bsky.app/profile/egal...",reply,at://did:plc:o56qmbc5xf5gnrlhm3ozhgpk/app.bsky.feed.post/3majusrkljc2u,at://did:plc:o56qmbc5xf5gnrlhm3ozhgpk/app.bsky.feed.post/3m6t54eovz22m,en,0,0,0,0,keyword search,2026-06-26T14:05:00.228985+00:00,unfollowed 500+ yesterday,False,en,2026-06-26T14:06:34.776511+00:00,ok,,,,,
970,https://bsky.app/profile/mattkeeter.com/post/3m7uo3nr6ek2q,at://did:plc:sgqw2zixdcjtjjhrm4bw64ny/app.bsky.feed.post/3m7uo3nr6ek2q,bafyreialfl75r2doipkeztejawfjhojgn6u6vxmkhj3snqwag2iw4iqena,mattkeeter.com,did:plc:sgqw2zixdcjtjjhrm4bw64ny,2025-12-13T13:04:04.842Z,Hi Rob! Why do you have an “unfollowed 500+ yesterday” label?,reply,at://did:plc:hzsisqukga6zz646ouxadpvg/app.bsky.feed.post/3m743azgkwk25,at://did:plc:hzsisqukga6zz646ouxadpvg/app.bsky.feed.post/3m743azgkwk25,en,0,0,1,0,keyword search,2026-06-26T14:05:00.228985+00:00,unfollowed 500+ yesterday,True,en,2026-06-26T14:06:34.776511+00:00,ok,,,,,
971,https://bsky.app/profile/mythrilcuir.bsky.social/post/3mf5bewp5es2z,at://did:plc:hkmwbxsbewufmafpzym2kxr5/app.bsky.feed.post/3mf5bewp5es2z,bafyreierhelmonelrzbekmckqmuulvkzqhnce6a5rzkby2xlbvlbvlkjxy,mythrilcuir.bsky.social,did:plc:hkmwbxsbewufmafpzym2kxr5,2026-02-18T14:16:33.352Z,Posted the same URL 5+ times yesterday,reply,at://did:plc:2lprdca6fdxjja3o3ykqujly/app.bsky.feed.post/3mf4mcdovoc2a,at://did:plc:2lprdca6fdxjja3o3ykqujly/app.bsky.feed.post/3mf4mcdovoc2a,en,0,0,0,0,keyword search,2026-06-26T14:05:00.228985+00:00,posted the same url,False,en,2026-06-26T14:06:34.776511+00:00,ok,,,,,
972,https://bsky.app/profile/anthony.parts/post/3mez6d7o7pk2v,at://did:plc:u5fqbuuork5fgcces74nep55/app.bsky.feed.post/3mez6d7o7pk2v,bafyreih3c2umh2w6ceo7zgncumkjfz4oqy5wfp3xjqhtlsnrqcpz5udkja,anthony.parts,did:plc:u5fqbuuork5fgcces74nep55,2026-02-16T23:11:15.470Z,"I figure it's like how there's that ""posted the same url 50+ times yesterday"" labeler that needed to exist because the automated spam detection doesn't want to flag those",reply,at://did:plc:jnswl5635ubljpzhoqqdysj7/app.bsky.feed.post/3mez5z5s65k2k,at://did:plc:jnswl5635ubljpzhoqqdysj7/app.bsky.feed.post/3mez5h7ha6c2w,en,0,0,0,0,keyword search,2026-06-26T14:05:00.228985+00:00,posted the same url,False,en,2026-06-26T14:06:34.776511+00:00,ok,,,,,
973,https://bsky.app/profile/punishedsadiston.bsky.social/post/3mcuqpitksc2q,at://did:plc:t2modzvwmhhpubw4wtd2k5fj/app.bsky.feed.post/3mcuqpitksc2q,bafyreib42zagaunelvt33oxy2hwjsvvwe5sz3kyw2ldsg2o4iy5w5yiwgu,punishedsadiston.bsky.social,did:plc:t2modzvwmhhpubw4wtd2k5fj,2026-01-20T18:06:33.141Z,The “posted the same url 15+ times yesterday” badge reveal some unhinged behavior on here,quote,,,en,2,0,0,0,keyword search,2026-06-26T14:05:00.228985+00:00,posted the same url,False,en,2026-06-26T14:06:34.776511+00:00,ok,,,,,
974,https://bsky.app/profile/comixminx.bsky.social/post/3m7k33xsiwc2z,at://did:plc:tfwlvv6dto5ikh2253jcxrls/app.bsky.feed.post/3m7k33xsiwc2z,bafyreifeyhfy7b7p5z3flbxgto7bp2fi3gyz23w25je6dokq7n6jrormyi,comixminx.bsky.social,did:plc:tfwlvv6dto5ikh2253jcxrls,2025-12-09T07:57:36.902Z,Also flagged with ‘posted the same URL 10+ times recently’ - one track pony. Instablock for me.,reply,at://did:plc:tcmny44il37v7sppxsdemnm3/app.bsky.feed.post/3m7jyzzrnwk23,at://did:plc:43ku4dc2gtcryj3hdf465ang/app.bsky.feed.post/3m7g3ged7dk2y,en,1,0,1,0,keyword search,2026-06-26T14:05:00.228985+00:00,posted the same url,False,en,2026-06-26T14:06:34.776511+00:00,ok,,,,,
975,https://bsky.app/profile/colophon.bsky.social/post/3m7avvuswe22k,at://did:plc:wsn4r2btwz56ewgtxn5mdiw6/app.bsky.feed.post/3m7avvuswe22k,bafyreigirodr3wwqhtld7hdje6fwdfu2ewss4w7pzmwfbly3vdu5r4j22a,colophon.bsky.social,did:plc:wsn4r2btwz56ewgtxn5mdiw6,2025-12-05T16:30:46.089Z,"""Posted the same url 5+ times yesterday"" is sending me",reply,at://did:plc:zj5kfeu2vgl6t4jokjjroszo/app.bsky.feed.post/3m7asuncumk2n,at://did:plc:aey6tdyzfrw5w6o6xwx7njiy/app.bsky.feed.post/3m7afsxx5u22d,en,6,0,0,0,keyword search,2026-06-26T14:05:00.228985+00:00,posted the same url,False,en,2026-06-26T14:06:34.776511+00:00,ok,,,,,
976,https://bsky.app/profile/rahaeli.bsky.social/post/3m7a2rykmfs2f,at://did:plc:ocsbmyulc2grbq3esflddyj6/app.bsky.feed.post/3m7a2rykmfs2f,bafyreigdxn445ilvdj2da77gnz3bzrcpj2e744bwdq35yrooshyslvrp5e,rahaeli.bsky.social,did:plc:ocsbmyulc2grbq3esflddyj6,2025-12-05T08:25:24.764Z,"Yeah, I have the 50+ and 100+ labels off, but the profile changes and the ""posted the same URL"" ones are really useful",reply,at://did:plc:y3ziw3m5vt6vcnfumlfjyuwp/app.bsky.feed.post/3m77yi4xwtk2q,at://did:plc:ocsbmyulc2grbq3esflddyj6/app.bsky.feed.post/3m76fybwh7k2f,en,2,0,0,0,keyword search,2026-06-26T14:05:00.228985+00:00,posted the same url,False,en,2026-06-26T14:06:34.776511+00:00,ok,,,,,
977,https://bsky.app/profile/pacifismenjoyer.bsky.social/post/3m5fn4asr422y,at://did:plc:xsr6ilpky6wl7ejgg5snjzaq/app.bsky.feed.post/3m5fn4asr422y,bafyreibj26bmqk4xhc3uengbprbd5zo6djyfkufhgif5sspqj3fof677ji,pacifismenjoyer.bsky.social,did:plc:xsr6ilpky6wl7ejgg5snjzaq,2025-11-12T02:46:11.749Z,"I think that particular label probably has too much noise to be useful to me but I'm really appreciating the ones like, ""posted the same url...""",reply,at://did:plc:kephk4q6v6gbppbduvvq776m/app.bsky.feed.post/3m5flghv3mc22,at://did:plc:kephk4q6v6gbppbduvvq776m/app.bsky.feed.post/3m5flghv3mc22,en,1,0,0,0,keyword search,2026-06-26T14:05:00.228985+00:00,posted the same url,False,en,2026-06-26T14:06:34.776511+00:00,ok,,,,,
